[INFO] Scanning for projects...
[INFO] 
[INFO] ------------------------< com.casavida:backend >------------------------
[INFO] Building backend 0.0.1-SNAPSHOT
[INFO]   from pom.xml
[INFO] --------------------------------[ jar ]---------------------------------
[INFO] 
[INFO] >>> spring-boot:2.7.18:run (default-cli) > test-compile @ backend >>>
[INFO] 
[INFO] --- resources:3.2.0:resources (default-resources) @ backend ---
[INFO] Using 'UTF-8' encoding to copy filtered resources.
[INFO] Using 'UTF-8' encoding to copy filtered properties files.
[INFO] Copying 1 resource
[INFO] Copying 1 resource
[INFO] 
[INFO] --- compiler:3.13.0:compile (default-compile) @ backend ---
[INFO] Recompiling the module because of changed source code.
[INFO] Compiling 65 source files with javac [debug parameters target 11] to target/classes
[INFO] 
[INFO] --- resources:3.2.0:testResources (default-testResources) @ backend ---
[INFO] Using 'UTF-8' encoding to copy filtered resources.
[INFO] Using 'UTF-8' encoding to copy filtered properties files.
[INFO] skip non existing resourceDirectory /Users/franivan/Documents/ProyectosWeb/CasaVida/backend/src/test/resources
[INFO] 
[INFO] --- compiler:3.13.0:testCompile (default-testCompile) @ backend ---
[INFO] No sources to compile
[INFO] 
[INFO] <<< spring-boot:2.7.18:run (default-cli) < test-compile @ backend <<<
[INFO] 
[INFO] 
[INFO] --- spring-boot:2.7.18:run (default-cli) @ backend ---
[INFO] Attaching agents: []

  .   ____          _            __ _ _
 /\\ / ___'_ __ _ _(_)_ __  __ _ \ \ \ \
( ( )\___ | '_ | '_| | '_ \/ _` | \ \ \ \
 \\/  ___)| |_)| | | | | || (_| |  ) ) ) )
  '  |____| .__|_| |_|_| |_\__, | / / / /
 =========|_|==============|___/=/_/_/_/
 :: Spring Boot ::               (v2.7.18)

2026-02-20 17:37:07.135  INFO 8472 --- [           main] com.casavida.backend.BackendApplication  : Starting BackendApplication using Java 11.0.17 on Frans-MacBook-Air.local with PID 8472 (/Users/franivan/Documents/ProyectosWeb/CasaVida/backend/target/classes started by franivan in /Users/franivan/Documents/ProyectosWeb/CasaVida/backend)
2026-02-20 17:37:07.140  INFO 8472 --- [           main] com.casavida.backend.BackendApplication  : No active profile set, falling back to 1 default profile: "default"
2026-02-20 17:37:09.068  INFO 8472 --- [           main] .s.d.r.c.RepositoryConfigurationDelegate : Bootstrapping Spring Data JPA repositories in DEFAULT mode.
2026-02-20 17:37:09.322  INFO 8472 --- [           main] .s.d.r.c.RepositoryConfigurationDelegate : Finished Spring Data repository scanning in 232 ms. Found 11 JPA repository interfaces.
2026-02-20 17:37:10.962  INFO 8472 --- [           main] o.s.b.w.embedded.tomcat.TomcatWebServer  : Tomcat initialized with port(s): 8080 (http)
2026-02-20 17:37:10.985  INFO 8472 --- [           main] o.apache.catalina.core.StandardService   : Starting service [Tomcat]
2026-02-20 17:37:10.985  INFO 8472 --- [           main] org.apache.catalina.core.StandardEngine  : Starting Servlet engine: [Apache Tomcat/9.0.83]
2026-02-20 17:37:11.171  INFO 8472 --- [           main] o.a.c.c.C.[Tomcat].[localhost].[/]       : Initializing Spring embedded WebApplicationContext
2026-02-20 17:37:11.172  INFO 8472 --- [           main] w.s.c.ServletWebServerApplicationContext : Root WebApplicationContext: initialization completed in 3908 ms
2026-02-20 17:37:11.432  INFO 8472 --- [           main] o.hibernate.jpa.internal.util.LogHelper  : HHH000204: Processing PersistenceUnitInfo [name: default]
2026-02-20 17:37:11.587  INFO 8472 --- [           main] org.hibernate.Version                    : HHH000412: Hibernate ORM core version 5.6.15.Final
2026-02-20 17:37:12.001  INFO 8472 --- [           main] o.hibernate.annotations.common.Version   : HCANN000001: Hibernate Commons Annotations {5.1.2.Final}
2026-02-20 17:37:12.254  INFO 8472 --- [           main] com.zaxxer.hikari.HikariDataSource       : HikariPool-1 - Starting...
2026-02-20 17:37:12.593  INFO 8472 --- [           main] com.zaxxer.hikari.HikariDataSource       : HikariPool-1 - Start completed.
2026-02-20 17:37:12.642  INFO 8472 --- [           main] org.hibernate.dialect.Dialect            : HHH000400: Using dialect: org.hibernate.dialect.H2Dialect
2026-02-20 17:37:14.383 DEBUG 8472 --- [           main] org.hibernate.SQL                        : drop table if exists actions CASCADE 
Hibernate: drop table if exists actions CASCADE 
2026-02-20 17:37:14.392 DEBUG 8472 --- [           main] org.hibernate.SQL                        : drop table if exists clientes CASCADE 
Hibernate: drop table if exists clientes CASCADE 
2026-02-20 17:37:14.392 DEBUG 8472 --- [           main] org.hibernate.SQL                        : drop table if exists components CASCADE 
Hibernate: drop table if exists components CASCADE 
2026-02-20 17:37:14.392 DEBUG 8472 --- [           main] org.hibernate.SQL                        : drop table if exists contratos CASCADE 
Hibernate: drop table if exists contratos CASCADE 
2026-02-20 17:37:14.392 DEBUG 8472 --- [           main] org.hibernate.SQL                        : drop table if exists fraccionamientos CASCADE 
Hibernate: drop table if exists fraccionamientos CASCADE 
2026-02-20 17:37:14.393 DEBUG 8472 --- [           main] org.hibernate.SQL                        : drop table if exists leads CASCADE 
Hibernate: drop table if exists leads CASCADE 
2026-02-20 17:37:14.393 DEBUG 8472 --- [           main] org.hibernate.SQL                        : drop table if exists lote_imagenes CASCADE 
Hibernate: drop table if exists lote_imagenes CASCADE 
2026-02-20 17:37:14.393 DEBUG 8472 --- [           main] org.hibernate.SQL                        : drop table if exists lotes CASCADE 
Hibernate: drop table if exists lotes CASCADE 
2026-02-20 17:37:14.394 DEBUG 8472 --- [           main] org.hibernate.SQL                        : drop table if exists modules CASCADE 
Hibernate: drop table if exists modules CASCADE 
2026-02-20 17:37:14.394 DEBUG 8472 --- [           main] org.hibernate.SQL                        : drop table if exists opportunities CASCADE 
Hibernate: drop table if exists opportunities CASCADE 
2026-02-20 17:37:14.394 DEBUG 8472 --- [           main] org.hibernate.SQL                        : drop table if exists pagos CASCADE 
Hibernate: drop table if exists pagos CASCADE 
2026-02-20 17:37:14.395 DEBUG 8472 --- [           main] org.hibernate.SQL                        : drop table if exists permissions CASCADE 
Hibernate: drop table if exists permissions CASCADE 
2026-02-20 17:37:14.395 DEBUG 8472 --- [           main] org.hibernate.SQL                        : drop table if exists role_permissions CASCADE 
Hibernate: drop table if exists role_permissions CASCADE 
2026-02-20 17:37:14.395 DEBUG 8472 --- [           main] org.hibernate.SQL                        : drop table if exists roles CASCADE 
Hibernate: drop table if exists roles CASCADE 
2026-02-20 17:37:14.395 DEBUG 8472 --- [           main] org.hibernate.SQL                        : drop table if exists user_roles CASCADE 
Hibernate: drop table if exists user_roles CASCADE 
2026-02-20 17:37:14.396 DEBUG 8472 --- [           main] org.hibernate.SQL                        : drop table if exists users CASCADE 
Hibernate: drop table if exists users CASCADE 
2026-02-20 17:37:14.401 DEBUG 8472 --- [           main] org.hibernate.SQL                        : create table actions (id bigint generated by default as identity, created_at timestamp not null, description TEXT, display_name varchar(50) not null, name varchar(50) not null, primary key (id))
Hibernate: create table actions (id bigint generated by default as identity, created_at timestamp not null, description TEXT, display_name varchar(50) not null, name varchar(50) not null, primary key (id))
2026-02-20 17:37:14.418 DEBUG 8472 --- [           main] org.hibernate.SQL                        : create table clientes (id bigint generated by default as identity, apellidos varchar(255) not null, direccion varchar(255), email varchar(255) not null, fecha_registro timestamp, ine varchar(255), nombre varchar(255) not null, telefono varchar(255) not null, primary key (id))
Hibernate: create table clientes (id bigint generated by default as identity, apellidos varchar(255) not null, direccion varchar(255), email varchar(255) not null, fecha_registro timestamp, ine varchar(255), nombre varchar(255) not null, telefono varchar(255) not null, primary key (id))
2026-02-20 17:37:14.420 DEBUG 8472 --- [           main] org.hibernate.SQL                        : create table components (id bigint generated by default as identity, active boolean not null, created_at timestamp not null, description TEXT, display_name varchar(100) not null, display_order integer, name varchar(100) not null, route varchar(255), updated_at timestamp, module_id bigint not null, primary key (id))
Hibernate: create table components (id bigint generated by default as identity, active boolean not null, created_at timestamp not null, description TEXT, display_name varchar(100) not null, display_order integer, name varchar(100) not null, route varchar(255), updated_at timestamp, module_id bigint not null, primary key (id))
2026-02-20 17:37:14.422 DEBUG 8472 --- [           main] org.hibernate.SQL                        : create table contratos (id bigint generated by default as identity, enganche numeric(19,2), estatus varchar(255), fecha_contrato date, mensualidad numeric(19,2), monto_total numeric(19,2), plazo_meses integer, tasa_interes_anual double, cliente_id bigint not null, lote_id bigint not null, vendedor_id bigint, primary key (id))
Hibernate: create table contratos (id bigint generated by default as identity, enganche numeric(19,2), estatus varchar(255), fecha_contrato date, mensualidad numeric(19,2), monto_total numeric(19,2), plazo_meses integer, tasa_interes_anual double, cliente_id bigint not null, lote_id bigint not null, vendedor_id bigint, primary key (id))
2026-02-20 17:37:14.424 DEBUG 8472 --- [           main] org.hibernate.SQL                        : create table fraccionamientos (id bigint generated by default as identity, coordenadas_geo TEXT, descripcion varchar(255), logo_url varchar(255), nombre varchar(255) not null, poligono_delimitador TEXT, ubicacion varchar(255), primary key (id))
Hibernate: create table fraccionamientos (id bigint generated by default as identity, coordenadas_geo TEXT, descripcion varchar(255), logo_url varchar(255), nombre varchar(255) not null, poligono_delimitador TEXT, ubicacion varchar(255), primary key (id))
2026-02-20 17:37:14.426 DEBUG 8472 --- [           main] org.hibernate.SQL                        : create table leads (id bigint generated by default as identity, email varchar(255), fecha_registro timestamp, mensaje TEXT, nombre varchar(255) not null, source varchar(255), status varchar(255), telefono varchar(255), primary key (id))
Hibernate: create table leads (id bigint generated by default as identity, email varchar(255), fecha_registro timestamp, mensaje TEXT, nombre varchar(255) not null, source varchar(255), status varchar(255), telefono varchar(255), primary key (id))
2026-02-20 17:37:14.428 DEBUG 8472 --- [           main] org.hibernate.SQL                        : create table lote_imagenes (lote_id bigint not null, imagen_url varchar(255))
Hibernate: create table lote_imagenes (lote_id bigint not null, imagen_url varchar(255))
2026-02-20 17:37:14.429 DEBUG 8472 --- [           main] org.hibernate.SQL                        : create table lotes (id bigint generated by default as identity, area_metros_cuadrados double not null, coordenadas_geo TEXT, descripcion varchar(255), estatus varchar(20), imagen_url varchar(255), manzana varchar(255) not null, notas TEXT, numero_lote varchar(255) not null, plano_coordinates TEXT, precio_total numeric(19,2) not null, fraccionamiento_id bigint, primary key (id))
Hibernate: create table lotes (id bigint generated by default as identity, area_metros_cuadrados double not null, coordenadas_geo TEXT, descripcion varchar(255), estatus varchar(20), imagen_url varchar(255), manzana varchar(255) not null, notas TEXT, numero_lote varchar(255) not null, plano_coordinates TEXT, precio_total numeric(19,2) not null, fraccionamiento_id bigint, primary key (id))
2026-02-20 17:37:14.431 DEBUG 8472 --- [           main] org.hibernate.SQL                        : create table modules (id bigint generated by default as identity, active boolean not null, created_at timestamp not null, description TEXT, display_name varchar(100) not null, display_order integer, icon varchar(50), name varchar(100) not null, updated_at timestamp, primary key (id))
Hibernate: create table modules (id bigint generated by default as identity, active boolean not null, created_at timestamp not null, description TEXT, display_name varchar(100) not null, display_order integer, icon varchar(50), name varchar(100) not null, updated_at timestamp, primary key (id))
2026-02-20 17:37:14.432 DEBUG 8472 --- [           main] org.hibernate.SQL                        : create table opportunities (id bigint generated by default as identity, fecha_cierre_estimada date, monto_estimado numeric(19,2), notas TEXT, status varchar(255), lead_id bigint, lote_id bigint, primary key (id))
Hibernate: create table opportunities (id bigint generated by default as identity, fecha_cierre_estimada date, monto_estimado numeric(19,2), notas TEXT, status varchar(255), lead_id bigint, lote_id bigint, primary key (id))
2026-02-20 17:37:14.434 DEBUG 8472 --- [           main] org.hibernate.SQL                        : create table pagos (id bigint generated by default as identity, comprobante blob, comprobante_content_type varchar(255), concepto varchar(255), estatus varchar(255), fecha_pago date, fecha_validacion timestamp, metodo_pago varchar(255), monto numeric(19,2), referencia varchar(255), validado boolean, validado_por varchar(255), contrato_id bigint not null, primary key (id))
Hibernate: create table pagos (id bigint generated by default as identity, comprobante blob, comprobante_content_type varchar(255), concepto varchar(255), estatus varchar(255), fecha_pago date, fecha_validacion timestamp, metodo_pago varchar(255), monto numeric(19,2), referencia varchar(255), validado boolean, validado_por varchar(255), contrato_id bigint not null, primary key (id))
2026-02-20 17:37:14.436 DEBUG 8472 --- [           main] org.hibernate.SQL                        : create table permissions (id bigint generated by default as identity, active boolean not null, created_at timestamp not null, description TEXT, permission_key varchar(255) not null, updated_at timestamp, action_id bigint not null, component_id bigint, module_id bigint not null, primary key (id))
Hibernate: create table permissions (id bigint generated by default as identity, active boolean not null, created_at timestamp not null, description TEXT, permission_key varchar(255) not null, updated_at timestamp, action_id bigint not null, component_id bigint, module_id bigint not null, primary key (id))
2026-02-20 17:37:14.438 DEBUG 8472 --- [           main] org.hibernate.SQL                        : create table role_permissions (id bigint generated by default as identity, granted_at timestamp, granted_by varchar(255), permission_id bigint not null, role_id integer not null, primary key (id))
Hibernate: create table role_permissions (id bigint generated by default as identity, granted_at timestamp, granted_by varchar(255), permission_id bigint not null, role_id integer not null, primary key (id))
2026-02-20 17:37:14.440 DEBUG 8472 --- [           main] org.hibernate.SQL                        : create table roles (id integer generated by default as identity, name varchar(20), primary key (id))
Hibernate: create table roles (id integer generated by default as identity, name varchar(20), primary key (id))
2026-02-20 17:37:14.442 DEBUG 8472 --- [           main] org.hibernate.SQL                        : create table user_roles (user_id bigint not null, role_id integer not null, primary key (user_id, role_id))
Hibernate: create table user_roles (user_id bigint not null, role_id integer not null, primary key (user_id, role_id))
2026-02-20 17:37:14.447 DEBUG 8472 --- [           main] org.hibernate.SQL                        : create table users (id bigint generated by default as identity, created_at timestamp, email varchar(255) not null, password varchar(255) not null, username varchar(255) not null, primary key (id))
Hibernate: create table users (id bigint generated by default as identity, created_at timestamp, email varchar(255) not null, password varchar(255) not null, username varchar(255) not null, primary key (id))
2026-02-20 17:37:14.450 DEBUG 8472 --- [           main] org.hibernate.SQL                        : alter table actions add constraint UK_oe93gku1sb0in93ahwynjt5in unique (name)
Hibernate: alter table actions add constraint UK_oe93gku1sb0in93ahwynjt5in unique (name)
2026-02-20 17:37:14.451 DEBUG 8472 --- [           main] org.hibernate.SQL                        : alter table clientes add constraint UK_1c96wv36rk2hwui7qhjks3mvg unique (email)
Hibernate: alter table clientes add constraint UK_1c96wv36rk2hwui7qhjks3mvg unique (email)
2026-02-20 17:37:14.454 DEBUG 8472 --- [           main] org.hibernate.SQL                        : alter table modules add constraint UK_n5ng23nwasusfsyqk68hx5a05 unique (name)
Hibernate: alter table modules add constraint UK_n5ng23nwasusfsyqk68hx5a05 unique (name)
2026-02-20 17:37:14.455 DEBUG 8472 --- [           main] org.hibernate.SQL                        : alter table permissions add constraint UK_h1ss8mmscopr690vkcj25uj9a unique (permission_key)
Hibernate: alter table permissions add constraint UK_h1ss8mmscopr690vkcj25uj9a unique (permission_key)
2026-02-20 17:37:14.457 DEBUG 8472 --- [           main] org.hibernate.SQL                        : alter table users add constraint UK_6dotkott2kjsp8vw4d0m25fb7 unique (email)
Hibernate: alter table users add constraint UK_6dotkott2kjsp8vw4d0m25fb7 unique (email)
2026-02-20 17:37:14.458 DEBUG 8472 --- [           main] org.hibernate.SQL                        : alter table users add constraint UK_r43af9ap4edm43mmtq01oddj6 unique (username)
Hibernate: alter table users add constraint UK_r43af9ap4edm43mmtq01oddj6 unique (username)
2026-02-20 17:37:14.460 DEBUG 8472 --- [           main] org.hibernate.SQL                        : alter table components add constraint FKfdu4k43qdtk5qdu5tkmoiarqf foreign key (module_id) references modules
Hibernate: alter table components add constraint FKfdu4k43qdtk5qdu5tkmoiarqf foreign key (module_id) references modules
2026-02-20 17:37:14.500 DEBUG 8472 --- [           main] org.hibernate.SQL                        : alter table contratos add constraint FK1pllgg7q558aedufre3y4pewp foreign key (cliente_id) references clientes
Hibernate: alter table contratos add constraint FK1pllgg7q558aedufre3y4pewp foreign key (cliente_id) references clientes
2026-02-20 17:37:14.502 DEBUG 8472 --- [           main] org.hibernate.SQL                        : alter table contratos add constraint FKsm4a6vibva184u8f9td65vmna foreign key (lote_id) references lotes
Hibernate: alter table contratos add constraint FKsm4a6vibva184u8f9td65vmna foreign key (lote_id) references lotes
2026-02-20 17:37:14.504 DEBUG 8472 --- [           main] org.hibernate.SQL                        : alter table contratos add constraint FK7emve2vf3wgjecp31a7oax1yp foreign key (vendedor_id) references users
Hibernate: alter table contratos add constraint FK7emve2vf3wgjecp31a7oax1yp foreign key (vendedor_id) references users
2026-02-20 17:37:14.506 DEBUG 8472 --- [           main] org.hibernate.SQL                        : alter table lote_imagenes add constraint FKn84vq5ciyk753qptvrwnp939d foreign key (lote_id) references lotes
Hibernate: alter table lote_imagenes add constraint FKn84vq5ciyk753qptvrwnp939d foreign key (lote_id) references lotes
2026-02-20 17:37:14.508 DEBUG 8472 --- [           main] org.hibernate.SQL                        : alter table lotes add constraint FK91j3e4ckqbk885kyoq7f3wuco foreign key (fraccionamiento_id) references fraccionamientos
Hibernate: alter table lotes add constraint FK91j3e4ckqbk885kyoq7f3wuco foreign key (fraccionamiento_id) references fraccionamientos
2026-02-20 17:37:14.509 DEBUG 8472 --- [           main] org.hibernate.SQL                        : alter table opportunities add constraint FK6541yivnfwu29r63jefd6lsdq foreign key (lead_id) references leads
Hibernate: alter table opportunities add constraint FK6541yivnfwu29r63jefd6lsdq foreign key (lead_id) references leads
2026-02-20 17:37:14.512 DEBUG 8472 --- [           main] org.hibernate.SQL                        : alter table opportunities add constraint FKrkyrr7yqv9smyj1prphtex48m foreign key (lote_id) references lotes
Hibernate: alter table opportunities add constraint FKrkyrr7yqv9smyj1prphtex48m foreign key (lote_id) references lotes
2026-02-20 17:37:14.513 DEBUG 8472 --- [           main] org.hibernate.SQL                        : alter table pagos add constraint FKfsgbuky3qe4emfg7adfd4md2l foreign key (contrato_id) references contratos
Hibernate: alter table pagos add constraint FKfsgbuky3qe4emfg7adfd4md2l foreign key (contrato_id) references contratos
2026-02-20 17:37:14.515 DEBUG 8472 --- [           main] org.hibernate.SQL                        : alter table permissions add constraint FKql5yu3r5kbeww3liqu42u6r84 foreign key (action_id) references actions
Hibernate: alter table permissions add constraint FKql5yu3r5kbeww3liqu42u6r84 foreign key (action_id) references actions
2026-02-20 17:37:14.517 DEBUG 8472 --- [           main] org.hibernate.SQL                        : alter table permissions add constraint FK96aqqbttbigk4ht2odwpj83sx foreign key (component_id) references components
Hibernate: alter table permissions add constraint FK96aqqbttbigk4ht2odwpj83sx foreign key (component_id) references components
2026-02-20 17:37:14.519 DEBUG 8472 --- [           main] org.hibernate.SQL                        : alter table permissions add constraint FK22lamcef3kykumk5rwjiv4x5u foreign key (module_id) references modules
Hibernate: alter table permissions add constraint FK22lamcef3kykumk5rwjiv4x5u foreign key (module_id) references modules
2026-02-20 17:37:14.521 DEBUG 8472 --- [           main] org.hibernate.SQL                        : alter table role_permissions add constraint FKegdk29eiy7mdtefy5c7eirr6e foreign key (permission_id) references permissions
Hibernate: alter table role_permissions add constraint FKegdk29eiy7mdtefy5c7eirr6e foreign key (permission_id) references permissions
2026-02-20 17:37:14.523 DEBUG 8472 --- [           main] org.hibernate.SQL                        : alter table role_permissions add constraint FKn5fotdgk8d1xvo8nav9uv3muc foreign key (role_id) references roles
Hibernate: alter table role_permissions add constraint FKn5fotdgk8d1xvo8nav9uv3muc foreign key (role_id) references roles
2026-02-20 17:37:14.525 DEBUG 8472 --- [           main] org.hibernate.SQL                        : alter table user_roles add constraint FKh8ciramu9cc9q3qcqiv4ue8a6 foreign key (role_id) references roles
Hibernate: alter table user_roles add constraint FKh8ciramu9cc9q3qcqiv4ue8a6 foreign key (role_id) references roles
2026-02-20 17:37:14.526 DEBUG 8472 --- [           main] org.hibernate.SQL                        : alter table user_roles add constraint FKhfh9dx7w3ubf1co1vdev94g3f foreign key (user_id) references users
Hibernate: alter table user_roles add constraint FKhfh9dx7w3ubf1co1vdev94g3f foreign key (user_id) references users
2026-02-20 17:37:14.535  INFO 8472 --- [           main] o.h.e.t.j.p.i.JtaPlatformInitiator       : HHH000490: Using JtaPlatform implementation: [org.hibernate.engine.transaction.jta.platform.internal.NoJtaPlatform]
2026-02-20 17:37:14.563  INFO 8472 --- [           main] j.LocalContainerEntityManagerFactoryBean : Initialized JPA EntityManagerFactory for persistence unit 'default'
2026-02-20 17:37:16.000  INFO 8472 --- [           main] o.s.b.a.h2.H2ConsoleAutoConfiguration    : H2 console available at '/h2-console'. Database available at 'jdbc:h2:mem:casavida_db'
2026-02-20 17:37:16.125 DEBUG 8472 --- [           main] o.springframework.web.filter.CorsFilter  : Filter 'corsFilter' configured for use
--- FraccionamientoController INSTANTIATED ---
--- LoteController INSTANTIATED ---
2026-02-20 17:37:18.174  WARN 8472 --- [           main] JpaBaseConfiguration$JpaWebConfiguration : spring.jpa.open-in-view is enabled by default. Therefore, database queries may be performed during view rendering. Explicitly configure spring.jpa.open-in-view to disable this warning
2026-02-20 17:37:18.456 DEBUG 8472 --- [           main] s.w.s.m.m.a.RequestMappingHandlerMapping : 56 mappings in 'requestMappingHandlerMapping'
2026-02-20 17:37:19.480 DEBUG 8472 --- [           main] o.s.w.s.handler.SimpleUrlHandlerMapping  : Patterns [/webjars/**, /**, /swagger-ui*/*swagger-initializer.js, /swagger-ui*/**] in 'resourceHandlerMapping'
2026-02-20 17:37:19.524  INFO 8472 --- [           main] o.s.s.web.DefaultSecurityFilterChain     : Will secure any request with [org.springframework.security.web.session.DisableEncodeUrlFilter@1f05d08c, org.springframework.security.web.context.request.async.WebAsyncManagerIntegrationFilter@2c6d442d, org.springframework.security.web.context.SecurityContextPersistenceFilter@67aaf882, org.springframework.security.web.header.HeaderWriterFilter@5a88849, org.springframework.web.filter.CorsFilter@71842e18, org.springframework.security.web.authentication.logout.LogoutFilter@51bc649e, com.casavida.backend.security.jwt.AuthTokenFilter@14e83c9d, org.springframework.security.web.savedrequest.RequestCacheAwareFilter@294bb6ae, org.springframework.security.web.servletapi.SecurityContextHolderAwareRequestFilter@4172c967, org.springframework.security.web.authentication.AnonymousAuthenticationFilter@227c0cf7, org.springframework.security.web.session.SessionManagementFilter@6bec566e, org.springframework.security.web.access.ExceptionTranslationFilter@6e7cb01a, org.springframework.security.web.access.intercept.FilterSecurityInterceptor@574134ba]
2026-02-20 17:37:19.734 DEBUG 8472 --- [           main] s.w.s.m.m.a.RequestMappingHandlerAdapter : ControllerAdvice beans: 0 @ModelAttribute, 0 @InitBinder, 1 RequestBodyAdvice, 1 ResponseBodyAdvice
2026-02-20 17:37:20.033 DEBUG 8472 --- [           main] .m.m.a.ExceptionHandlerExceptionResolver : ControllerAdvice beans: 1 @ExceptionHandler, 1 ResponseBodyAdvice
2026-02-20 17:37:20.956 DEBUG 8472 --- [           main] o.s.jdbc.datasource.init.ScriptUtils     : Executing SQL script from class path resource [data.sql]
2026-02-20 17:37:20.984 DEBUG 8472 --- [           main] o.s.jdbc.datasource.init.ScriptUtils     : 1 returned as update count for SQL: INSERT INTO roles (id, name) VALUES (1, 'ROLE_USER')
2026-02-20 17:37:20.984 DEBUG 8472 --- [           main] o.s.jdbc.datasource.init.ScriptUtils     : 1 returned as update count for SQL: INSERT INTO roles (id, name) VALUES (2, 'ROLE_ADMIN')
2026-02-20 17:37:20.985 DEBUG 8472 --- [           main] o.s.jdbc.datasource.init.ScriptUtils     : 1 returned as update count for SQL: INSERT INTO roles (id, name) VALUES (3, 'ROLE_VENDEDOR')
2026-02-20 17:37:20.985 DEBUG 8472 --- [           main] o.s.jdbc.datasource.init.ScriptUtils     : 1 returned as update count for SQL: INSERT INTO roles (id, name) VALUES (4, 'ROLE_RECEPCION')
2026-02-20 17:37:20.986 DEBUG 8472 --- [           main] o.s.jdbc.datasource.init.ScriptUtils     : 1 returned as update count for SQL: INSERT INTO roles (id, name) VALUES (5, 'ROLE_CONTABILIDAD')
2026-02-20 17:37:20.991 DEBUG 8472 --- [           main] o.s.jdbc.datasource.init.ScriptUtils     : 1 returned as update count for SQL: INSERT INTO roles (id, name) VALUES (6, 'ROLE_DIRECTIVO')
2026-02-20 17:37:21.031 DEBUG 8472 --- [           main] o.s.jdbc.datasource.init.ScriptUtils     : 1 returned as update count for SQL: INSERT INTO users (id, username, email, password) VALUES (1, 'admin', 'admin@test.com', '$2a$10$qbVHd72aWuXZTIrAm75aIud8plhMfJKbdps00KbjmqDrniX4bcpou')
2026-02-20 17:37:21.033 DEBUG 8472 --- [           main] o.s.jdbc.datasource.init.ScriptUtils     : 1 returned as update count for SQL: INSERT INTO users (id, username, email, password) VALUES (2, 'vendedor', 'vendedor@test.com', '$2a$10$qbVHd72aWuXZTIrAm75aIud8plhMfJKbdps00KbjmqDrniX4bcpou')
2026-02-20 17:37:21.034 DEBUG 8472 --- [           main] o.s.jdbc.datasource.init.ScriptUtils     : 1 returned as update count for SQL: INSERT INTO users (id, username, email, password) VALUES (3, 'recepcion', 'recepcion@test.com', '$2a$10$qbVHd72aWuXZTIrAm75aIud8plhMfJKbdps00KbjmqDrniX4bcpou')
2026-02-20 17:37:21.037 DEBUG 8472 --- [           main] o.s.jdbc.datasource.init.ScriptUtils     : 1 returned as update count for SQL: INSERT INTO users (id, username, email, password) VALUES (4, 'Admin_Test', 'admin_test@test.com', '$2a$10$qbVHd72aWuXZTIrAm75aIud8plhMfJKbdps00KbjmqDrniX4bcpou')
2026-02-20 17:37:21.038 DEBUG 8472 --- [           main] o.s.jdbc.datasource.init.ScriptUtils     : 1 returned as update count for SQL: INSERT INTO users (id, username, email, password) VALUES (5, 'contabilidad', 'contabilidad@test.com', '$2a$10$qbVHd72aWuXZTIrAm75aIud8plhMfJKbdps00KbjmqDrniX4bcpou')
2026-02-20 17:37:21.039 DEBUG 8472 --- [           main] o.s.jdbc.datasource.init.ScriptUtils     : 1 returned as update count for SQL: INSERT INTO users (id, username, email, password) VALUES (6, 'directivo', 'directivo@test.com', '$2a$10$qbVHd72aWuXZTIrAm75aIud8plhMfJKbdps00KbjmqDrniX4bcpou')
2026-02-20 17:37:21.040 DEBUG 8472 --- [           main] o.s.jdbc.datasource.init.ScriptUtils     : 1 returned as update count for SQL: INSERT INTO users (id, username, email, password) VALUES (7, 'cliente', 'cliente@test.com', '$2a$10$qbVHd72aWuXZTIrAm75aIud8plhMfJKbdps00KbjmqDrniX4bcpou')
2026-02-20 17:37:21.043 DEBUG 8472 --- [           main] o.s.jdbc.datasource.init.ScriptUtils     : 1 returned as update count for SQL: INSERT INTO user_roles (user_id, role_id) VALUES (1, 2)
2026-02-20 17:37:21.044 DEBUG 8472 --- [           main] o.s.jdbc.datasource.init.ScriptUtils     : 1 returned as update count for SQL: INSERT INTO user_roles (user_id, role_id) VALUES (2, 3)
2026-02-20 17:37:21.044 DEBUG 8472 --- [           main] o.s.jdbc.datasource.init.ScriptUtils     : 1 returned as update count for SQL: INSERT INTO user_roles (user_id, role_id) VALUES (3, 4)
2026-02-20 17:37:21.045 DEBUG 8472 --- [           main] o.s.jdbc.datasource.init.ScriptUtils     : 1 returned as update count for SQL: INSERT INTO user_roles (user_id, role_id) VALUES (4, 2)
2026-02-20 17:37:21.046 DEBUG 8472 --- [           main] o.s.jdbc.datasource.init.ScriptUtils     : 1 returned as update count for SQL: INSERT INTO user_roles (user_id, role_id) VALUES (5, 5)
2026-02-20 17:37:21.047 DEBUG 8472 --- [           main] o.s.jdbc.datasource.init.ScriptUtils     : 1 returned as update count for SQL: INSERT INTO user_roles (user_id, role_id) VALUES (6, 6)
2026-02-20 17:37:21.048 DEBUG 8472 --- [           main] o.s.jdbc.datasource.init.ScriptUtils     : 1 returned as update count for SQL: INSERT INTO user_roles (user_id, role_id) VALUES (7, 1)
2026-02-20 17:37:21.049 DEBUG 8472 --- [           main] o.s.jdbc.datasource.init.ScriptUtils     : 1 returned as update count for SQL: INSERT INTO fraccionamientos (id, nombre, ubicacion, descripcion, logo_url, coordenadas_geo, poligono_delimitador) VALUES (1, 'Residencial Las Palmas', 'Cancún, Quintana Roo', 'Exclusivo fraccionamiento.', '/casavida/api/images/palmas.png', '21.1619, -86.8515', '[[21.162795,-86.849289],[21.162170,-86.848870],[21.161319,-86.850695],[21.161560,-86.850947],[21.161840,-86.850936],[21.162055,-86.850850],[21.162795,-86.849321]]')
2026-02-20 17:37:21.051 DEBUG 8472 --- [           main] o.s.jdbc.datasource.init.ScriptUtils     : 1 returned as update count for SQL: INSERT INTO fraccionamientos (id, nombre, ubicacion, descripcion, logo_url, coordenadas_geo, poligono_delimitador) VALUES (2, '7 Mares Residencial', 'Mazunte, Oaxaca', 'Eco-turístico.', '/casavida/api/images/7mares.png', '15.6665, -96.5556', '[[15.667814,-96.555597],[15.667711,-96.555114],[15.665727,-96.555081],[15.665992,-96.555699]]')
2026-02-20 17:37:21.061 DEBUG 8472 --- [           main] o.s.jdbc.datasource.init.ScriptUtils     : 1 returned as update count for SQL: INSERT INTO lotes (id, numero_lote, manzana, area_metros_cuadrados, precio_total, coordenadas_geo, estatus, fraccionamiento_id, plano_coordinates) VALUES (1, 'A001', 'MZ A', 200.0, 150000.0, '21.1622, -86.8494', 'DISPONIBLE', 1, '[[21.162237,-86.849375],[21.162157,-86.849568],[21.161922,-86.849423],[21.162032,-86.849224],[21.162222,-86.849364]]')
2026-02-20 17:37:21.063 DEBUG 8472 --- [           main] o.s.jdbc.datasource.init.ScriptUtils     : 1 returned as update count for SQL: INSERT INTO lotes (id, numero_lote, manzana, area_metros_cuadrados, precio_total, coordenadas_geo, estatus, fraccionamiento_id, plano_coordinates) VALUES (2, 'M001', 'Calle Mar', 500.0, 100000.0, '15.6665, -96.5556', 'DISPONIBLE', 2, '[[15.666449,-96.555699],[15.666444,-96.555477],[15.665992,-96.555482],[15.665990,-96.555750],[15.666418,-96.555705]]')
2026-02-20 17:37:21.069 DEBUG 8472 --- [           main] o.s.jdbc.datasource.init.ScriptUtils     : 1 returned as update count for SQL: INSERT INTO clientes (id, nombre, apellidos, email, telefono, direccion, ine, fecha_registro) VALUES (1, 'Francisco', 'Iván', 'franivan@test.com', '9981234567', 'Av. Kabah #123, Cancún', 'INE12345678', CURRENT_TIMESTAMP)
2026-02-20 17:37:21.069 DEBUG 8472 --- [           main] o.s.jdbc.datasource.init.ScriptUtils     : 1 returned as update count for SQL: INSERT INTO clientes (id, nombre, apellidos, email, telefono, direccion, ine, fecha_registro) VALUES (2, 'María', 'García', 'maria@test.com', '9987654321', 'Colonia Centro, Mazunte', 'INE87654321', CURRENT_TIMESTAMP)
2026-02-20 17:37:21.073 DEBUG 8472 --- [           main] o.s.jdbc.datasource.init.ScriptUtils     : 1 returned as update count for SQL: INSERT INTO contratos (id, monto_total, enganche, plazo_meses, tasa_interes_anual, fecha_contrato, cliente_id, lote_id, vendedor_id, estatus) VALUES (1, 150000.0, 30000.0, 12, 0.0, CURRENT_TIMESTAMP, 1, 1, 2, 'ACTIVO')
2026-02-20 17:37:21.075 DEBUG 8472 --- [           main] o.s.jdbc.datasource.init.ScriptUtils     : 1 returned as update count for SQL: INSERT INTO pagos (id, monto, fecha_pago, concepto, referencia, metodo_pago, estatus, validado, contrato_id) VALUES (1, 30000.0, CURRENT_TIMESTAMP, 'Enganche', 'REF-ENG-001', 'Transferencia', 'VALIDADO', true, 1)
2026-02-20 17:37:21.096 DEBUG 8472 --- [           main] o.s.jdbc.datasource.init.ScriptUtils     : 1 returned as update count for SQL: UPDATE lotes SET estatus = 'VENDIDO' WHERE id = 1
2026-02-20 17:37:21.097 DEBUG 8472 --- [           main] o.s.jdbc.datasource.init.ScriptUtils     : 1 returned as update count for SQL: INSERT INTO clientes (id, nombre, apellidos, email, telefono, direccion, ine, fecha_registro) VALUES (7, 'Admin', 'Privileged User', 'admin@test.com', '5555555555', 'Oficina Central', 'INE-ADMIN-001', CURRENT_TIMESTAMP)
2026-02-20 17:37:21.103 DEBUG 8472 --- [           main] o.s.jdbc.datasource.init.ScriptUtils     : 1 returned as update count for SQL: INSERT INTO contratos (id, monto_total, enganche, plazo_meses, tasa_interes_anual, fecha_contrato, cliente_id, lote_id, vendedor_id, estatus) VALUES (2, 100000.0, 10000.0, 12, 0.0, CURRENT_TIMESTAMP, 7, 2, 2, 'ACTIVO')
2026-02-20 17:37:21.104 DEBUG 8472 --- [           main] o.s.jdbc.datasource.init.ScriptUtils     : 1 returned as update count for SQL: UPDATE lotes SET estatus = 'CONTRATADO' WHERE id = 2
2026-02-20 17:37:21.105 DEBUG 8472 --- [           main] o.s.jdbc.datasource.init.ScriptUtils     : 1 returned as update count for SQL: INSERT INTO pagos (id, monto, fecha_pago, concepto, referencia, metodo_pago, estatus, validado, contrato_id) VALUES (2, 5000.0, CURRENT_TIMESTAMP, 'Mensualidad 1', 'REF-ADM-001', 'Transferencia', 'VALIDADO', true, 2)
2026-02-20 17:37:21.107 DEBUG 8472 --- [           main] o.s.jdbc.datasource.init.ScriptUtils     : 6 returned as update count for SQL: INSERT INTO actions (id, name, display_name, description, created_at) VALUES (1, 'VIEW', 'Ver', 'Visualizar información', CURRENT_TIMESTAMP), (2, 'CREATE', 'Crear', 'Crear nuevos registros', CURRENT_TIMESTAMP), (3, 'EDIT', 'Editar', 'Modificar registros existentes', CURRENT_TIMESTAMP), (4, 'DELETE', 'Eliminar', 'Eliminar registros', CURRENT_TIMESTAMP), (5, 'APPROVE', 'Aprobar', 'Validar/Aprobar registros', CURRENT_TIMESTAMP), (6, 'EXPORT', 'Exportar', 'Exportar datos a archivos', CURRENT_TIMESTAMP)
2026-02-20 17:37:21.114 DEBUG 8472 --- [           main] o.s.jdbc.datasource.init.ScriptUtils     : 7 returned as update count for SQL: INSERT INTO modules (id, name, display_name, description, icon, display_order, active, created_at, updated_at) VALUES (1, 'PAGOS', 'Gestión de Pagos', 'Módulo para registrar, validar y consultar pagos', 'payments', 1, true, CURRENT_TIMESTAMP, CURRENT_TIMESTAMP), (2, 'CONTRATOS', 'Gestión de Contratos', 'Módulo para administrar contratos de venta', 'contracts', 2, true, CURRENT_TIMESTAMP, CURRENT_TIMESTAMP), (3, 'CLIENTES', 'Gestión de Clientes', 'Módulo para administrar información de clientes', 'people', 3, true, CURRENT_TIMESTAMP, CURRENT_TIMESTAMP), (4, 'REPORTES', 'Gestión de Reportes', 'Módulo para generar reportes dinámicos', 'assessment', 4, true, CURRENT_TIMESTAMP, CURRENT_TIMESTAMP), (5, 'USUARIOS', 'Gestión de Usuarios', 'Módulo para administrar cuentas y roles', 'manage_accounts', 5, true, CURRENT_TIMESTAMP, CURRENT_TIMESTAMP), (6, 'CRM', 'Gestión de Prospectos', 'Módulo para administrar leads y oportunidades', 'leaderboard', 6, true, CURRENT_TIMESTAMP, CURRENT_TIMESTAMP), (7, 'CONFIG', 'Configuración del Sistema', 'Módulo para configuraciones globales y carga masiva', 'settings', 7, true, CURRENT_TIMESTAMP, CURRENT_TIMESTAMP)
2026-02-20 17:37:21.119 DEBUG 8472 --- [           main] o.s.jdbc.datasource.init.ScriptUtils     : 3 returned as update count for SQL: INSERT INTO permissions (id, permission_key, module_id, action_id, description, active, created_at, updated_at) VALUES (1, 'PAGOS.VIEW', 1, 1, 'Ver lista de pagos', true, CURRENT_TIMESTAMP, CURRENT_TIMESTAMP), (2, 'PAGOS.CREATE', 1, 2, 'Registrar nuevos pagos', true, CURRENT_TIMESTAMP, CURRENT_TIMESTAMP), (3, 'PAGOS.APPROVE', 1, 5, 'Aprobar/Rechazar pagos', true, CURRENT_TIMESTAMP, CURRENT_TIMESTAMP)
2026-02-20 17:37:21.120 DEBUG 8472 --- [           main] o.s.jdbc.datasource.init.ScriptUtils     : 3 returned as update count for SQL: INSERT INTO permissions (id, permission_key, module_id, action_id, description, active, created_at, updated_at) VALUES (15, 'CONTRATOS.VIEW', 2, 1, 'Ver lista de contratos', true, CURRENT_TIMESTAMP, CURRENT_TIMESTAMP), (16, 'CONTRATOS.CREATE', 2, 2, 'Generar nuevos contratos', true, CURRENT_TIMESTAMP, CURRENT_TIMESTAMP), (17, 'CONTRATOS.EDIT', 2, 3, 'Editar información de contratos', true, CURRENT_TIMESTAMP, CURRENT_TIMESTAMP)
2026-02-20 17:37:21.122 DEBUG 8472 --- [           main] o.s.jdbc.datasource.init.ScriptUtils     : 2 returned as update count for SQL: INSERT INTO permissions (id, permission_key, module_id, action_id, description, active, created_at, updated_at) VALUES (18, 'REPORTES.VIEW', 4, 1, 'Ver dashboard de reportes', true, CURRENT_TIMESTAMP, CURRENT_TIMESTAMP), (19, 'REPORTES.EXPORT', 4, 6, 'Exportar reportes a Excel/PDF', true, CURRENT_TIMESTAMP, CURRENT_TIMESTAMP)
2026-02-20 17:37:21.125 DEBUG 8472 --- [           main] o.s.jdbc.datasource.init.ScriptUtils     : 4 returned as update count for SQL: INSERT INTO permissions (id, permission_key, module_id, action_id, description, active, created_at, updated_at) VALUES (20, 'USUARIOS.VIEW', 5, 1, 'Ver lista de usuarios', true, CURRENT_TIMESTAMP, CURRENT_TIMESTAMP), (21, 'USUARIOS.CREATE', 5, 2, 'Crear nuevos usuarios', true, CURRENT_TIMESTAMP, CURRENT_TIMESTAMP), (22, 'USUARIOS.EDIT', 5, 3, 'Editar información de usuarios', true, CURRENT_TIMESTAMP, CURRENT_TIMESTAMP), (23, 'USUARIOS.DELETE', 5, 4, 'Eliminar usuarios', true, CURRENT_TIMESTAMP, CURRENT_TIMESTAMP)
2026-02-20 17:37:21.186 DEBUG 8472 --- [           main] o.s.jdbc.datasource.init.ScriptUtils     : 2 returned as update count for SQL: INSERT INTO permissions (id, permission_key, module_id, action_id, description, active, created_at, updated_at) VALUES (24, 'CRM.VIEW', 6, 1, 'Ver leads y oportunidades', true, CURRENT_TIMESTAMP, CURRENT_TIMESTAMP), (25, 'CRM.EDIT', 6, 3, 'Editar y convertir prospectos', true, CURRENT_TIMESTAMP, CURRENT_TIMESTAMP)
2026-02-20 17:37:21.223 DEBUG 8472 --- [           main] o.s.jdbc.datasource.init.ScriptUtils     : 1 returned as update count for SQL: INSERT INTO permissions (id, permission_key, module_id, action_id, description, active, created_at, updated_at) VALUES (26, 'CONFIG.VIEW', 7, 1, 'Acceso a configuración y carga masiva', true, CURRENT_TIMESTAMP, CURRENT_TIMESTAMP)
2026-02-20 17:37:21.230 DEBUG 8472 --- [           main] o.s.jdbc.datasource.init.ScriptUtils     : 3 returned as update count for SQL: INSERT INTO permissions (id, permission_key, module_id, action_id, description, active, created_at, updated_at) VALUES (4, 'CLIENTES.VIEW', 3, 1, 'Ver lista de clientes', true, CURRENT_TIMESTAMP, CURRENT_TIMESTAMP), (5, 'CLIENTES.CREATE', 3, 2, 'Registrar nuevos clientes', true, CURRENT_TIMESTAMP, CURRENT_TIMESTAMP), (6, 'CLIENTES.EDIT', 3, 3, 'Editar información de clientes', true, CURRENT_TIMESTAMP, CURRENT_TIMESTAMP)
2026-02-20 17:37:21.232 DEBUG 8472 --- [           main] o.s.jdbc.datasource.init.ScriptUtils     : 4 returned as update count for SQL: INSERT INTO permissions (id, permission_key, module_id, action_id, description, active, created_at, updated_at) VALUES (7, 'INVENTARIO.VIEW', 3, 1, 'Ver inventario de lotes', true, CURRENT_TIMESTAMP, CURRENT_TIMESTAMP), (8, 'INVENTARIO.CREATE', 3, 2, 'Crear nuevos lotes', true, CURRENT_TIMESTAMP, CURRENT_TIMESTAMP), (9, 'INVENTARIO.EDIT', 3, 3, 'Editar información de lotes', true, CURRENT_TIMESTAMP, CURRENT_TIMESTAMP), (10, 'INVENTARIO.DELETE', 3, 4, 'Eliminar lotes', true, CURRENT_TIMESTAMP, CURRENT_TIMESTAMP)
2026-02-20 17:37:21.235 DEBUG 8472 --- [           main] o.s.jdbc.datasource.init.ScriptUtils     : 4 returned as update count for SQL: INSERT INTO permissions (id, permission_key, module_id, action_id, description, active, created_at, updated_at) VALUES (11, 'FRACCIONAMIENTOS.VIEW', 3, 1, 'Ver lista de fraccionamientos', true, CURRENT_TIMESTAMP, CURRENT_TIMESTAMP), (12, 'FRACCIONAMIENTOS.CREATE', 3, 2, 'Crear nuevos fraccionamientos', true, CURRENT_TIMESTAMP, CURRENT_TIMESTAMP), (13, 'FRACCIONAMIENTOS.EDIT', 3, 3, 'Editar información de fraccionamientos', true, CURRENT_TIMESTAMP, CURRENT_TIMESTAMP), (14, 'FRACCIONAMIENTOS.DELETE', 3, 4, 'Eliminar fraccionamientos', true, CURRENT_TIMESTAMP, CURRENT_TIMESTAMP)
2026-02-20 17:37:21.266 DEBUG 8472 --- [           main] o.s.jdbc.datasource.init.ScriptUtils     : 55 returned as update count for SQL: INSERT INTO role_permissions (role_id, permission_id, granted_at, granted_by) VALUES (2, 1, CURRENT_TIMESTAMP, 'SYSTEM'), (2, 2, CURRENT_TIMESTAMP, 'SYSTEM'), (2, 3, CURRENT_TIMESTAMP, 'SYSTEM'), (2, 4, CURRENT_TIMESTAMP, 'SYSTEM'), (2, 5, CURRENT_TIMESTAMP, 'SYSTEM'), (2, 6, CURRENT_TIMESTAMP, 'SYSTEM'), (2, 7, CURRENT_TIMESTAMP, 'SYSTEM'), (2, 8, CURRENT_TIMESTAMP, 'SYSTEM'), (2, 9, CURRENT_TIMESTAMP, 'SYSTEM'), (2, 10, CURRENT_TIMESTAMP, 'SYSTEM'), (2, 11, CURRENT_TIMESTAMP, 'SYSTEM'), (2, 12, CURRENT_TIMESTAMP, 'SYSTEM'), (2, 13, CURRENT_TIMESTAMP, 'SYSTEM'), (2, 14, CURRENT_TIMESTAMP, 'SYSTEM'), (2, 15, CURRENT_TIMESTAMP, 'SYSTEM'), (2, 16, CURRENT_TIMESTAMP, 'SYSTEM'), (2, 17, CURRENT_TIMESTAMP, 'SYSTEM'), (2, 18, CURRENT_TIMESTAMP, 'SYSTEM'), (2, 19, CURRENT_TIMESTAMP, 'SYSTEM'), (2, 20, CURRENT_TIMESTAMP, 'SYSTEM'), (2, 21, CURRENT_TIMESTAMP, 'SYSTEM'), (2, 22, CURRENT_TIMESTAMP, 'SYSTEM'), (2, 23, CURRENT_TIMESTAMP, 'SYSTEM'), (2, 24, CURRENT_TIMESTAMP, 'SYSTEM'), (2, 25, CURRENT_TIMESTAMP, 'SYSTEM'), (2, 26, CURRENT_TIMESTAMP, 'SYSTEM'), (3, 1, CURRENT_TIMESTAMP, 'SYSTEM'), (3, 2, CURRENT_TIMESTAMP, 'SYSTEM'), (3, 4, CURRENT_TIMESTAMP, 'SYSTEM'), (3, 5, CURRENT_TIMESTAMP, 'SYSTEM'), (3, 7, CURRENT_TIMESTAMP, 'SYSTEM'), (3, 11, CURRENT_TIMESTAMP, 'SYSTEM'), (3, 15, CURRENT_TIMESTAMP, 'SYSTEM'), (3, 16, CURRENT_TIMESTAMP, 'SYSTEM'), (3, 18, CURRENT_TIMESTAMP, 'SYSTEM'), (3, 24, CURRENT_TIMESTAMP, 'SYSTEM'), (3, 25, CURRENT_TIMESTAMP, 'SYSTEM'), (4, 1, CURRENT_TIMESTAMP, 'SYSTEM'), (4, 2, CURRENT_TIMESTAMP, 'SYSTEM'), (4, 4, CURRENT_TIMESTAMP, 'SYSTEM'), (4, 5, CURRENT_TIMESTAMP, 'SYSTEM'), (4, 7, CURRENT_TIMESTAMP, 'SYSTEM'), (4, 11, CURRENT_TIMESTAMP, 'SYSTEM'), (4, 15, CURRENT_TIMESTAMP, 'SYSTEM'), (4, 16, CURRENT_TIMESTAMP, 'SYSTEM'), (4, 24, CURRENT_TIMESTAMP, 'SYSTEM'), (5, 1, CURRENT_TIMESTAMP, 'SYSTEM'), (5, 2, CURRENT_TIMESTAMP, 'SYSTEM'), (5, 3, CURRENT_TIMESTAMP, 'SYSTEM'), (5, 4, CURRENT_TIMESTAMP, 'SYSTEM'), (5, 7, CURRENT_TIMESTAMP, 'SYSTEM'), (5, 11, CURRENT_TIMESTAMP, 'SYSTEM'), (5, 15, CURRENT_TIMESTAMP, 'SYSTEM'), (5, 18, CURRENT_TIMESTAMP, 'SYSTEM'), (5, 19, CURRENT_TIMESTAMP, 'SYSTEM')
2026-02-20 17:37:21.267 DEBUG 8472 --- [           main] o.s.jdbc.datasource.init.ScriptUtils     : Executed SQL script from class path resource [data.sql] in 311 ms.
2026-02-20 17:37:21.629  INFO 8472 --- [           main] o.s.b.w.embedded.tomcat.TomcatWebServer  : Tomcat started on port(s): 8080 (http) with context path ''
2026-02-20 17:37:21.676  INFO 8472 --- [           main] com.casavida.backend.BackendApplication  : Started BackendApplication in 16.09 seconds (JVM running for 16.912)
2026-02-20 17:55:30.037  INFO 8472 --- [nio-8080-exec-1] o.a.c.c.C.[Tomcat].[localhost].[/]       : Initializing Spring DispatcherServlet 'dispatcherServlet'
2026-02-20 17:55:30.040  INFO 8472 --- [nio-8080-exec-1] o.s.web.servlet.DispatcherServlet        : Initializing Servlet 'dispatcherServlet'
2026-02-20 17:55:30.042 DEBUG 8472 --- [nio-8080-exec-1] o.s.web.servlet.DispatcherServlet        : Detected StandardServletMultipartResolver
2026-02-20 17:55:30.043 DEBUG 8472 --- [nio-8080-exec-1] o.s.web.servlet.DispatcherServlet        : Detected AcceptHeaderLocaleResolver
2026-02-20 17:55:30.044 DEBUG 8472 --- [nio-8080-exec-1] o.s.web.servlet.DispatcherServlet        : Detected FixedThemeResolver
2026-02-20 17:55:30.079 DEBUG 8472 --- [nio-8080-exec-1] o.s.web.servlet.DispatcherServlet        : Detected org.springframework.web.servlet.view.DefaultRequestToViewNameTranslator@5032b2e
2026-02-20 17:55:30.082 DEBUG 8472 --- [nio-8080-exec-1] o.s.web.servlet.DispatcherServlet        : Detected org.springframework.web.servlet.support.SessionFlashMapManager@5cfa9e8a
2026-02-20 17:55:30.082 DEBUG 8472 --- [nio-8080-exec-1] o.s.web.servlet.DispatcherServlet        : enableLoggingRequestDetails='false': request parameters and headers will be masked to prevent unsafe logging of potentially sensitive data
2026-02-20 17:55:30.083  INFO 8472 --- [nio-8080-exec-1] o.s.web.servlet.DispatcherServlet        : Completed initialization in 42 ms
2026-02-20 17:55:30.202 DEBUG 8472 --- [nio-8080-exec-1] s.w.s.m.m.a.RequestMappingHandlerMapping : Mapped to com.casavida.backend.controllers.AuthController#authenticateUser(LoginRequest)
2026-02-20 17:55:30.253 DEBUG 8472 --- [nio-8080-exec-1] o.s.web.servlet.DispatcherServlet        : POST "/api/auth/signin", parameters={}
2026-02-20 17:55:30.256 DEBUG 8472 --- [nio-8080-exec-1] s.w.s.m.m.a.RequestMappingHandlerMapping : Mapped to com.casavida.backend.controllers.AuthController#authenticateUser(LoginRequest)
2026-02-20 17:55:30.553 DEBUG 8472 --- [nio-8080-exec-1] m.m.a.RequestResponseBodyMethodProcessor : Read "application/json;charset=UTF-8" to [com.casavida.backend.payload.request.LoginRequest@58feac76]
2026-02-20 17:55:30.971 DEBUG 8472 --- [nio-8080-exec-1] org.hibernate.SQL                        : select user0_.id as id1_15_, user0_.created_at as created_2_15_, user0_.email as email3_15_, user0_.password as password4_15_, user0_.username as username5_15_ from users user0_ where user0_.username=?
Hibernate: select user0_.id as id1_15_, user0_.created_at as created_2_15_, user0_.email as email3_15_, user0_.password as password4_15_, user0_.username as username5_15_ from users user0_ where user0_.username=?
2026-02-20 17:55:30.991 TRACE 8472 --- [nio-8080-exec-1] o.h.type.descriptor.sql.BasicBinder      : binding parameter [1] as [VARCHAR] - [admin]
2026-02-20 17:55:31.102 DEBUG 8472 --- [nio-8080-exec-1] org.hibernate.SQL                        : select roles0_.user_id as user_id1_14_0_, roles0_.role_id as role_id2_14_0_, role1_.id as id1_13_1_, role1_.name as name2_13_1_ from user_roles roles0_ inner join roles role1_ on roles0_.role_id=role1_.id where roles0_.user_id=?
Hibernate: select roles0_.user_id as user_id1_14_0_, roles0_.role_id as role_id2_14_0_, role1_.id as id1_13_1_, role1_.name as name2_13_1_ from user_roles roles0_ inner join roles role1_ on roles0_.role_id=role1_.id where roles0_.user_id=?
2026-02-20 17:55:31.114 TRACE 8472 --- [nio-8080-exec-1] o.h.type.descriptor.sql.BasicBinder      : binding parameter [1] as [BIGINT] - [1]
2026-02-20 17:55:31.513 DEBUG 8472 --- [nio-8080-exec-1] o.s.w.s.m.m.a.HttpEntityMethodProcessor  : Using 'application/json', given [*/*] and supported [application/json, application/*+json, application/json, application/*+json]
2026-02-20 17:55:31.514 DEBUG 8472 --- [nio-8080-exec-1] o.s.w.s.m.m.a.HttpEntityMethodProcessor  : Writing [com.casavida.backend.payload.response.JwtResponse@51a7082b]
2026-02-20 17:55:31.551 DEBUG 8472 --- [nio-8080-exec-1] o.s.web.servlet.DispatcherServlet        : Completed 200 OK
2026-02-20 17:55:41.300 DEBUG 8472 --- [nio-8080-exec-2] o.s.w.s.handler.SimpleUrlHandlerMapping  : Mapped to ResourceHttpRequestHandler [classpath [META-INF/resources/], classpath [resources/], classpath [static/], classpath [public/], ServletContext [/]]
2026-02-20 17:55:41.413 DEBUG 8472 --- [nio-8080-exec-2] org.hibernate.SQL                        : select user0_.id as id1_15_, user0_.created_at as created_2_15_, user0_.email as email3_15_, user0_.password as password4_15_, user0_.username as username5_15_ from users user0_ where user0_.username=?
Hibernate: select user0_.id as id1_15_, user0_.created_at as created_2_15_, user0_.email as email3_15_, user0_.password as password4_15_, user0_.username as username5_15_ from users user0_ where user0_.username=?
2026-02-20 17:55:41.415 TRACE 8472 --- [nio-8080-exec-2] o.h.type.descriptor.sql.BasicBinder      : binding parameter [1] as [VARCHAR] - [admin]
2026-02-20 17:55:41.422 DEBUG 8472 --- [nio-8080-exec-2] org.hibernate.SQL                        : select roles0_.user_id as user_id1_14_0_, roles0_.role_id as role_id2_14_0_, role1_.id as id1_13_1_, role1_.name as name2_13_1_ from user_roles roles0_ inner join roles role1_ on roles0_.role_id=role1_.id where roles0_.user_id=?
Hibernate: select roles0_.user_id as user_id1_14_0_, roles0_.role_id as role_id2_14_0_, role1_.id as id1_13_1_, role1_.name as name2_13_1_ from user_roles roles0_ inner join roles role1_ on roles0_.role_id=role1_.id where roles0_.user_id=?
2026-02-20 17:55:41.423 TRACE 8472 --- [nio-8080-exec-2] o.h.type.descriptor.sql.BasicBinder      : binding parameter [1] as [BIGINT] - [1]
2026-02-20 17:55:41.433 DEBUG 8472 --- [nio-8080-exec-2] o.s.web.servlet.DispatcherServlet        : GET "/api/fraccionamientos", parameters={}
2026-02-20 17:55:41.439 DEBUG 8472 --- [nio-8080-exec-2] o.s.w.s.handler.SimpleUrlHandlerMapping  : Mapped to ResourceHttpRequestHandler [classpath [META-INF/resources/], classpath [resources/], classpath [static/], classpath [public/], ServletContext [/]]
2026-02-20 17:55:41.454 DEBUG 8472 --- [nio-8080-exec-2] o.s.w.s.r.ResourceHttpRequestHandler     : Resource not found
2026-02-20 17:55:41.457 DEBUG 8472 --- [nio-8080-exec-2] o.s.web.servlet.DispatcherServlet        : Completed 404 NOT_FOUND
2026-02-20 17:55:41.471 DEBUG 8472 --- [nio-8080-exec-2] o.s.web.servlet.DispatcherServlet        : "ERROR" dispatch for GET "/error", parameters={}
2026-02-20 17:55:41.477 DEBUG 8472 --- [nio-8080-exec-2] s.w.s.m.m.a.RequestMappingHandlerMapping : Mapped to org.springframework.boot.autoconfigure.web.servlet.error.BasicErrorController#error(HttpServletRequest)
2026-02-20 17:55:41.497 DEBUG 8472 --- [nio-8080-exec-2] o.s.w.s.m.m.a.HttpEntityMethodProcessor  : Using 'application/json', given [*/*] and supported [application/json, application/*+json, application/json, application/*+json]
2026-02-20 17:55:41.500 DEBUG 8472 --- [nio-8080-exec-2] o.s.w.s.m.m.a.HttpEntityMethodProcessor  : Writing [{timestamp=Fri Feb 20 17:55:41 CST 2026, status=404, error=Not Found, path=/api/fraccionamientos}]
2026-02-20 17:55:41.516 DEBUG 8472 --- [nio-8080-exec-2] o.s.web.servlet.DispatcherServlet        : Exiting from "ERROR" dispatch, status 404
2026-02-20 17:56:09.280 DEBUG 8472 --- [nio-8080-exec-3] s.w.s.m.m.a.RequestMappingHandlerMapping : Mapped to com.casavida.backend.controllers.FraccionamientoController#getAllFraccionamientos()
2026-02-20 17:56:09.339 DEBUG 8472 --- [nio-8080-exec-3] org.hibernate.SQL                        : select user0_.id as id1_15_, user0_.created_at as created_2_15_, user0_.email as email3_15_, user0_.password as password4_15_, user0_.username as username5_15_ from users user0_ where user0_.username=?
Hibernate: select user0_.id as id1_15_, user0_.created_at as created_2_15_, user0_.email as email3_15_, user0_.password as password4_15_, user0_.username as username5_15_ from users user0_ where user0_.username=?
2026-02-20 17:56:09.344 TRACE 8472 --- [nio-8080-exec-3] o.h.type.descriptor.sql.BasicBinder      : binding parameter [1] as [VARCHAR] - [admin]
2026-02-20 17:56:09.361 DEBUG 8472 --- [nio-8080-exec-3] org.hibernate.SQL                        : select roles0_.user_id as user_id1_14_0_, roles0_.role_id as role_id2_14_0_, role1_.id as id1_13_1_, role1_.name as name2_13_1_ from user_roles roles0_ inner join roles role1_ on roles0_.role_id=role1_.id where roles0_.user_id=?
Hibernate: select roles0_.user_id as user_id1_14_0_, roles0_.role_id as role_id2_14_0_, role1_.id as id1_13_1_, role1_.name as name2_13_1_ from user_roles roles0_ inner join roles role1_ on roles0_.role_id=role1_.id where roles0_.user_id=?
2026-02-20 17:56:09.362 TRACE 8472 --- [nio-8080-exec-3] o.h.type.descriptor.sql.BasicBinder      : binding parameter [1] as [BIGINT] - [1]
2026-02-20 17:56:09.404 DEBUG 8472 --- [nio-8080-exec-3] o.s.web.servlet.DispatcherServlet        : GET "/api/fraccionamientos/public", parameters={}
2026-02-20 17:56:09.495 DEBUG 8472 --- [nio-8080-exec-3] s.w.s.m.m.a.RequestMappingHandlerMapping : Mapped to com.casavida.backend.controllers.FraccionamientoController#getAllFraccionamientos()
2026-02-20 17:56:09.755 DEBUG 8472 --- [nio-8080-exec-3] org.hibernate.SQL                        : select fraccionam0_.id as id1_4_, fraccionam0_.coordenadas_geo as coordena2_4_, fraccionam0_.descripcion as descripc3_4_, fraccionam0_.logo_url as logo_url4_4_, fraccionam0_.nombre as nombre5_4_, fraccionam0_.poligono_delimitador as poligono6_4_, fraccionam0_.ubicacion as ubicacio7_4_ from fraccionamientos fraccionam0_
Hibernate: select fraccionam0_.id as id1_4_, fraccionam0_.coordenadas_geo as coordena2_4_, fraccionam0_.descripcion as descripc3_4_, fraccionam0_.logo_url as logo_url4_4_, fraccionam0_.nombre as nombre5_4_, fraccionam0_.poligono_delimitador as poligono6_4_, fraccionam0_.ubicacion as ubicacio7_4_ from fraccionamientos fraccionam0_
2026-02-20 17:56:09.825 DEBUG 8472 --- [nio-8080-exec-3] m.m.a.RequestResponseBodyMethodProcessor : Using 'application/json', given [*/*] and supported [application/json, application/*+json, application/json, application/*+json]
2026-02-20 17:56:09.993 DEBUG 8472 --- [nio-8080-exec-3] m.m.a.RequestResponseBodyMethodProcessor : Writing [[Fraccionamiento(id=1, nombre=Residencial Las Palmas, ubicacion=Cancún, Quintana Roo, descripcion=Ex (truncated)...]
2026-02-20 17:56:10.141 DEBUG 8472 --- [nio-8080-exec-3] o.s.web.servlet.DispatcherServlet        : Completed 200 OK
2026-02-20 18:08:22.389 DEBUG 8472 --- [nio-8080-exec-4] o.s.w.s.handler.SimpleUrlHandlerMapping  : Mapped to ResourceHttpRequestHandler [classpath [META-INF/resources/webjars/]]
2026-02-20 18:08:22.455 DEBUG 8472 --- [nio-8080-exec-4] o.s.web.servlet.DispatcherServlet        : GET "/swagger-ui/index.html", parameters={}
2026-02-20 18:08:22.463 DEBUG 8472 --- [nio-8080-exec-4] o.s.w.s.handler.SimpleUrlHandlerMapping  : Mapped to ResourceHttpRequestHandler [classpath [META-INF/resources/webjars/]]
2026-02-20 18:08:23.743 DEBUG 8472 --- [nio-8080-exec-4] o.s.web.servlet.DispatcherServlet        : Completed 200 OK
2026-02-20 18:08:24.496 DEBUG 8472 --- [nio-8080-exec-5] o.s.w.s.handler.SimpleUrlHandlerMapping  : Mapped to ResourceHttpRequestHandler [classpath [META-INF/resources/webjars/]]
2026-02-20 18:08:24.497 DEBUG 8472 --- [nio-8080-exec-5] o.s.web.servlet.DispatcherServlet        : GET "/swagger-ui/swagger-ui.css", parameters={}
2026-02-20 18:08:24.503 DEBUG 8472 --- [nio-8080-exec-5] o.s.w.s.handler.SimpleUrlHandlerMapping  : Mapped to ResourceHttpRequestHandler [classpath [META-INF/resources/webjars/]]
2026-02-20 18:08:24.505 DEBUG 8472 --- [nio-8080-exec-7] o.s.w.s.handler.SimpleUrlHandlerMapping  : Mapped to ResourceHttpRequestHandler [classpath [META-INF/resources/webjars/]]
2026-02-20 18:08:24.506 DEBUG 8472 --- [nio-8080-exec-6] o.s.w.s.handler.SimpleUrlHandlerMapping  : Mapped to ResourceHttpRequestHandler [classpath [META-INF/resources/webjars/]]
2026-02-20 18:08:24.506 DEBUG 8472 --- [nio-8080-exec-7] o.s.web.servlet.DispatcherServlet        : GET "/swagger-ui/swagger-ui-bundle.js", parameters={}
2026-02-20 18:08:24.508 DEBUG 8472 --- [nio-8080-exec-6] o.s.web.servlet.DispatcherServlet        : GET "/swagger-ui/index.css", parameters={}
2026-02-20 18:08:24.508 DEBUG 8472 --- [nio-8080-exec-7] o.s.w.s.handler.SimpleUrlHandlerMapping  : Mapped to ResourceHttpRequestHandler [classpath [META-INF/resources/webjars/]]
2026-02-20 18:08:24.512 DEBUG 8472 --- [nio-8080-exec-6] o.s.w.s.handler.SimpleUrlHandlerMapping  : Mapped to ResourceHttpRequestHandler [classpath [META-INF/resources/webjars/]]
2026-02-20 18:08:24.607 DEBUG 8472 --- [nio-8080-exec-5] o.s.web.servlet.DispatcherServlet        : Completed 200 OK
2026-02-20 18:08:24.611 DEBUG 8472 --- [nio-8080-exec-6] o.s.web.servlet.DispatcherServlet        : Completed 200 OK
2026-02-20 18:08:24.778 DEBUG 8472 --- [nio-8080-exec-7] o.s.web.servlet.DispatcherServlet        : Completed 200 OK
2026-02-20 18:08:25.194 DEBUG 8472 --- [nio-8080-exec-8] o.s.w.s.handler.SimpleUrlHandlerMapping  : Mapped to ResourceHttpRequestHandler [classpath [META-INF/resources/webjars/]]
2026-02-20 18:08:25.198 DEBUG 8472 --- [nio-8080-exec-8] o.s.web.servlet.DispatcherServlet        : GET "/swagger-ui/swagger-ui-standalone-preset.js", parameters={}
2026-02-20 18:08:25.204 DEBUG 8472 --- [nio-8080-exec-8] o.s.w.s.handler.SimpleUrlHandlerMapping  : Mapped to ResourceHttpRequestHandler [classpath [META-INF/resources/webjars/]]
2026-02-20 18:08:25.242 DEBUG 8472 --- [nio-8080-exec-9] o.s.w.s.handler.SimpleUrlHandlerMapping  : Mapped to ResourceHttpRequestHandler [classpath [META-INF/resources/webjars/]]
2026-02-20 18:08:25.243 DEBUG 8472 --- [nio-8080-exec-9] o.s.web.servlet.DispatcherServlet        : GET "/swagger-ui/swagger-initializer.js", parameters={}
2026-02-20 18:08:25.247 DEBUG 8472 --- [nio-8080-exec-9] o.s.w.s.handler.SimpleUrlHandlerMapping  : Mapped to ResourceHttpRequestHandler [classpath [META-INF/resources/webjars/]]
2026-02-20 18:08:25.316 DEBUG 8472 --- [nio-8080-exec-8] o.s.web.servlet.DispatcherServlet        : Completed 200 OK
2026-02-20 18:08:26.230 DEBUG 8472 --- [nio-8080-exec-9] o.s.web.servlet.DispatcherServlet        : Completed 200 OK
2026-02-20 18:08:26.632 DEBUG 8472 --- [io-8080-exec-10] s.w.s.m.m.a.RequestMappingHandlerMapping : Mapped to org.springdoc.webmvc.ui.SwaggerConfigResource#openapiJson(HttpServletRequest)
2026-02-20 18:08:26.633 DEBUG 8472 --- [io-8080-exec-10] o.s.web.servlet.DispatcherServlet        : GET "/v3/api-docs/swagger-config", parameters={}
2026-02-20 18:08:26.640 DEBUG 8472 --- [io-8080-exec-10] s.w.s.m.m.a.RequestMappingHandlerMapping : Mapped to org.springdoc.webmvc.ui.SwaggerConfigResource#openapiJson(HttpServletRequest)
2026-02-20 18:08:26.648 DEBUG 8472 --- [nio-8080-exec-1] o.s.w.s.handler.SimpleUrlHandlerMapping  : Mapped to ResourceHttpRequestHandler [classpath [META-INF/resources/webjars/]]
2026-02-20 18:08:26.650 DEBUG 8472 --- [nio-8080-exec-1] o.s.web.servlet.DispatcherServlet        : GET "/swagger-ui/favicon-32x32.png", parameters={}
2026-02-20 18:08:26.653 DEBUG 8472 --- [nio-8080-exec-1] o.s.w.s.handler.SimpleUrlHandlerMapping  : Mapped to ResourceHttpRequestHandler [classpath [META-INF/resources/webjars/]]
2026-02-20 18:08:26.675 DEBUG 8472 --- [nio-8080-exec-1] o.s.web.servlet.DispatcherServlet        : Completed 200 OK
2026-02-20 18:08:26.688 DEBUG 8472 --- [io-8080-exec-10] m.m.a.RequestResponseBodyMethodProcessor : Using 'application/json', given [*/*] and supported [application/json]
2026-02-20 18:08:26.692 DEBUG 8472 --- [io-8080-exec-10] m.m.a.RequestResponseBodyMethodProcessor : Writing [{configUrl=/v3/api-docs/swagger-config, oauth2RedirectUrl=http://localhost:8080/swagger-ui/oauth2-re (truncated)...]
2026-02-20 18:08:26.695 DEBUG 8472 --- [io-8080-exec-10] o.s.web.servlet.DispatcherServlet        : Completed 200 OK
2026-02-20 18:08:26.878 DEBUG 8472 --- [nio-8080-exec-2] s.w.s.m.m.a.RequestMappingHandlerMapping : Mapped to org.springdoc.webmvc.api.OpenApiWebMvcResource#openapiJson(HttpServletRequest, String, Locale)
2026-02-20 18:08:26.882 DEBUG 8472 --- [nio-8080-exec-2] o.s.web.servlet.DispatcherServlet        : GET "/v3/api-docs", parameters={}
2026-02-20 18:08:26.888 DEBUG 8472 --- [nio-8080-exec-2] s.w.s.m.m.a.RequestMappingHandlerMapping : Mapped to org.springdoc.webmvc.api.OpenApiWebMvcResource#openapiJson(HttpServletRequest, String, Locale)
2026-02-20 18:08:32.595  INFO 8472 --- [nio-8080-exec-2] o.springdoc.api.AbstractOpenApiResource  : Init duration for springdoc-openapi is: 5401 ms
2026-02-20 18:08:32.853 DEBUG 8472 --- [nio-8080-exec-2] m.m.a.RequestResponseBodyMethodProcessor : Using 'application/json', given [application/json, */*] and supported [application/json]
2026-02-20 18:08:32.883 DEBUG 8472 --- [nio-8080-exec-2] m.m.a.RequestResponseBodyMethodProcessor : Writing [{123, 34, 111, 112, 101, 110, 97, 112, 105, 34, 58, 34, 51, 46, 48, 46, 49, 34, 44, 34, 105, 110, 10 (truncated)...]
2026-02-20 18:08:32.938 DEBUG 8472 --- [nio-8080-exec-2] o.s.web.servlet.DispatcherServlet        : Completed 200 OK
2026-02-20 18:30:54.636 DEBUG 8472 --- [nio-8080-exec-6] s.w.s.m.m.a.RequestMappingHandlerMapping : Mapped to com.casavida.backend.controllers.FraccionamientoController#getAllFraccionamientos()
2026-02-20 18:30:54.815 DEBUG 8472 --- [nio-8080-exec-6] o.s.web.servlet.DispatcherServlet        : HEAD "/api/fraccionamientos/public", parameters={}
2026-02-20 18:30:54.818 DEBUG 8472 --- [nio-8080-exec-6] s.w.s.m.m.a.RequestMappingHandlerMapping : Mapped to com.casavida.backend.controllers.FraccionamientoController#getAllFraccionamientos()
2026-02-20 18:30:54.968 DEBUG 8472 --- [nio-8080-exec-6] org.hibernate.SQL                        : select fraccionam0_.id as id1_4_, fraccionam0_.coordenadas_geo as coordena2_4_, fraccionam0_.descripcion as descripc3_4_, fraccionam0_.logo_url as logo_url4_4_, fraccionam0_.nombre as nombre5_4_, fraccionam0_.poligono_delimitador as poligono6_4_, fraccionam0_.ubicacion as ubicacio7_4_ from fraccionamientos fraccionam0_
Hibernate: select fraccionam0_.id as id1_4_, fraccionam0_.coordenadas_geo as coordena2_4_, fraccionam0_.descripcion as descripc3_4_, fraccionam0_.logo_url as logo_url4_4_, fraccionam0_.nombre as nombre5_4_, fraccionam0_.poligono_delimitador as poligono6_4_, fraccionam0_.ubicacion as ubicacio7_4_ from fraccionamientos fraccionam0_
2026-02-20 18:30:55.185 DEBUG 8472 --- [nio-8080-exec-6] m.m.a.RequestResponseBodyMethodProcessor : Using 'application/json', given [*/*] and supported [application/json, application/*+json, application/json, application/*+json]
2026-02-20 18:30:55.200 DEBUG 8472 --- [nio-8080-exec-6] m.m.a.RequestResponseBodyMethodProcessor : Writing [[Fraccionamiento(id=1, nombre=Residencial Las Palmas, ubicacion=Cancún, Quintana Roo, descripcion=Ex (truncated)...]
2026-02-20 18:30:55.229 DEBUG 8472 --- [nio-8080-exec-6] o.s.web.servlet.DispatcherServlet        : Completed 200 OK
2026-02-20 18:41:43.206 DEBUG 8472 --- [nio-8080-exec-8] s.w.s.m.m.a.RequestMappingHandlerMapping : Mapped to com.casavida.backend.controllers.LoteController#getAvailableLotes(Long, String, String)
2026-02-20 18:41:43.201 DEBUG 8472 --- [nio-8080-exec-7] s.w.s.m.m.a.RequestMappingHandlerMapping : Mapped to com.casavida.backend.controllers.FraccionamientoController#getAllFraccionamientos()
2026-02-20 18:41:43.227 DEBUG 8472 --- [nio-8080-exec-7] o.s.web.servlet.DispatcherServlet        : GET "/api/fraccionamientos/public", parameters={}
2026-02-20 18:41:43.229 DEBUG 8472 --- [nio-8080-exec-7] s.w.s.m.m.a.RequestMappingHandlerMapping : Mapped to com.casavida.backend.controllers.FraccionamientoController#getAllFraccionamientos()
2026-02-20 18:41:43.262 DEBUG 8472 --- [nio-8080-exec-7] org.hibernate.SQL                        : select fraccionam0_.id as id1_4_, fraccionam0_.coordenadas_geo as coordena2_4_, fraccionam0_.descripcion as descripc3_4_, fraccionam0_.logo_url as logo_url4_4_, fraccionam0_.nombre as nombre5_4_, fraccionam0_.poligono_delimitador as poligono6_4_, fraccionam0_.ubicacion as ubicacio7_4_ from fraccionamientos fraccionam0_
Hibernate: select fraccionam0_.id as id1_4_, fraccionam0_.coordenadas_geo as coordena2_4_, fraccionam0_.descripcion as descripc3_4_, fraccionam0_.logo_url as logo_url4_4_, fraccionam0_.nombre as nombre5_4_, fraccionam0_.poligono_delimitador as poligono6_4_, fraccionam0_.ubicacion as ubicacio7_4_ from fraccionamientos fraccionam0_
2026-02-20 18:41:43.286 DEBUG 8472 --- [nio-8080-exec-8] o.s.web.servlet.DispatcherServlet        : GET "/api/lotes/public?sortDir=asc", parameters={masked}
2026-02-20 18:41:43.287 DEBUG 8472 --- [nio-8080-exec-8] s.w.s.m.m.a.RequestMappingHandlerMapping : Mapped to com.casavida.backend.controllers.LoteController#getAvailableLotes(Long, String, String)
2026-02-20 18:41:43.308 DEBUG 8472 --- [nio-8080-exec-7] m.m.a.RequestResponseBodyMethodProcessor : Using 'application/json', given [application/json, text/plain, */*] and supported [application/json, application/*+json, application/json, application/*+json]
2026-02-20 18:41:43.310 DEBUG 8472 --- [nio-8080-exec-7] m.m.a.RequestResponseBodyMethodProcessor : Writing [[Fraccionamiento(id=1, nombre=Residencial Las Palmas, ubicacion=Cancún, Quintana Roo, descripcion=Ex (truncated)...]
2026-02-20 18:41:43.334 DEBUG 8472 --- [nio-8080-exec-7] o.s.web.servlet.DispatcherServlet        : Completed 200 OK
2026-02-20 18:41:43.861 DEBUG 8472 --- [nio-8080-exec-8] org.hibernate.SQL                        : select lote0_.id as id1_7_, lote0_.area_metros_cuadrados as area_met2_7_, lote0_.coordenadas_geo as coordena3_7_, lote0_.descripcion as descripc4_7_, lote0_.estatus as estatus5_7_, lote0_.fraccionamiento_id as fraccio12_7_, lote0_.imagen_url as imagen_u6_7_, lote0_.manzana as manzana7_7_, lote0_.notas as notas8_7_, lote0_.numero_lote as numero_l9_7_, lote0_.plano_coordinates as plano_c10_7_, lote0_.precio_total as precio_11_7_ from lotes lote0_ left outer join fraccionamientos fraccionam1_ on lote0_.fraccionamiento_id=fraccionam1_.id where lote0_.estatus=? and (? is null or (fraccionam1_.id is not null) and fraccionam1_.id=?) and (? is null or (fraccionam1_.id is not null) and (lower(fraccionam1_.ubicacion) like lower(('%'||?||'%')))) order by lote0_.precio_total asc
Hibernate: select lote0_.id as id1_7_, lote0_.area_metros_cuadrados as area_met2_7_, lote0_.coordenadas_geo as coordena3_7_, lote0_.descripcion as descripc4_7_, lote0_.estatus as estatus5_7_, lote0_.fraccionamiento_id as fraccio12_7_, lote0_.imagen_url as imagen_u6_7_, lote0_.manzana as manzana7_7_, lote0_.notas as notas8_7_, lote0_.numero_lote as numero_l9_7_, lote0_.plano_coordinates as plano_c10_7_, lote0_.precio_total as precio_11_7_ from lotes lote0_ left outer join fraccionamientos fraccionam1_ on lote0_.fraccionamiento_id=fraccionam1_.id where lote0_.estatus=? and (? is null or (fraccionam1_.id is not null) and fraccionam1_.id=?) and (? is null or (fraccionam1_.id is not null) and (lower(fraccionam1_.ubicacion) like lower(('%'||?||'%')))) order by lote0_.precio_total asc
2026-02-20 18:41:43.950 TRACE 8472 --- [nio-8080-exec-8] o.h.type.descriptor.sql.BasicBinder      : binding parameter [1] as [VARCHAR] - [DISPONIBLE]
2026-02-20 18:41:43.950 TRACE 8472 --- [nio-8080-exec-8] o.h.type.descriptor.sql.BasicBinder      : binding parameter [2] as [BIGINT] - [null]
2026-02-20 18:41:43.952 TRACE 8472 --- [nio-8080-exec-8] o.h.type.descriptor.sql.BasicBinder      : binding parameter [3] as [BIGINT] - [null]
2026-02-20 18:41:43.954 TRACE 8472 --- [nio-8080-exec-8] o.h.type.descriptor.sql.BasicBinder      : binding parameter [4] as [VARCHAR] - [null]
2026-02-20 18:41:43.954 TRACE 8472 --- [nio-8080-exec-8] o.h.type.descriptor.sql.BasicBinder      : binding parameter [5] as [VARCHAR] - [null]
2026-02-20 18:41:43.966 DEBUG 8472 --- [nio-8080-exec-8] m.m.a.RequestResponseBodyMethodProcessor : Using 'application/json', given [application/json, text/plain, */*] and supported [application/json, application/*+json, application/json, application/*+json]
2026-02-20 18:41:43.969 DEBUG 8472 --- [nio-8080-exec-8] m.m.a.RequestResponseBodyMethodProcessor : Writing [[]]
2026-02-20 18:41:43.990 DEBUG 8472 --- [nio-8080-exec-8] o.s.web.servlet.DispatcherServlet        : Completed 200 OK
2026-02-20 18:41:52.370 DEBUG 8472 --- [nio-8080-exec-1] s.w.s.m.m.a.RequestMappingHandlerMapping : Mapped to com.casavida.backend.controllers.AuthController#authenticateUser(LoginRequest)
2026-02-20 18:41:52.373 DEBUG 8472 --- [nio-8080-exec-1] o.s.web.servlet.DispatcherServlet        : POST "/api/auth/signin", parameters={}
2026-02-20 18:41:52.374 DEBUG 8472 --- [nio-8080-exec-1] s.w.s.m.m.a.RequestMappingHandlerMapping : Mapped to com.casavida.backend.controllers.AuthController#authenticateUser(LoginRequest)
2026-02-20 18:41:52.472 DEBUG 8472 --- [nio-8080-exec-1] m.m.a.RequestResponseBodyMethodProcessor : Read "application/json;charset=UTF-8" to [com.casavida.backend.payload.request.LoginRequest@374939fe]
2026-02-20 18:41:52.582 DEBUG 8472 --- [nio-8080-exec-1] org.hibernate.SQL                        : select user0_.id as id1_15_, user0_.created_at as created_2_15_, user0_.email as email3_15_, user0_.password as password4_15_, user0_.username as username5_15_ from users user0_ where user0_.username=?
Hibernate: select user0_.id as id1_15_, user0_.created_at as created_2_15_, user0_.email as email3_15_, user0_.password as password4_15_, user0_.username as username5_15_ from users user0_ where user0_.username=?
2026-02-20 18:41:52.585 TRACE 8472 --- [nio-8080-exec-1] o.h.type.descriptor.sql.BasicBinder      : binding parameter [1] as [VARCHAR] - [admin]
2026-02-20 18:41:52.612 DEBUG 8472 --- [nio-8080-exec-1] org.hibernate.SQL                        : select roles0_.user_id as user_id1_14_0_, roles0_.role_id as role_id2_14_0_, role1_.id as id1_13_1_, role1_.name as name2_13_1_ from user_roles roles0_ inner join roles role1_ on roles0_.role_id=role1_.id where roles0_.user_id=?
Hibernate: select roles0_.user_id as user_id1_14_0_, roles0_.role_id as role_id2_14_0_, role1_.id as id1_13_1_, role1_.name as name2_13_1_ from user_roles roles0_ inner join roles role1_ on roles0_.role_id=role1_.id where roles0_.user_id=?
2026-02-20 18:41:52.614 TRACE 8472 --- [nio-8080-exec-1] o.h.type.descriptor.sql.BasicBinder      : binding parameter [1] as [BIGINT] - [1]
2026-02-20 18:41:52.952 DEBUG 8472 --- [nio-8080-exec-1] o.s.w.s.m.m.a.HttpEntityMethodProcessor  : Using 'application/json', given [application/json, text/plain, */*] and supported [application/json, application/*+json, application/json, application/*+json]
2026-02-20 18:41:52.959 DEBUG 8472 --- [nio-8080-exec-1] o.s.w.s.m.m.a.HttpEntityMethodProcessor  : Writing [com.casavida.backend.payload.response.JwtResponse@1d191048]
2026-02-20 18:41:52.967 DEBUG 8472 --- [nio-8080-exec-1] o.s.web.servlet.DispatcherServlet        : Completed 200 OK
2026-02-20 18:41:53.657 DEBUG 8472 --- [nio-8080-exec-3] s.w.s.m.m.a.RequestMappingHandlerMapping : Mapped to com.casavida.backend.controllers.FraccionamientoController#getAllFraccionamientos()
2026-02-20 18:41:53.657 DEBUG 8472 --- [nio-8080-exec-4] s.w.s.m.m.a.RequestMappingHandlerMapping : Mapped to com.casavida.backend.controllers.LoteController#getAvailableLotes(Long, String, String)
2026-02-20 18:41:53.756 DEBUG 8472 --- [nio-8080-exec-4] org.hibernate.SQL                        : select user0_.id as id1_15_, user0_.created_at as created_2_15_, user0_.email as email3_15_, user0_.password as password4_15_, user0_.username as username5_15_ from users user0_ where user0_.username=?
Hibernate: select user0_.id as id1_15_, user0_.created_at as created_2_15_, user0_.email as email3_15_, user0_.password as password4_15_, user0_.username as username5_15_ from users user0_ where user0_.username=?
2026-02-20 18:41:53.759 TRACE 8472 --- [nio-8080-exec-4] o.h.type.descriptor.sql.BasicBinder      : binding parameter [1] as [VARCHAR] - [admin]
2026-02-20 18:41:53.761 DEBUG 8472 --- [nio-8080-exec-3] org.hibernate.SQL                        : select user0_.id as id1_15_, user0_.created_at as created_2_15_, user0_.email as email3_15_, user0_.password as password4_15_, user0_.username as username5_15_ from users user0_ where user0_.username=?
Hibernate: select user0_.id as id1_15_, user0_.created_at as created_2_15_, user0_.email as email3_15_, user0_.password as password4_15_, user0_.username as username5_15_ from users user0_ where user0_.username=?
2026-02-20 18:41:53.762 TRACE 8472 --- [nio-8080-exec-3] o.h.type.descriptor.sql.BasicBinder      : binding parameter [1] as [VARCHAR] - [admin]
2026-02-20 18:41:53.764 DEBUG 8472 --- [nio-8080-exec-4] org.hibernate.SQL                        : select roles0_.user_id as user_id1_14_0_, roles0_.role_id as role_id2_14_0_, role1_.id as id1_13_1_, role1_.name as name2_13_1_ from user_roles roles0_ inner join roles role1_ on roles0_.role_id=role1_.id where roles0_.user_id=?
Hibernate: select roles0_.user_id as user_id1_14_0_, roles0_.role_id as role_id2_14_0_, role1_.id as id1_13_1_, role1_.name as name2_13_1_ from user_roles roles0_ inner join roles role1_ on roles0_.role_id=role1_.id where roles0_.user_id=?
2026-02-20 18:41:53.765 TRACE 8472 --- [nio-8080-exec-4] o.h.type.descriptor.sql.BasicBinder      : binding parameter [1] as [BIGINT] - [1]
2026-02-20 18:41:53.771 DEBUG 8472 --- [nio-8080-exec-3] org.hibernate.SQL                        : select roles0_.user_id as user_id1_14_0_, roles0_.role_id as role_id2_14_0_, role1_.id as id1_13_1_, role1_.name as name2_13_1_ from user_roles roles0_ inner join roles role1_ on roles0_.role_id=role1_.id where roles0_.user_id=?
Hibernate: select roles0_.user_id as user_id1_14_0_, roles0_.role_id as role_id2_14_0_, role1_.id as id1_13_1_, role1_.name as name2_13_1_ from user_roles roles0_ inner join roles role1_ on roles0_.role_id=role1_.id where roles0_.user_id=?
2026-02-20 18:41:53.775 TRACE 8472 --- [nio-8080-exec-3] o.h.type.descriptor.sql.BasicBinder      : binding parameter [1] as [BIGINT] - [1]
2026-02-20 18:41:53.777 DEBUG 8472 --- [nio-8080-exec-4] o.s.web.servlet.DispatcherServlet        : GET "/api/lotes/public?sortDir=asc", parameters={masked}
2026-02-20 18:41:53.778 DEBUG 8472 --- [nio-8080-exec-4] s.w.s.m.m.a.RequestMappingHandlerMapping : Mapped to com.casavida.backend.controllers.LoteController#getAvailableLotes(Long, String, String)
2026-02-20 18:41:53.784 DEBUG 8472 --- [nio-8080-exec-4] org.hibernate.SQL                        : select lote0_.id as id1_7_, lote0_.area_metros_cuadrados as area_met2_7_, lote0_.coordenadas_geo as coordena3_7_, lote0_.descripcion as descripc4_7_, lote0_.estatus as estatus5_7_, lote0_.fraccionamiento_id as fraccio12_7_, lote0_.imagen_url as imagen_u6_7_, lote0_.manzana as manzana7_7_, lote0_.notas as notas8_7_, lote0_.numero_lote as numero_l9_7_, lote0_.plano_coordinates as plano_c10_7_, lote0_.precio_total as precio_11_7_ from lotes lote0_ left outer join fraccionamientos fraccionam1_ on lote0_.fraccionamiento_id=fraccionam1_.id where lote0_.estatus=? and (? is null or (fraccionam1_.id is not null) and fraccionam1_.id=?) and (? is null or (fraccionam1_.id is not null) and (lower(fraccionam1_.ubicacion) like lower(('%'||?||'%')))) order by lote0_.precio_total asc
Hibernate: select lote0_.id as id1_7_, lote0_.area_metros_cuadrados as area_met2_7_, lote0_.coordenadas_geo as coordena3_7_, lote0_.descripcion as descripc4_7_, lote0_.estatus as estatus5_7_, lote0_.fraccionamiento_id as fraccio12_7_, lote0_.imagen_url as imagen_u6_7_, lote0_.manzana as manzana7_7_, lote0_.notas as notas8_7_, lote0_.numero_lote as numero_l9_7_, lote0_.plano_coordinates as plano_c10_7_, lote0_.precio_total as precio_11_7_ from lotes lote0_ left outer join fraccionamientos fraccionam1_ on lote0_.fraccionamiento_id=fraccionam1_.id where lote0_.estatus=? and (? is null or (fraccionam1_.id is not null) and fraccionam1_.id=?) and (? is null or (fraccionam1_.id is not null) and (lower(fraccionam1_.ubicacion) like lower(('%'||?||'%')))) order by lote0_.precio_total asc
2026-02-20 18:41:53.785 TRACE 8472 --- [nio-8080-exec-4] o.h.type.descriptor.sql.BasicBinder      : binding parameter [1] as [VARCHAR] - [DISPONIBLE]
2026-02-20 18:41:53.786 TRACE 8472 --- [nio-8080-exec-4] o.h.type.descriptor.sql.BasicBinder      : binding parameter [2] as [BIGINT] - [null]
2026-02-20 18:41:53.786 TRACE 8472 --- [nio-8080-exec-4] o.h.type.descriptor.sql.BasicBinder      : binding parameter [3] as [BIGINT] - [null]
2026-02-20 18:41:53.786 TRACE 8472 --- [nio-8080-exec-4] o.h.type.descriptor.sql.BasicBinder      : binding parameter [4] as [VARCHAR] - [null]
2026-02-20 18:41:53.786 TRACE 8472 --- [nio-8080-exec-4] o.h.type.descriptor.sql.BasicBinder      : binding parameter [5] as [VARCHAR] - [null]
2026-02-20 18:41:53.788 DEBUG 8472 --- [nio-8080-exec-3] o.s.web.servlet.DispatcherServlet        : GET "/api/fraccionamientos/public", parameters={}
2026-02-20 18:41:53.788 DEBUG 8472 --- [nio-8080-exec-4] m.m.a.RequestResponseBodyMethodProcessor : Using 'application/json', given [application/json, text/plain, */*] and supported [application/json, application/*+json, application/json, application/*+json]
2026-02-20 18:41:53.788 DEBUG 8472 --- [nio-8080-exec-3] s.w.s.m.m.a.RequestMappingHandlerMapping : Mapped to com.casavida.backend.controllers.FraccionamientoController#getAllFraccionamientos()
2026-02-20 18:41:53.788 DEBUG 8472 --- [nio-8080-exec-4] m.m.a.RequestResponseBodyMethodProcessor : Writing [[]]
2026-02-20 18:41:53.792 DEBUG 8472 --- [nio-8080-exec-4] o.s.web.servlet.DispatcherServlet        : Completed 200 OK
2026-02-20 18:41:53.793 DEBUG 8472 --- [nio-8080-exec-3] org.hibernate.SQL                        : select fraccionam0_.id as id1_4_, fraccionam0_.coordenadas_geo as coordena2_4_, fraccionam0_.descripcion as descripc3_4_, fraccionam0_.logo_url as logo_url4_4_, fraccionam0_.nombre as nombre5_4_, fraccionam0_.poligono_delimitador as poligono6_4_, fraccionam0_.ubicacion as ubicacio7_4_ from fraccionamientos fraccionam0_
Hibernate: select fraccionam0_.id as id1_4_, fraccionam0_.coordenadas_geo as coordena2_4_, fraccionam0_.descripcion as descripc3_4_, fraccionam0_.logo_url as logo_url4_4_, fraccionam0_.nombre as nombre5_4_, fraccionam0_.poligono_delimitador as poligono6_4_, fraccionam0_.ubicacion as ubicacio7_4_ from fraccionamientos fraccionam0_
2026-02-20 18:41:53.809 DEBUG 8472 --- [nio-8080-exec-3] m.m.a.RequestResponseBodyMethodProcessor : Using 'application/json', given [application/json, text/plain, */*] and supported [application/json, application/*+json, application/json, application/*+json]
2026-02-20 18:41:53.809 DEBUG 8472 --- [nio-8080-exec-3] m.m.a.RequestResponseBodyMethodProcessor : Writing [[Fraccionamiento(id=1, nombre=Residencial Las Palmas, ubicacion=Cancún, Quintana Roo, descripcion=Ex (truncated)...]
2026-02-20 18:41:53.811 DEBUG 8472 --- [nio-8080-exec-3] o.s.web.servlet.DispatcherServlet        : Completed 200 OK
2026-02-20 18:42:24.822 DEBUG 8472 --- [nio-8080-exec-6] s.w.s.m.m.a.RequestMappingHandlerMapping : Mapped to com.casavida.backend.controllers.AdminController#getAllUsers()
2026-02-20 18:42:24.880 DEBUG 8472 --- [nio-8080-exec-6] org.hibernate.SQL                        : select user0_.id as id1_15_, user0_.created_at as created_2_15_, user0_.email as email3_15_, user0_.password as password4_15_, user0_.username as username5_15_ from users user0_ where user0_.username=?
Hibernate: select user0_.id as id1_15_, user0_.created_at as created_2_15_, user0_.email as email3_15_, user0_.password as password4_15_, user0_.username as username5_15_ from users user0_ where user0_.username=?
2026-02-20 18:42:24.888 TRACE 8472 --- [nio-8080-exec-6] o.h.type.descriptor.sql.BasicBinder      : binding parameter [1] as [VARCHAR] - [admin]
2026-02-20 18:42:24.889 DEBUG 8472 --- [nio-8080-exec-6] org.hibernate.SQL                        : select roles0_.user_id as user_id1_14_0_, roles0_.role_id as role_id2_14_0_, role1_.id as id1_13_1_, role1_.name as name2_13_1_ from user_roles roles0_ inner join roles role1_ on roles0_.role_id=role1_.id where roles0_.user_id=?
Hibernate: select roles0_.user_id as user_id1_14_0_, roles0_.role_id as role_id2_14_0_, role1_.id as id1_13_1_, role1_.name as name2_13_1_ from user_roles roles0_ inner join roles role1_ on roles0_.role_id=role1_.id where roles0_.user_id=?
2026-02-20 18:42:24.890 TRACE 8472 --- [nio-8080-exec-6] o.h.type.descriptor.sql.BasicBinder      : binding parameter [1] as [BIGINT] - [1]
2026-02-20 18:42:24.897 DEBUG 8472 --- [nio-8080-exec-6] o.s.web.servlet.DispatcherServlet        : GET "/api/admin/users", parameters={}
2026-02-20 18:42:24.898 DEBUG 8472 --- [nio-8080-exec-6] s.w.s.m.m.a.RequestMappingHandlerMapping : Mapped to com.casavida.backend.controllers.AdminController#getAllUsers()
2026-02-20 18:42:25.476 DEBUG 8472 --- [nio-8080-exec-6] org.hibernate.SQL                        : select user0_.id as id1_15_, user0_.created_at as created_2_15_, user0_.email as email3_15_, user0_.password as password4_15_, user0_.username as username5_15_ from users user0_
Hibernate: select user0_.id as id1_15_, user0_.created_at as created_2_15_, user0_.email as email3_15_, user0_.password as password4_15_, user0_.username as username5_15_ from users user0_
2026-02-20 18:42:25.492 DEBUG 8472 --- [nio-8080-exec-6] org.hibernate.SQL                        : select roles0_.user_id as user_id1_14_0_, roles0_.role_id as role_id2_14_0_, role1_.id as id1_13_1_, role1_.name as name2_13_1_ from user_roles roles0_ inner join roles role1_ on roles0_.role_id=role1_.id where roles0_.user_id=?
Hibernate: select roles0_.user_id as user_id1_14_0_, roles0_.role_id as role_id2_14_0_, role1_.id as id1_13_1_, role1_.name as name2_13_1_ from user_roles roles0_ inner join roles role1_ on roles0_.role_id=role1_.id where roles0_.user_id=?
2026-02-20 18:42:25.493 TRACE 8472 --- [nio-8080-exec-6] o.h.type.descriptor.sql.BasicBinder      : binding parameter [1] as [BIGINT] - [7]
2026-02-20 18:42:25.495 DEBUG 8472 --- [nio-8080-exec-6] org.hibernate.SQL                        : select roles0_.user_id as user_id1_14_0_, roles0_.role_id as role_id2_14_0_, role1_.id as id1_13_1_, role1_.name as name2_13_1_ from user_roles roles0_ inner join roles role1_ on roles0_.role_id=role1_.id where roles0_.user_id=?
Hibernate: select roles0_.user_id as user_id1_14_0_, roles0_.role_id as role_id2_14_0_, role1_.id as id1_13_1_, role1_.name as name2_13_1_ from user_roles roles0_ inner join roles role1_ on roles0_.role_id=role1_.id where roles0_.user_id=?
2026-02-20 18:42:25.495 TRACE 8472 --- [nio-8080-exec-6] o.h.type.descriptor.sql.BasicBinder      : binding parameter [1] as [BIGINT] - [6]
2026-02-20 18:42:25.608  WARN 8472 --- [nio-8080-exec-6] o.h.e.loading.internal.LoadContexts      : HHH000100: Fail-safe cleanup (collections) : org.hibernate.engine.loading.internal.CollectionLoadContext@4b892182<rs=HikariProxyResultSet@1256768083 wrapping rs121: null>
2026-02-20 18:42:25.611  WARN 8472 --- [nio-8080-exec-6] o.h.e.l.internal.CollectionLoadContext   : HHH000160: On CollectionLoadContext#cleanup, localLoadingCollectionKeys contained [1] entries
2026-02-20 18:42:25.995 DEBUG 8472 --- [nio-8080-exec-6] o.s.web.servlet.DispatcherServlet        : Failed to complete request: org.springframework.dao.InvalidDataAccessApiUsageException: No enum constant com.casavida.backend.entity.ERole.ROLE_DIRECTIVO; nested exception is java.lang.IllegalArgumentException: No enum constant com.casavida.backend.entity.ERole.ROLE_DIRECTIVO
2026-02-20 18:42:26.179 ERROR 8472 --- [nio-8080-exec-6] o.a.c.c.C.[.[.[/].[dispatcherServlet]    : Servlet.service() for servlet [dispatcherServlet] in context with path [] threw exception [Request processing failed; nested exception is org.springframework.dao.InvalidDataAccessApiUsageException: No enum constant com.casavida.backend.entity.ERole.ROLE_DIRECTIVO; nested exception is java.lang.IllegalArgumentException: No enum constant com.casavida.backend.entity.ERole.ROLE_DIRECTIVO] with root cause

java.lang.IllegalArgumentException: No enum constant com.casavida.backend.entity.ERole.ROLE_DIRECTIVO
	at java.base/java.lang.Enum.valueOf(Enum.java:240) ~[na:na]
	at org.hibernate.type.descriptor.java.EnumJavaTypeDescriptor.fromName(EnumJavaTypeDescriptor.java:84) ~[hibernate-core-5.6.15.Final.jar:5.6.15.Final]
	at org.hibernate.type.descriptor.java.EnumJavaTypeDescriptor.wrap(EnumJavaTypeDescriptor.java:54) ~[hibernate-core-5.6.15.Final.jar:5.6.15.Final]
	at org.hibernate.type.descriptor.java.EnumJavaTypeDescriptor.wrap(EnumJavaTypeDescriptor.java:16) ~[hibernate-core-5.6.15.Final.jar:5.6.15.Final]
	at org.hibernate.type.descriptor.sql.VarcharTypeDescriptor$2.doExtract(VarcharTypeDescriptor.java:62) ~[hibernate-core-5.6.15.Final.jar:5.6.15.Final]
	at org.hibernate.type.descriptor.sql.BasicExtractor.extract(BasicExtractor.java:47) ~[hibernate-core-5.6.15.Final.jar:5.6.15.Final]
	at org.hibernate.metamodel.model.convert.internal.NamedEnumValueConverter.readValue(NamedEnumValueConverter.java:68) ~[hibernate-core-5.6.15.Final.jar:5.6.15.Final]
	at org.hibernate.type.EnumType.nullSafeGet(EnumType.java:250) ~[hibernate-core-5.6.15.Final.jar:5.6.15.Final]
	at org.hibernate.type.CustomType.nullSafeGet(CustomType.java:119) ~[hibernate-core-5.6.15.Final.jar:5.6.15.Final]
	at org.hibernate.type.AbstractType.hydrate(AbstractType.java:91) ~[hibernate-core-5.6.15.Final.jar:5.6.15.Final]
	at org.hibernate.persister.entity.AbstractEntityPersister.hydrate(AbstractEntityPersister.java:3214) ~[hibernate-core-5.6.15.Final.jar:5.6.15.Final]
	at org.hibernate.persister.entity.Loadable.hydrate(Loadable.java:94) ~[hibernate-core-5.6.15.Final.jar:5.6.15.Final]
	at org.hibernate.loader.plan.exec.process.internal.EntityReferenceInitializerImpl.loadFromResultSet(EntityReferenceInitializerImpl.java:342) ~[hibernate-core-5.6.15.Final.jar:5.6.15.Final]
	at org.hibernate.loader.plan.exec.process.internal.EntityReferenceInitializerImpl.hydrateEntityState(EntityReferenceInitializerImpl.java:269) ~[hibernate-core-5.6.15.Final.jar:5.6.15.Final]
	at org.hibernate.loader.plan.exec.process.internal.AbstractRowReader.readRow(AbstractRowReader.java:80) ~[hibernate-core-5.6.15.Final.jar:5.6.15.Final]
	at org.hibernate.loader.plan.exec.process.internal.ResultSetProcessorImpl.extractRows(ResultSetProcessorImpl.java:157) ~[hibernate-core-5.6.15.Final.jar:5.6.15.Final]
	at org.hibernate.loader.plan.exec.process.internal.ResultSetProcessorImpl.extractResults(ResultSetProcessorImpl.java:94) ~[hibernate-core-5.6.15.Final.jar:5.6.15.Final]
	at org.hibernate.loader.plan.exec.internal.AbstractLoadPlanBasedLoader.executeLoad(AbstractLoadPlanBasedLoader.java:105) ~[hibernate-core-5.6.15.Final.jar:5.6.15.Final]
	at org.hibernate.loader.collection.plan.AbstractLoadPlanBasedCollectionInitializer.initialize(AbstractLoadPlanBasedCollectionInitializer.java:87) ~[hibernate-core-5.6.15.Final.jar:5.6.15.Final]
	at org.hibernate.persister.collection.AbstractCollectionPersister.initialize(AbstractCollectionPersister.java:705) ~[hibernate-core-5.6.15.Final.jar:5.6.15.Final]
	at org.hibernate.event.internal.DefaultInitializeCollectionEventListener.onInitializeCollection(DefaultInitializeCollectionEventListener.java:76) ~[hibernate-core-5.6.15.Final.jar:5.6.15.Final]
	at org.hibernate.event.service.internal.EventListenerGroupImpl.fireEventOnEachListener(EventListenerGroupImpl.java:107) ~[hibernate-core-5.6.15.Final.jar:5.6.15.Final]
	at org.hibernate.internal.SessionImpl.initializeCollection(SessionImpl.java:2208) ~[hibernate-core-5.6.15.Final.jar:5.6.15.Final]
	at org.hibernate.collection.internal.AbstractPersistentCollection$4.doWork(AbstractPersistentCollection.java:595) ~[hibernate-core-5.6.15.Final.jar:5.6.15.Final]
	at org.hibernate.collection.internal.AbstractPersistentCollection.withTemporarySessionIfNeeded(AbstractPersistentCollection.java:264) ~[hibernate-core-5.6.15.Final.jar:5.6.15.Final]
	at org.hibernate.collection.internal.AbstractPersistentCollection.initialize(AbstractPersistentCollection.java:591) ~[hibernate-core-5.6.15.Final.jar:5.6.15.Final]
	at org.hibernate.collection.internal.AbstractPersistentCollection.forceInitialization(AbstractPersistentCollection.java:787) ~[hibernate-core-5.6.15.Final.jar:5.6.15.Final]
	at org.hibernate.engine.internal.StatefulPersistenceContext.initializeNonLazyCollections(StatefulPersistenceContext.java:1005) ~[hibernate-core-5.6.15.Final.jar:5.6.15.Final]
	at org.hibernate.engine.internal.StatefulPersistenceContext.initializeNonLazyCollections(StatefulPersistenceContext.java:991) ~[hibernate-core-5.6.15.Final.jar:5.6.15.Final]
	at org.hibernate.loader.Loader.doQueryAndInitializeNonLazyCollections(Loader.java:362) ~[hibernate-core-5.6.15.Final.jar:5.6.15.Final]
	at org.hibernate.loader.Loader.doList(Loader.java:2868) ~[hibernate-core-5.6.15.Final.jar:5.6.15.Final]
	at org.hibernate.loader.Loader.doList(Loader.java:2850) ~[hibernate-core-5.6.15.Final.jar:5.6.15.Final]
	at org.hibernate.loader.Loader.listIgnoreQueryCache(Loader.java:2682) ~[hibernate-core-5.6.15.Final.jar:5.6.15.Final]
	at org.hibernate.loader.Loader.list(Loader.java:2677) ~[hibernate-core-5.6.15.Final.jar:5.6.15.Final]
	at org.hibernate.loader.hql.QueryLoader.list(QueryLoader.java:540) ~[hibernate-core-5.6.15.Final.jar:5.6.15.Final]
	at org.hibernate.hql.internal.ast.QueryTranslatorImpl.list(QueryTranslatorImpl.java:400) ~[hibernate-core-5.6.15.Final.jar:5.6.15.Final]
	at org.hibernate.engine.query.spi.HQLQueryPlan.performList(HQLQueryPlan.java:218) ~[hibernate-core-5.6.15.Final.jar:5.6.15.Final]
	at org.hibernate.internal.SessionImpl.list(SessionImpl.java:1459) ~[hibernate-core-5.6.15.Final.jar:5.6.15.Final]
	at org.hibernate.query.internal.AbstractProducedQuery.doList(AbstractProducedQuery.java:1649) ~[hibernate-core-5.6.15.Final.jar:5.6.15.Final]
	at org.hibernate.query.internal.AbstractProducedQuery.list(AbstractProducedQuery.java:1617) ~[hibernate-core-5.6.15.Final.jar:5.6.15.Final]
	at org.hibernate.query.Query.getResultList(Query.java:165) ~[hibernate-core-5.6.15.Final.jar:5.6.15.Final]
	at org.hibernate.query.criteria.internal.compile.CriteriaQueryTypeQueryAdapter.getResultList(CriteriaQueryTypeQueryAdapter.java:76) ~[hibernate-core-5.6.15.Final.jar:5.6.15.Final]
	at org.springframework.data.jpa.repository.support.SimpleJpaRepository.findAll(SimpleJpaRepository.java:427) ~[spring-data-jpa-2.7.18.jar:2.7.18]
	at org.springframework.data.jpa.repository.support.SimpleJpaRepository.findAll(SimpleJpaRepository.java:88) ~[spring-data-jpa-2.7.18.jar:2.7.18]
	at java.base/jdk.internal.reflect.NativeMethodAccessorImpl.invoke0(Native Method) ~[na:na]
	at java.base/jdk.internal.reflect.NativeMethodAccessorImpl.invoke(NativeMethodAccessorImpl.java:62) ~[na:na]
	at java.base/jdk.internal.reflect.DelegatingMethodAccessorImpl.invoke(DelegatingMethodAccessorImpl.java:43) ~[na:na]
	at java.base/java.lang.reflect.Method.invoke(Method.java:566) ~[na:na]
	at org.springframework.data.repository.core.support.RepositoryMethodInvoker$RepositoryFragmentMethodInvoker.lambda$new$0(RepositoryMethodInvoker.java:289) ~[spring-data-commons-2.7.18.jar:2.7.18]
	at org.springframework.data.repository.core.support.RepositoryMethodInvoker.doInvoke(RepositoryMethodInvoker.java:137) ~[spring-data-commons-2.7.18.jar:2.7.18]
	at org.springframework.data.repository.core.support.RepositoryMethodInvoker.invoke(RepositoryMethodInvoker.java:121) ~[spring-data-commons-2.7.18.jar:2.7.18]
	at org.springframework.data.repository.core.support.RepositoryComposition$RepositoryFragments.invoke(RepositoryComposition.java:530) ~[spring-data-commons-2.7.18.jar:2.7.18]
	at org.springframework.data.repository.core.support.RepositoryComposition.invoke(RepositoryComposition.java:286) ~[spring-data-commons-2.7.18.jar:2.7.18]
	at org.springframework.data.repository.core.support.RepositoryFactorySupport$ImplementationMethodExecutionInterceptor.invoke(RepositoryFactorySupport.java:640) ~[spring-data-commons-2.7.18.jar:2.7.18]
	at org.springframework.aop.framework.ReflectiveMethodInvocation.proceed(ReflectiveMethodInvocation.java:186) ~[spring-aop-5.3.31.jar:5.3.31]
	at org.springframework.data.repository.core.support.QueryExecutorMethodInterceptor.doInvoke(QueryExecutorMethodInterceptor.java:164) ~[spring-data-commons-2.7.18.jar:2.7.18]
	at org.springframework.data.repository.core.support.QueryExecutorMethodInterceptor.invoke(QueryExecutorMethodInterceptor.java:139) ~[spring-data-commons-2.7.18.jar:2.7.18]
	at org.springframework.aop.framework.ReflectiveMethodInvocation.proceed(ReflectiveMethodInvocation.java:186) ~[spring-aop-5.3.31.jar:5.3.31]
	at org.springframework.data.projection.DefaultMethodInvokingMethodInterceptor.invoke(DefaultMethodInvokingMethodInterceptor.java:76) ~[spring-data-commons-2.7.18.jar:2.7.18]
	at org.springframework.aop.framework.ReflectiveMethodInvocation.proceed(ReflectiveMethodInvocation.java:186) ~[spring-aop-5.3.31.jar:5.3.31]
	at org.springframework.transaction.interceptor.TransactionInterceptor$1.proceedWithInvocation(TransactionInterceptor.java:123) ~[spring-tx-5.3.31.jar:5.3.31]
	at org.springframework.transaction.interceptor.TransactionAspectSupport.invokeWithinTransaction(TransactionAspectSupport.java:388) ~[spring-tx-5.3.31.jar:5.3.31]
	at org.springframework.transaction.interceptor.TransactionInterceptor.invoke(TransactionInterceptor.java:119) ~[spring-tx-5.3.31.jar:5.3.31]
	at org.springframework.aop.framework.ReflectiveMethodInvocation.proceed(ReflectiveMethodInvocation.java:186) ~[spring-aop-5.3.31.jar:5.3.31]
	at org.springframework.dao.support.PersistenceExceptionTranslationInterceptor.invoke(PersistenceExceptionTranslationInterceptor.java:137) ~[spring-tx-5.3.31.jar:5.3.31]
	at org.springframework.aop.framework.ReflectiveMethodInvocation.proceed(ReflectiveMethodInvocation.java:186) ~[spring-aop-5.3.31.jar:5.3.31]
	at org.springframework.data.jpa.repository.support.CrudMethodMetadataPostProcessor$CrudMethodMetadataPopulatingMethodInterceptor.invoke(CrudMethodMetadataPostProcessor.java:174) ~[spring-data-jpa-2.7.18.jar:2.7.18]
	at org.springframework.aop.framework.ReflectiveMethodInvocation.proceed(ReflectiveMethodInvocation.java:186) ~[spring-aop-5.3.31.jar:5.3.31]
	at org.springframework.aop.interceptor.ExposeInvocationInterceptor.invoke(ExposeInvocationInterceptor.java:97) ~[spring-aop-5.3.31.jar:5.3.31]
	at org.springframework.aop.framework.ReflectiveMethodInvocation.proceed(ReflectiveMethodInvocation.java:186) ~[spring-aop-5.3.31.jar:5.3.31]
	at org.springframework.aop.framework.JdkDynamicAopProxy.invoke(JdkDynamicAopProxy.java:241) ~[spring-aop-5.3.31.jar:5.3.31]
	at com.sun.proxy.$Proxy128.findAll(Unknown Source) ~[na:na]
	at com.casavida.backend.services.AdminService.getAllUsers(AdminService.java:32) ~[classes/:na]
	at com.casavida.backend.services.AdminService$$FastClassBySpringCGLIB$$b165fe77.invoke(<generated>) ~[classes/:na]
	at org.springframework.cglib.proxy.MethodProxy.invoke(MethodProxy.java:218) ~[spring-core-5.3.31.jar:5.3.31]
	at org.springframework.aop.framework.CglibAopProxy.invokeMethod(CglibAopProxy.java:386) ~[spring-aop-5.3.31.jar:5.3.31]
	at org.springframework.aop.framework.CglibAopProxy.access$000(CglibAopProxy.java:85) ~[spring-aop-5.3.31.jar:5.3.31]
	at org.springframework.aop.framework.CglibAopProxy$DynamicAdvisedInterceptor.intercept(CglibAopProxy.java:703) ~[spring-aop-5.3.31.jar:5.3.31]
	at com.casavida.backend.services.AdminService$$EnhancerBySpringCGLIB$$2c2ed84a.getAllUsers(<generated>) ~[classes/:na]
	at com.casavida.backend.controllers.AdminController.getAllUsers(AdminController.java:23) ~[classes/:na]
	at com.casavida.backend.controllers.AdminController$$FastClassBySpringCGLIB$$f026a35.invoke(<generated>) ~[classes/:na]
	at org.springframework.cglib.proxy.MethodProxy.invoke(MethodProxy.java:218) ~[spring-core-5.3.31.jar:5.3.31]
	at org.springframework.aop.framework.CglibAopProxy$CglibMethodInvocation.invokeJoinpoint(CglibAopProxy.java:792) ~[spring-aop-5.3.31.jar:5.3.31]
	at org.springframework.aop.framework.ReflectiveMethodInvocation.proceed(ReflectiveMethodInvocation.java:163) ~[spring-aop-5.3.31.jar:5.3.31]
	at org.springframework.aop.framework.CglibAopProxy$CglibMethodInvocation.proceed(CglibAopProxy.java:762) ~[spring-aop-5.3.31.jar:5.3.31]
	at org.springframework.security.access.intercept.aopalliance.MethodSecurityInterceptor.invoke(MethodSecurityInterceptor.java:61) ~[spring-security-core-5.7.11.jar:5.7.11]
	at org.springframework.aop.framework.ReflectiveMethodInvocation.proceed(ReflectiveMethodInvocation.java:186) ~[spring-aop-5.3.31.jar:5.3.31]
	at org.springframework.aop.framework.CglibAopProxy$CglibMethodInvocation.proceed(CglibAopProxy.java:762) ~[spring-aop-5.3.31.jar:5.3.31]
	at org.springframework.aop.framework.CglibAopProxy$DynamicAdvisedInterceptor.intercept(CglibAopProxy.java:707) ~[spring-aop-5.3.31.jar:5.3.31]
	at com.casavida.backend.controllers.AdminController$$EnhancerBySpringCGLIB$$787af546.getAllUsers(<generated>) ~[classes/:na]
	at java.base/jdk.internal.reflect.NativeMethodAccessorImpl.invoke0(Native Method) ~[na:na]
	at java.base/jdk.internal.reflect.NativeMethodAccessorImpl.invoke(NativeMethodAccessorImpl.java:62) ~[na:na]
	at java.base/jdk.internal.reflect.DelegatingMethodAccessorImpl.invoke(DelegatingMethodAccessorImpl.java:43) ~[na:na]
	at java.base/java.lang.reflect.Method.invoke(Method.java:566) ~[na:na]
	at org.springframework.web.method.support.InvocableHandlerMethod.doInvoke(InvocableHandlerMethod.java:205) ~[spring-web-5.3.31.jar:5.3.31]
	at org.springframework.web.method.support.InvocableHandlerMethod.invokeForRequest(InvocableHandlerMethod.java:150) ~[spring-web-5.3.31.jar:5.3.31]
	at org.springframework.web.servlet.mvc.method.annotation.ServletInvocableHandlerMethod.invokeAndHandle(ServletInvocableHandlerMethod.java:117) ~[spring-webmvc-5.3.31.jar:5.3.31]
	at org.springframework.web.servlet.mvc.method.annotation.RequestMappingHandlerAdapter.invokeHandlerMethod(RequestMappingHandlerAdapter.java:895) ~[spring-webmvc-5.3.31.jar:5.3.31]
	at org.springframework.web.servlet.mvc.method.annotation.RequestMappingHandlerAdapter.handleInternal(RequestMappingHandlerAdapter.java:808) ~[spring-webmvc-5.3.31.jar:5.3.31]
	at org.springframework.web.servlet.mvc.method.AbstractHandlerMethodAdapter.handle(AbstractHandlerMethodAdapter.java:87) ~[spring-webmvc-5.3.31.jar:5.3.31]
	at org.springframework.web.servlet.DispatcherServlet.doDispatch(DispatcherServlet.java:1072) ~[spring-webmvc-5.3.31.jar:5.3.31]
	at org.springframework.web.servlet.DispatcherServlet.doService(DispatcherServlet.java:965) ~[spring-webmvc-5.3.31.jar:5.3.31]
	at org.springframework.web.servlet.FrameworkServlet.processRequest(FrameworkServlet.java:1006) ~[spring-webmvc-5.3.31.jar:5.3.31]
	at org.springframework.web.servlet.FrameworkServlet.doGet(FrameworkServlet.java:898) ~[spring-webmvc-5.3.31.jar:5.3.31]
	at javax.servlet.http.HttpServlet.service(HttpServlet.java:529) ~[tomcat-embed-core-9.0.83.jar:4.0.FR]
	at org.springframework.web.servlet.FrameworkServlet.service(FrameworkServlet.java:883) ~[spring-webmvc-5.3.31.jar:5.3.31]
	at javax.servlet.http.HttpServlet.service(HttpServlet.java:623) ~[tomcat-embed-core-9.0.83.jar:4.0.FR]
	at org.apache.catalina.core.ApplicationFilterChain.internalDoFilter(ApplicationFilterChain.java:209) ~[tomcat-embed-core-9.0.83.jar:9.0.83]
	at org.apache.catalina.core.ApplicationFilterChain.doFilter(ApplicationFilterChain.java:153) ~[tomcat-embed-core-9.0.83.jar:9.0.83]
	at org.apache.tomcat.websocket.server.WsFilter.doFilter(WsFilter.java:51) ~[tomcat-embed-websocket-9.0.83.jar:9.0.83]
	at org.apache.catalina.core.ApplicationFilterChain.internalDoFilter(ApplicationFilterChain.java:178) ~[tomcat-embed-core-9.0.83.jar:9.0.83]
	at org.apache.catalina.core.ApplicationFilterChain.doFilter(ApplicationFilterChain.java:153) ~[tomcat-embed-core-9.0.83.jar:9.0.83]
	at org.springframework.web.filter.OncePerRequestFilter.doFilter(OncePerRequestFilter.java:111) ~[spring-web-5.3.31.jar:5.3.31]
	at org.apache.catalina.core.ApplicationFilterChain.internalDoFilter(ApplicationFilterChain.java:178) ~[tomcat-embed-core-9.0.83.jar:9.0.83]
	at org.apache.catalina.core.ApplicationFilterChain.doFilter(ApplicationFilterChain.java:153) ~[tomcat-embed-core-9.0.83.jar:9.0.83]
	at org.springframework.security.web.FilterChainProxy$VirtualFilterChain.doFilter(FilterChainProxy.java:337) ~[spring-security-web-5.7.11.jar:5.7.11]
	at org.springframework.security.web.access.intercept.FilterSecurityInterceptor.invoke(FilterSecurityInterceptor.java:115) ~[spring-security-web-5.7.11.jar:5.7.11]
	at org.springframework.security.web.access.intercept.FilterSecurityInterceptor.doFilter(FilterSecurityInterceptor.java:81) ~[spring-security-web-5.7.11.jar:5.7.11]
	at org.springframework.security.web.FilterChainProxy$VirtualFilterChain.doFilter(FilterChainProxy.java:346) ~[spring-security-web-5.7.11.jar:5.7.11]
	at org.springframework.security.web.access.ExceptionTranslationFilter.doFilter(ExceptionTranslationFilter.java:122) ~[spring-security-web-5.7.11.jar:5.7.11]
	at org.springframework.security.web.access.ExceptionTranslationFilter.doFilter(ExceptionTranslationFilter.java:116) ~[spring-security-web-5.7.11.jar:5.7.11]
	at org.springframework.security.web.FilterChainProxy$VirtualFilterChain.doFilter(FilterChainProxy.java:346) ~[spring-security-web-5.7.11.jar:5.7.11]
	at org.springframework.security.web.session.SessionManagementFilter.doFilter(SessionManagementFilter.java:126) ~[spring-security-web-5.7.11.jar:5.7.11]
	at org.springframework.security.web.session.SessionManagementFilter.doFilter(SessionManagementFilter.java:81) ~[spring-security-web-5.7.11.jar:5.7.11]
	at org.springframework.security.web.FilterChainProxy$VirtualFilterChain.doFilter(FilterChainProxy.java:346) ~[spring-security-web-5.7.11.jar:5.7.11]
	at org.springframework.security.web.authentication.AnonymousAuthenticationFilter.doFilter(AnonymousAuthenticationFilter.java:109) ~[spring-security-web-5.7.11.jar:5.7.11]
	at org.springframework.security.web.FilterChainProxy$VirtualFilterChain.doFilter(FilterChainProxy.java:346) ~[spring-security-web-5.7.11.jar:5.7.11]
	at org.springframework.security.web.servletapi.SecurityContextHolderAwareRequestFilter.doFilter(SecurityContextHolderAwareRequestFilter.java:149) ~[spring-security-web-5.7.11.jar:5.7.11]
	at org.springframework.security.web.FilterChainProxy$VirtualFilterChain.doFilter(FilterChainProxy.java:346) ~[spring-security-web-5.7.11.jar:5.7.11]
	at org.springframework.security.web.savedrequest.RequestCacheAwareFilter.doFilter(RequestCacheAwareFilter.java:63) ~[spring-security-web-5.7.11.jar:5.7.11]
	at org.springframework.security.web.FilterChainProxy$VirtualFilterChain.doFilter(FilterChainProxy.java:346) ~[spring-security-web-5.7.11.jar:5.7.11]
	at com.casavida.backend.security.jwt.AuthTokenFilter.doFilterInternal(AuthTokenFilter.java:50) ~[classes/:na]
	at org.springframework.web.filter.OncePerRequestFilter.doFilter(OncePerRequestFilter.java:117) ~[spring-web-5.3.31.jar:5.3.31]
	at org.springframework.security.web.FilterChainProxy$VirtualFilterChain.doFilter(FilterChainProxy.java:346) ~[spring-security-web-5.7.11.jar:5.7.11]
	at org.springframework.security.web.authentication.logout.LogoutFilter.doFilter(LogoutFilter.java:103) ~[spring-security-web-5.7.11.jar:5.7.11]
	at org.springframework.security.web.authentication.logout.LogoutFilter.doFilter(LogoutFilter.java:89) ~[spring-security-web-5.7.11.jar:5.7.11]
	at org.springframework.security.web.FilterChainProxy$VirtualFilterChain.doFilter(FilterChainProxy.java:346) ~[spring-security-web-5.7.11.jar:5.7.11]
	at org.springframework.web.filter.CorsFilter.doFilterInternal(CorsFilter.java:91) ~[spring-web-5.3.31.jar:5.3.31]
	at org.springframework.web.filter.OncePerRequestFilter.doFilter(OncePerRequestFilter.java:117) ~[spring-web-5.3.31.jar:5.3.31]
	at org.springframework.security.web.FilterChainProxy$VirtualFilterChain.doFilter(FilterChainProxy.java:346) ~[spring-security-web-5.7.11.jar:5.7.11]
	at org.springframework.security.web.header.HeaderWriterFilter.doHeadersAfter(HeaderWriterFilter.java:90) ~[spring-security-web-5.7.11.jar:5.7.11]
	at org.springframework.security.web.header.HeaderWriterFilter.doFilterInternal(HeaderWriterFilter.java:75) ~[spring-security-web-5.7.11.jar:5.7.11]
	at org.springframework.web.filter.OncePerRequestFilter.doFilter(OncePerRequestFilter.java:117) ~[spring-web-5.3.31.jar:5.3.31]
	at org.springframework.security.web.FilterChainProxy$VirtualFilterChain.doFilter(FilterChainProxy.java:346) ~[spring-security-web-5.7.11.jar:5.7.11]
	at org.springframework.security.web.context.SecurityContextPersistenceFilter.doFilter(SecurityContextPersistenceFilter.java:112) ~[spring-security-web-5.7.11.jar:5.7.11]
	at org.springframework.security.web.context.SecurityContextPersistenceFilter.doFilter(SecurityContextPersistenceFilter.java:82) ~[spring-security-web-5.7.11.jar:5.7.11]
	at org.springframework.security.web.FilterChainProxy$VirtualFilterChain.doFilter(FilterChainProxy.java:346) ~[spring-security-web-5.7.11.jar:5.7.11]
	at org.springframework.security.web.context.request.async.WebAsyncManagerIntegrationFilter.doFilterInternal(WebAsyncManagerIntegrationFilter.java:55) ~[spring-security-web-5.7.11.jar:5.7.11]
	at org.springframework.web.filter.OncePerRequestFilter.doFilter(OncePerRequestFilter.java:117) ~[spring-web-5.3.31.jar:5.3.31]
	at org.springframework.security.web.FilterChainProxy$VirtualFilterChain.doFilter(FilterChainProxy.java:346) ~[spring-security-web-5.7.11.jar:5.7.11]
	at org.springframework.security.web.session.DisableEncodeUrlFilter.doFilterInternal(DisableEncodeUrlFilter.java:42) ~[spring-security-web-5.7.11.jar:5.7.11]
	at org.springframework.web.filter.OncePerRequestFilter.doFilter(OncePerRequestFilter.java:117) ~[spring-web-5.3.31.jar:5.3.31]
	at org.springframework.security.web.FilterChainProxy$VirtualFilterChain.doFilter(FilterChainProxy.java:346) ~[spring-security-web-5.7.11.jar:5.7.11]
	at org.springframework.security.web.FilterChainProxy.doFilterInternal(FilterChainProxy.java:221) ~[spring-security-web-5.7.11.jar:5.7.11]
	at org.springframework.security.web.FilterChainProxy.doFilter(FilterChainProxy.java:186) ~[spring-security-web-5.7.11.jar:5.7.11]
	at org.springframework.web.filter.DelegatingFilterProxy.invokeDelegate(DelegatingFilterProxy.java:354) ~[spring-web-5.3.31.jar:5.3.31]
	at org.springframework.web.filter.DelegatingFilterProxy.doFilter(DelegatingFilterProxy.java:267) ~[spring-web-5.3.31.jar:5.3.31]
	at org.apache.catalina.core.ApplicationFilterChain.internalDoFilter(ApplicationFilterChain.java:178) ~[tomcat-embed-core-9.0.83.jar:9.0.83]
	at org.apache.catalina.core.ApplicationFilterChain.doFilter(ApplicationFilterChain.java:153) ~[tomcat-embed-core-9.0.83.jar:9.0.83]
	at org.springframework.web.filter.RequestContextFilter.doFilterInternal(RequestContextFilter.java:100) ~[spring-web-5.3.31.jar:5.3.31]
	at org.springframework.web.filter.OncePerRequestFilter.doFilter(OncePerRequestFilter.java:117) ~[spring-web-5.3.31.jar:5.3.31]
	at org.apache.catalina.core.ApplicationFilterChain.internalDoFilter(ApplicationFilterChain.java:178) ~[tomcat-embed-core-9.0.83.jar:9.0.83]
	at org.apache.catalina.core.ApplicationFilterChain.doFilter(ApplicationFilterChain.java:153) ~[tomcat-embed-core-9.0.83.jar:9.0.83]
	at org.springframework.web.filter.FormContentFilter.doFilterInternal(FormContentFilter.java:93) ~[spring-web-5.3.31.jar:5.3.31]
	at org.springframework.web.filter.OncePerRequestFilter.doFilter(OncePerRequestFilter.java:117) ~[spring-web-5.3.31.jar:5.3.31]
	at org.apache.catalina.core.ApplicationFilterChain.internalDoFilter(ApplicationFilterChain.java:178) ~[tomcat-embed-core-9.0.83.jar:9.0.83]
	at org.apache.catalina.core.ApplicationFilterChain.doFilter(ApplicationFilterChain.java:153) ~[tomcat-embed-core-9.0.83.jar:9.0.83]
	at org.springframework.web.filter.CharacterEncodingFilter.doFilterInternal(CharacterEncodingFilter.java:201) ~[spring-web-5.3.31.jar:5.3.31]
	at org.springframework.web.filter.OncePerRequestFilter.doFilter(OncePerRequestFilter.java:117) ~[spring-web-5.3.31.jar:5.3.31]
	at org.apache.catalina.core.ApplicationFilterChain.internalDoFilter(ApplicationFilterChain.java:178) ~[tomcat-embed-core-9.0.83.jar:9.0.83]
	at org.apache.catalina.core.ApplicationFilterChain.doFilter(ApplicationFilterChain.java:153) ~[tomcat-embed-core-9.0.83.jar:9.0.83]
	at org.springframework.web.filter.CorsFilter.doFilterInternal(CorsFilter.java:91) ~[spring-web-5.3.31.jar:5.3.31]
	at org.springframework.web.filter.OncePerRequestFilter.doFilter(OncePerRequestFilter.java:117) ~[spring-web-5.3.31.jar:5.3.31]
	at org.apache.catalina.core.ApplicationFilterChain.internalDoFilter(ApplicationFilterChain.java:178) ~[tomcat-embed-core-9.0.83.jar:9.0.83]
	at org.apache.catalina.core.ApplicationFilterChain.doFilter(ApplicationFilterChain.java:153) ~[tomcat-embed-core-9.0.83.jar:9.0.83]
	at org.apache.catalina.core.StandardWrapperValve.invoke(StandardWrapperValve.java:168) ~[tomcat-embed-core-9.0.83.jar:9.0.83]
	at org.apache.catalina.core.StandardContextValve.invoke(StandardContextValve.java:90) ~[tomcat-embed-core-9.0.83.jar:9.0.83]
	at org.apache.catalina.authenticator.AuthenticatorBase.invoke(AuthenticatorBase.java:481) ~[tomcat-embed-core-9.0.83.jar:9.0.83]
	at org.apache.catalina.core.StandardHostValve.invoke(StandardHostValve.java:130) ~[tomcat-embed-core-9.0.83.jar:9.0.83]
	at org.apache.catalina.valves.ErrorReportValve.invoke(ErrorReportValve.java:93) ~[tomcat-embed-core-9.0.83.jar:9.0.83]
	at org.apache.catalina.core.StandardEngineValve.invoke(StandardEngineValve.java:74) ~[tomcat-embed-core-9.0.83.jar:9.0.83]
	at org.apache.catalina.connector.CoyoteAdapter.service(CoyoteAdapter.java:342) ~[tomcat-embed-core-9.0.83.jar:9.0.83]
	at org.apache.coyote.http11.Http11Processor.service(Http11Processor.java:390) ~[tomcat-embed-core-9.0.83.jar:9.0.83]
	at org.apache.coyote.AbstractProcessorLight.process(AbstractProcessorLight.java:63) ~[tomcat-embed-core-9.0.83.jar:9.0.83]
	at org.apache.coyote.AbstractProtocol$ConnectionHandler.process(AbstractProtocol.java:928) ~[tomcat-embed-core-9.0.83.jar:9.0.83]
	at org.apache.tomcat.util.net.NioEndpoint$SocketProcessor.doRun(NioEndpoint.java:1794) ~[tomcat-embed-core-9.0.83.jar:9.0.83]
	at org.apache.tomcat.util.net.SocketProcessorBase.run(SocketProcessorBase.java:52) ~[tomcat-embed-core-9.0.83.jar:9.0.83]
	at org.apache.tomcat.util.threads.ThreadPoolExecutor.runWorker(ThreadPoolExecutor.java:1191) ~[tomcat-embed-core-9.0.83.jar:9.0.83]
	at org.apache.tomcat.util.threads.ThreadPoolExecutor$Worker.run(ThreadPoolExecutor.java:659) ~[tomcat-embed-core-9.0.83.jar:9.0.83]
	at org.apache.tomcat.util.threads.TaskThread$WrappingRunnable.run(TaskThread.java:61) ~[tomcat-embed-core-9.0.83.jar:9.0.83]
	at java.base/java.lang.Thread.run(Thread.java:834) ~[na:na]

2026-02-20 18:42:26.214 DEBUG 8472 --- [nio-8080-exec-6] o.s.web.servlet.DispatcherServlet        : "ERROR" dispatch for GET "/error", parameters={}
2026-02-20 18:42:26.217 DEBUG 8472 --- [nio-8080-exec-6] s.w.s.m.m.a.RequestMappingHandlerMapping : Mapped to org.springframework.boot.autoconfigure.web.servlet.error.BasicErrorController#error(HttpServletRequest)
2026-02-20 18:42:26.226 DEBUG 8472 --- [nio-8080-exec-6] o.s.w.s.m.m.a.HttpEntityMethodProcessor  : Using 'application/json', given [application/json, text/plain, */*] and supported [application/json, application/*+json, application/json, application/*+json]
2026-02-20 18:42:26.231 DEBUG 8472 --- [nio-8080-exec-6] o.s.w.s.m.m.a.HttpEntityMethodProcessor  : Writing [{timestamp=Fri Feb 20 18:42:26 CST 2026, status=500, error=Internal Server Error, path=/api/admin/us (truncated)...]
2026-02-20 18:42:26.242 DEBUG 8472 --- [nio-8080-exec-6] o.s.web.servlet.DispatcherServlet        : Exiting from "ERROR" dispatch, status 500
2026-02-20 18:42:30.942 DEBUG 8472 --- [nio-8080-exec-9] s.w.s.m.m.a.RequestMappingHandlerMapping : Mapped to com.casavida.backend.controllers.LoteController#getAllLotes()
2026-02-20 18:42:30.956 DEBUG 8472 --- [nio-8080-exec-1] s.w.s.m.m.a.RequestMappingHandlerMapping : Mapped to com.casavida.backend.controllers.CRMController#getAllLeads()
2026-02-20 18:42:31.019 DEBUG 8472 --- [nio-8080-exec-9] org.hibernate.SQL                        : select user0_.id as id1_15_, user0_.created_at as created_2_15_, user0_.email as email3_15_, user0_.password as password4_15_, user0_.username as username5_15_ from users user0_ where user0_.username=?
2026-02-20 18:42:31.019 DEBUG 8472 --- [nio-8080-exec-1] org.hibernate.SQL                        : select user0_.id as id1_15_, user0_.created_at as created_2_15_, user0_.email as email3_15_, user0_.password as password4_15_, user0_.username as username5_15_ from users user0_ where user0_.username=?
Hibernate: select user0_.id as id1_15_, user0_.created_at as created_2_15_, user0_.email as email3_15_, user0_.password as password4_15_, user0_.username as username5_15_ from users user0_ where user0_.username=?
Hibernate: select user0_.id as id1_15_, user0_.created_at as created_2_15_, user0_.email as email3_15_, user0_.password as password4_15_, user0_.username as username5_15_ from users user0_ where user0_.username=?
2026-02-20 18:42:31.022 TRACE 8472 --- [nio-8080-exec-9] o.h.type.descriptor.sql.BasicBinder      : binding parameter [1] as [VARCHAR] - [admin]
2026-02-20 18:42:31.025 TRACE 8472 --- [nio-8080-exec-1] o.h.type.descriptor.sql.BasicBinder      : binding parameter [1] as [VARCHAR] - [admin]
2026-02-20 18:42:31.031 DEBUG 8472 --- [nio-8080-exec-9] org.hibernate.SQL                        : select roles0_.user_id as user_id1_14_0_, roles0_.role_id as role_id2_14_0_, role1_.id as id1_13_1_, role1_.name as name2_13_1_ from user_roles roles0_ inner join roles role1_ on roles0_.role_id=role1_.id where roles0_.user_id=?
Hibernate: select roles0_.user_id as user_id1_14_0_, roles0_.role_id as role_id2_14_0_, role1_.id as id1_13_1_, role1_.name as name2_13_1_ from user_roles roles0_ inner join roles role1_ on roles0_.role_id=role1_.id where roles0_.user_id=?
2026-02-20 18:42:31.031 DEBUG 8472 --- [nio-8080-exec-1] org.hibernate.SQL                        : select roles0_.user_id as user_id1_14_0_, roles0_.role_id as role_id2_14_0_, role1_.id as id1_13_1_, role1_.name as name2_13_1_ from user_roles roles0_ inner join roles role1_ on roles0_.role_id=role1_.id where roles0_.user_id=?
Hibernate: select roles0_.user_id as user_id1_14_0_, roles0_.role_id as role_id2_14_0_, role1_.id as id1_13_1_, role1_.name as name2_13_1_ from user_roles roles0_ inner join roles role1_ on roles0_.role_id=role1_.id where roles0_.user_id=?
2026-02-20 18:42:31.034 TRACE 8472 --- [nio-8080-exec-9] o.h.type.descriptor.sql.BasicBinder      : binding parameter [1] as [BIGINT] - [1]
2026-02-20 18:42:31.035 TRACE 8472 --- [nio-8080-exec-1] o.h.type.descriptor.sql.BasicBinder      : binding parameter [1] as [BIGINT] - [1]
2026-02-20 18:42:31.047 DEBUG 8472 --- [nio-8080-exec-1] o.s.web.servlet.DispatcherServlet        : GET "/api/crm/leads", parameters={}
2026-02-20 18:42:31.047 DEBUG 8472 --- [nio-8080-exec-9] o.s.web.servlet.DispatcherServlet        : GET "/api/lotes/all", parameters={}
2026-02-20 18:42:31.047 DEBUG 8472 --- [nio-8080-exec-1] s.w.s.m.m.a.RequestMappingHandlerMapping : Mapped to com.casavida.backend.controllers.CRMController#getAllLeads()
2026-02-20 18:42:31.047 DEBUG 8472 --- [nio-8080-exec-9] s.w.s.m.m.a.RequestMappingHandlerMapping : Mapped to com.casavida.backend.controllers.LoteController#getAllLotes()
2026-02-20 18:42:31.080 DEBUG 8472 --- [nio-8080-exec-9] org.hibernate.SQL                        : select lote0_.id as id1_7_, lote0_.area_metros_cuadrados as area_met2_7_, lote0_.coordenadas_geo as coordena3_7_, lote0_.descripcion as descripc4_7_, lote0_.estatus as estatus5_7_, lote0_.fraccionamiento_id as fraccio12_7_, lote0_.imagen_url as imagen_u6_7_, lote0_.manzana as manzana7_7_, lote0_.notas as notas8_7_, lote0_.numero_lote as numero_l9_7_, lote0_.plano_coordinates as plano_c10_7_, lote0_.precio_total as precio_11_7_ from lotes lote0_
Hibernate: select lote0_.id as id1_7_, lote0_.area_metros_cuadrados as area_met2_7_, lote0_.coordenadas_geo as coordena3_7_, lote0_.descripcion as descripc4_7_, lote0_.estatus as estatus5_7_, lote0_.fraccionamiento_id as fraccio12_7_, lote0_.imagen_url as imagen_u6_7_, lote0_.manzana as manzana7_7_, lote0_.notas as notas8_7_, lote0_.numero_lote as numero_l9_7_, lote0_.plano_coordinates as plano_c10_7_, lote0_.precio_total as precio_11_7_ from lotes lote0_
2026-02-20 18:42:31.360 DEBUG 8472 --- [nio-8080-exec-9] org.hibernate.SQL                        : select fraccionam0_.id as id1_4_0_, fraccionam0_.coordenadas_geo as coordena2_4_0_, fraccionam0_.descripcion as descripc3_4_0_, fraccionam0_.logo_url as logo_url4_4_0_, fraccionam0_.nombre as nombre5_4_0_, fraccionam0_.poligono_delimitador as poligono6_4_0_, fraccionam0_.ubicacion as ubicacio7_4_0_ from fraccionamientos fraccionam0_ where fraccionam0_.id=?
Hibernate: select fraccionam0_.id as id1_4_0_, fraccionam0_.coordenadas_geo as coordena2_4_0_, fraccionam0_.descripcion as descripc3_4_0_, fraccionam0_.logo_url as logo_url4_4_0_, fraccionam0_.nombre as nombre5_4_0_, fraccionam0_.poligono_delimitador as poligono6_4_0_, fraccionam0_.ubicacion as ubicacio7_4_0_ from fraccionamientos fraccionam0_ where fraccionam0_.id=?
2026-02-20 18:42:31.369 TRACE 8472 --- [nio-8080-exec-9] o.h.type.descriptor.sql.BasicBinder      : binding parameter [1] as [BIGINT] - [1]
2026-02-20 18:42:31.380 DEBUG 8472 --- [nio-8080-exec-9] org.hibernate.SQL                        : select fraccionam0_.id as id1_4_0_, fraccionam0_.coordenadas_geo as coordena2_4_0_, fraccionam0_.descripcion as descripc3_4_0_, fraccionam0_.logo_url as logo_url4_4_0_, fraccionam0_.nombre as nombre5_4_0_, fraccionam0_.poligono_delimitador as poligono6_4_0_, fraccionam0_.ubicacion as ubicacio7_4_0_ from fraccionamientos fraccionam0_ where fraccionam0_.id=?
Hibernate: select fraccionam0_.id as id1_4_0_, fraccionam0_.coordenadas_geo as coordena2_4_0_, fraccionam0_.descripcion as descripc3_4_0_, fraccionam0_.logo_url as logo_url4_4_0_, fraccionam0_.nombre as nombre5_4_0_, fraccionam0_.poligono_delimitador as poligono6_4_0_, fraccionam0_.ubicacion as ubicacio7_4_0_ from fraccionamientos fraccionam0_ where fraccionam0_.id=?
2026-02-20 18:42:31.381 TRACE 8472 --- [nio-8080-exec-9] o.h.type.descriptor.sql.BasicBinder      : binding parameter [1] as [BIGINT] - [2]
2026-02-20 18:42:31.392 DEBUG 8472 --- [nio-8080-exec-9] m.m.a.RequestResponseBodyMethodProcessor : Using 'application/json', given [application/json, text/plain, */*] and supported [application/json, application/*+json, application/json, application/*+json]
2026-02-20 18:42:31.402 DEBUG 8472 --- [nio-8080-exec-1] org.hibernate.SQL                        : select lead0_.id as id1_5_, lead0_.email as email2_5_, lead0_.fecha_registro as fecha_re3_5_, lead0_.mensaje as mensaje4_5_, lead0_.nombre as nombre5_5_, lead0_.source as source6_5_, lead0_.status as status7_5_, lead0_.telefono as telefono8_5_ from leads lead0_
Hibernate: select lead0_.id as id1_5_, lead0_.email as email2_5_, lead0_.fecha_registro as fecha_re3_5_, lead0_.mensaje as mensaje4_5_, lead0_.nombre as nombre5_5_, lead0_.source as source6_5_, lead0_.status as status7_5_, lead0_.telefono as telefono8_5_ from leads lead0_
2026-02-20 18:42:31.403 DEBUG 8472 --- [nio-8080-exec-1] m.m.a.RequestResponseBodyMethodProcessor : Using 'application/json', given [application/json, text/plain, */*] and supported [application/json, application/*+json, application/json, application/*+json]
2026-02-20 18:42:31.404 DEBUG 8472 --- [nio-8080-exec-1] m.m.a.RequestResponseBodyMethodProcessor : Writing [[]]
2026-02-20 18:42:31.414 DEBUG 8472 --- [nio-8080-exec-1] o.s.web.servlet.DispatcherServlet        : Completed 200 OK
2026-02-20 18:42:31.594 DEBUG 8472 --- [nio-8080-exec-9] org.hibernate.SQL                        : select galeriaima0_.lote_id as lote_id1_6_0_, galeriaima0_.imagen_url as imagen_u2_6_0_ from lote_imagenes galeriaima0_ where galeriaima0_.lote_id=?
Hibernate: select galeriaima0_.lote_id as lote_id1_6_0_, galeriaima0_.imagen_url as imagen_u2_6_0_ from lote_imagenes galeriaima0_ where galeriaima0_.lote_id=?
2026-02-20 18:42:31.594 TRACE 8472 --- [nio-8080-exec-9] o.h.type.descriptor.sql.BasicBinder      : binding parameter [1] as [BIGINT] - [1]
2026-02-20 18:42:31.595 DEBUG 8472 --- [nio-8080-exec-9] org.hibernate.SQL                        : select galeriaima0_.lote_id as lote_id1_6_0_, galeriaima0_.imagen_url as imagen_u2_6_0_ from lote_imagenes galeriaima0_ where galeriaima0_.lote_id=?
Hibernate: select galeriaima0_.lote_id as lote_id1_6_0_, galeriaima0_.imagen_url as imagen_u2_6_0_ from lote_imagenes galeriaima0_ where galeriaima0_.lote_id=?
2026-02-20 18:42:31.595 TRACE 8472 --- [nio-8080-exec-9] o.h.type.descriptor.sql.BasicBinder      : binding parameter [1] as [BIGINT] - [2]
2026-02-20 18:42:31.596 DEBUG 8472 --- [nio-8080-exec-9] m.m.a.RequestResponseBodyMethodProcessor : Writing [[Lote(id=1, numeroLote=A001, manzana=MZ A, precioTotal=150000.00, areaMetrosCuadrados=200.0, coorden (truncated)...]
2026-02-20 18:42:31.691 DEBUG 8472 --- [nio-8080-exec-9] o.s.web.servlet.DispatcherServlet        : Completed 200 OK
2026-02-20 18:42:32.312 DEBUG 8472 --- [io-8080-exec-10] s.w.s.m.m.a.RequestMappingHandlerMapping : Mapped to com.casavida.backend.controllers.ClienteController#getAllClientes()
2026-02-20 18:42:32.324 DEBUG 8472 --- [io-8080-exec-10] org.hibernate.SQL                        : select user0_.id as id1_15_, user0_.created_at as created_2_15_, user0_.email as email3_15_, user0_.password as password4_15_, user0_.username as username5_15_ from users user0_ where user0_.username=?
Hibernate: select user0_.id as id1_15_, user0_.created_at as created_2_15_, user0_.email as email3_15_, user0_.password as password4_15_, user0_.username as username5_15_ from users user0_ where user0_.username=?
2026-02-20 18:42:32.324 TRACE 8472 --- [io-8080-exec-10] o.h.type.descriptor.sql.BasicBinder      : binding parameter [1] as [VARCHAR] - [admin]
2026-02-20 18:42:32.325 DEBUG 8472 --- [io-8080-exec-10] org.hibernate.SQL                        : select roles0_.user_id as user_id1_14_0_, roles0_.role_id as role_id2_14_0_, role1_.id as id1_13_1_, role1_.name as name2_13_1_ from user_roles roles0_ inner join roles role1_ on roles0_.role_id=role1_.id where roles0_.user_id=?
Hibernate: select roles0_.user_id as user_id1_14_0_, roles0_.role_id as role_id2_14_0_, role1_.id as id1_13_1_, role1_.name as name2_13_1_ from user_roles roles0_ inner join roles role1_ on roles0_.role_id=role1_.id where roles0_.user_id=?
2026-02-20 18:42:32.326 TRACE 8472 --- [io-8080-exec-10] o.h.type.descriptor.sql.BasicBinder      : binding parameter [1] as [BIGINT] - [1]
2026-02-20 18:42:32.328 DEBUG 8472 --- [io-8080-exec-10] o.s.web.servlet.DispatcherServlet        : GET "/api/clientes/all", parameters={}
2026-02-20 18:42:32.328 DEBUG 8472 --- [io-8080-exec-10] s.w.s.m.m.a.RequestMappingHandlerMapping : Mapped to com.casavida.backend.controllers.ClienteController#getAllClientes()
2026-02-20 18:42:32.360 DEBUG 8472 --- [io-8080-exec-10] org.hibernate.SQL                        : select cliente0_.id as id1_1_, cliente0_.apellidos as apellido2_1_, cliente0_.direccion as direccio3_1_, cliente0_.email as email4_1_, cliente0_.fecha_registro as fecha_re5_1_, cliente0_.ine as ine6_1_, cliente0_.nombre as nombre7_1_, cliente0_.telefono as telefono8_1_ from clientes cliente0_
Hibernate: select cliente0_.id as id1_1_, cliente0_.apellidos as apellido2_1_, cliente0_.direccion as direccio3_1_, cliente0_.email as email4_1_, cliente0_.fecha_registro as fecha_re5_1_, cliente0_.ine as ine6_1_, cliente0_.nombre as nombre7_1_, cliente0_.telefono as telefono8_1_ from clientes cliente0_
2026-02-20 18:42:32.390 DEBUG 8472 --- [io-8080-exec-10] m.m.a.RequestResponseBodyMethodProcessor : Using 'application/json', given [application/json, text/plain, */*] and supported [application/json, application/*+json, application/json, application/*+json]
2026-02-20 18:42:32.390 DEBUG 8472 --- [io-8080-exec-10] m.m.a.RequestResponseBodyMethodProcessor : Writing [[com.casavida.backend.entity.Cliente@639aef40, com.casavida.backend.entity.Cliente@22f477bc, com.cas (truncated)...]
2026-02-20 18:42:32.407 DEBUG 8472 --- [io-8080-exec-10] o.s.web.servlet.DispatcherServlet        : Completed 200 OK
2026-02-20 18:42:37.674 DEBUG 8472 --- [nio-8080-exec-3] s.w.s.m.m.a.RequestMappingHandlerMapping : Mapped to com.casavida.backend.controllers.AdminController#getAllUsers()
2026-02-20 18:42:37.707 DEBUG 8472 --- [nio-8080-exec-3] org.hibernate.SQL                        : select user0_.id as id1_15_, user0_.created_at as created_2_15_, user0_.email as email3_15_, user0_.password as password4_15_, user0_.username as username5_15_ from users user0_ where user0_.username=?
Hibernate: select user0_.id as id1_15_, user0_.created_at as created_2_15_, user0_.email as email3_15_, user0_.password as password4_15_, user0_.username as username5_15_ from users user0_ where user0_.username=?
2026-02-20 18:42:37.707 TRACE 8472 --- [nio-8080-exec-3] o.h.type.descriptor.sql.BasicBinder      : binding parameter [1] as [VARCHAR] - [admin]
2026-02-20 18:42:37.708 DEBUG 8472 --- [nio-8080-exec-3] org.hibernate.SQL                        : select roles0_.user_id as user_id1_14_0_, roles0_.role_id as role_id2_14_0_, role1_.id as id1_13_1_, role1_.name as name2_13_1_ from user_roles roles0_ inner join roles role1_ on roles0_.role_id=role1_.id where roles0_.user_id=?
Hibernate: select roles0_.user_id as user_id1_14_0_, roles0_.role_id as role_id2_14_0_, role1_.id as id1_13_1_, role1_.name as name2_13_1_ from user_roles roles0_ inner join roles role1_ on roles0_.role_id=role1_.id where roles0_.user_id=?
2026-02-20 18:42:37.708 TRACE 8472 --- [nio-8080-exec-3] o.h.type.descriptor.sql.BasicBinder      : binding parameter [1] as [BIGINT] - [1]
2026-02-20 18:42:37.710 DEBUG 8472 --- [nio-8080-exec-3] o.s.web.servlet.DispatcherServlet        : GET "/api/admin/users", parameters={}
2026-02-20 18:42:37.711 DEBUG 8472 --- [nio-8080-exec-3] s.w.s.m.m.a.RequestMappingHandlerMapping : Mapped to com.casavida.backend.controllers.AdminController#getAllUsers()
2026-02-20 18:42:37.712 DEBUG 8472 --- [nio-8080-exec-3] org.hibernate.SQL                        : select user0_.id as id1_15_, user0_.created_at as created_2_15_, user0_.email as email3_15_, user0_.password as password4_15_, user0_.username as username5_15_ from users user0_
Hibernate: select user0_.id as id1_15_, user0_.created_at as created_2_15_, user0_.email as email3_15_, user0_.password as password4_15_, user0_.username as username5_15_ from users user0_
2026-02-20 18:42:37.713 DEBUG 8472 --- [nio-8080-exec-3] org.hibernate.SQL                        : select roles0_.user_id as user_id1_14_0_, roles0_.role_id as role_id2_14_0_, role1_.id as id1_13_1_, role1_.name as name2_13_1_ from user_roles roles0_ inner join roles role1_ on roles0_.role_id=role1_.id where roles0_.user_id=?
Hibernate: select roles0_.user_id as user_id1_14_0_, roles0_.role_id as role_id2_14_0_, role1_.id as id1_13_1_, role1_.name as name2_13_1_ from user_roles roles0_ inner join roles role1_ on roles0_.role_id=role1_.id where roles0_.user_id=?
2026-02-20 18:42:37.714 TRACE 8472 --- [nio-8080-exec-3] o.h.type.descriptor.sql.BasicBinder      : binding parameter [1] as [BIGINT] - [7]
2026-02-20 18:42:37.715 DEBUG 8472 --- [nio-8080-exec-3] org.hibernate.SQL                        : select roles0_.user_id as user_id1_14_0_, roles0_.role_id as role_id2_14_0_, role1_.id as id1_13_1_, role1_.name as name2_13_1_ from user_roles roles0_ inner join roles role1_ on roles0_.role_id=role1_.id where roles0_.user_id=?
Hibernate: select roles0_.user_id as user_id1_14_0_, roles0_.role_id as role_id2_14_0_, role1_.id as id1_13_1_, role1_.name as name2_13_1_ from user_roles roles0_ inner join roles role1_ on roles0_.role_id=role1_.id where roles0_.user_id=?
2026-02-20 18:42:37.715 TRACE 8472 --- [nio-8080-exec-3] o.h.type.descriptor.sql.BasicBinder      : binding parameter [1] as [BIGINT] - [6]
2026-02-20 18:42:37.716  WARN 8472 --- [nio-8080-exec-3] o.h.e.loading.internal.LoadContexts      : HHH000100: Fail-safe cleanup (collections) : org.hibernate.engine.loading.internal.CollectionLoadContext@66371f17<rs=HikariProxyResultSet@1717201252 wrapping rs139: null>
2026-02-20 18:42:37.716  WARN 8472 --- [nio-8080-exec-3] o.h.e.l.internal.CollectionLoadContext   : HHH000160: On CollectionLoadContext#cleanup, localLoadingCollectionKeys contained [1] entries
2026-02-20 18:42:37.722 DEBUG 8472 --- [nio-8080-exec-3] o.s.web.servlet.DispatcherServlet        : Failed to complete request: org.springframework.dao.InvalidDataAccessApiUsageException: No enum constant com.casavida.backend.entity.ERole.ROLE_DIRECTIVO; nested exception is java.lang.IllegalArgumentException: No enum constant com.casavida.backend.entity.ERole.ROLE_DIRECTIVO
2026-02-20 18:42:37.732 ERROR 8472 --- [nio-8080-exec-3] o.a.c.c.C.[.[.[/].[dispatcherServlet]    : Servlet.service() for servlet [dispatcherServlet] in context with path [] threw exception [Request processing failed; nested exception is org.springframework.dao.InvalidDataAccessApiUsageException: No enum constant com.casavida.backend.entity.ERole.ROLE_DIRECTIVO; nested exception is java.lang.IllegalArgumentException: No enum constant com.casavida.backend.entity.ERole.ROLE_DIRECTIVO] with root cause

java.lang.IllegalArgumentException: No enum constant com.casavida.backend.entity.ERole.ROLE_DIRECTIVO
	at java.base/java.lang.Enum.valueOf(Enum.java:240) ~[na:na]
	at org.hibernate.type.descriptor.java.EnumJavaTypeDescriptor.fromName(EnumJavaTypeDescriptor.java:84) ~[hibernate-core-5.6.15.Final.jar:5.6.15.Final]
	at org.hibernate.type.descriptor.java.EnumJavaTypeDescriptor.wrap(EnumJavaTypeDescriptor.java:54) ~[hibernate-core-5.6.15.Final.jar:5.6.15.Final]
	at org.hibernate.type.descriptor.java.EnumJavaTypeDescriptor.wrap(EnumJavaTypeDescriptor.java:16) ~[hibernate-core-5.6.15.Final.jar:5.6.15.Final]
	at org.hibernate.type.descriptor.sql.VarcharTypeDescriptor$2.doExtract(VarcharTypeDescriptor.java:62) ~[hibernate-core-5.6.15.Final.jar:5.6.15.Final]
	at org.hibernate.type.descriptor.sql.BasicExtractor.extract(BasicExtractor.java:47) ~[hibernate-core-5.6.15.Final.jar:5.6.15.Final]
	at org.hibernate.metamodel.model.convert.internal.NamedEnumValueConverter.readValue(NamedEnumValueConverter.java:68) ~[hibernate-core-5.6.15.Final.jar:5.6.15.Final]
	at org.hibernate.type.EnumType.nullSafeGet(EnumType.java:250) ~[hibernate-core-5.6.15.Final.jar:5.6.15.Final]
	at org.hibernate.type.CustomType.nullSafeGet(CustomType.java:119) ~[hibernate-core-5.6.15.Final.jar:5.6.15.Final]
	at org.hibernate.type.AbstractType.hydrate(AbstractType.java:91) ~[hibernate-core-5.6.15.Final.jar:5.6.15.Final]
	at org.hibernate.persister.entity.AbstractEntityPersister.hydrate(AbstractEntityPersister.java:3214) ~[hibernate-core-5.6.15.Final.jar:5.6.15.Final]
	at org.hibernate.persister.entity.Loadable.hydrate(Loadable.java:94) ~[hibernate-core-5.6.15.Final.jar:5.6.15.Final]
	at org.hibernate.loader.plan.exec.process.internal.EntityReferenceInitializerImpl.loadFromResultSet(EntityReferenceInitializerImpl.java:342) ~[hibernate-core-5.6.15.Final.jar:5.6.15.Final]
	at org.hibernate.loader.plan.exec.process.internal.EntityReferenceInitializerImpl.hydrateEntityState(EntityReferenceInitializerImpl.java:269) ~[hibernate-core-5.6.15.Final.jar:5.6.15.Final]
	at org.hibernate.loader.plan.exec.process.internal.AbstractRowReader.readRow(AbstractRowReader.java:80) ~[hibernate-core-5.6.15.Final.jar:5.6.15.Final]
	at org.hibernate.loader.plan.exec.process.internal.ResultSetProcessorImpl.extractRows(ResultSetProcessorImpl.java:157) ~[hibernate-core-5.6.15.Final.jar:5.6.15.Final]
	at org.hibernate.loader.plan.exec.process.internal.ResultSetProcessorImpl.extractResults(ResultSetProcessorImpl.java:94) ~[hibernate-core-5.6.15.Final.jar:5.6.15.Final]
	at org.hibernate.loader.plan.exec.internal.AbstractLoadPlanBasedLoader.executeLoad(AbstractLoadPlanBasedLoader.java:105) ~[hibernate-core-5.6.15.Final.jar:5.6.15.Final]
	at org.hibernate.loader.collection.plan.AbstractLoadPlanBasedCollectionInitializer.initialize(AbstractLoadPlanBasedCollectionInitializer.java:87) ~[hibernate-core-5.6.15.Final.jar:5.6.15.Final]
	at org.hibernate.persister.collection.AbstractCollectionPersister.initialize(AbstractCollectionPersister.java:705) ~[hibernate-core-5.6.15.Final.jar:5.6.15.Final]
	at org.hibernate.event.internal.DefaultInitializeCollectionEventListener.onInitializeCollection(DefaultInitializeCollectionEventListener.java:76) ~[hibernate-core-5.6.15.Final.jar:5.6.15.Final]
	at org.hibernate.event.service.internal.EventListenerGroupImpl.fireEventOnEachListener(EventListenerGroupImpl.java:107) ~[hibernate-core-5.6.15.Final.jar:5.6.15.Final]
	at org.hibernate.internal.SessionImpl.initializeCollection(SessionImpl.java:2208) ~[hibernate-core-5.6.15.Final.jar:5.6.15.Final]
	at org.hibernate.collection.internal.AbstractPersistentCollection$4.doWork(AbstractPersistentCollection.java:595) ~[hibernate-core-5.6.15.Final.jar:5.6.15.Final]
	at org.hibernate.collection.internal.AbstractPersistentCollection.withTemporarySessionIfNeeded(AbstractPersistentCollection.java:264) ~[hibernate-core-5.6.15.Final.jar:5.6.15.Final]
	at org.hibernate.collection.internal.AbstractPersistentCollection.initialize(AbstractPersistentCollection.java:591) ~[hibernate-core-5.6.15.Final.jar:5.6.15.Final]
	at org.hibernate.collection.internal.AbstractPersistentCollection.forceInitialization(AbstractPersistentCollection.java:787) ~[hibernate-core-5.6.15.Final.jar:5.6.15.Final]
	at org.hibernate.engine.internal.StatefulPersistenceContext.initializeNonLazyCollections(StatefulPersistenceContext.java:1005) ~[hibernate-core-5.6.15.Final.jar:5.6.15.Final]
	at org.hibernate.engine.internal.StatefulPersistenceContext.initializeNonLazyCollections(StatefulPersistenceContext.java:991) ~[hibernate-core-5.6.15.Final.jar:5.6.15.Final]
	at org.hibernate.loader.Loader.doQueryAndInitializeNonLazyCollections(Loader.java:362) ~[hibernate-core-5.6.15.Final.jar:5.6.15.Final]
	at org.hibernate.loader.Loader.doList(Loader.java:2868) ~[hibernate-core-5.6.15.Final.jar:5.6.15.Final]
	at org.hibernate.loader.Loader.doList(Loader.java:2850) ~[hibernate-core-5.6.15.Final.jar:5.6.15.Final]
	at org.hibernate.loader.Loader.listIgnoreQueryCache(Loader.java:2682) ~[hibernate-core-5.6.15.Final.jar:5.6.15.Final]
	at org.hibernate.loader.Loader.list(Loader.java:2677) ~[hibernate-core-5.6.15.Final.jar:5.6.15.Final]
	at org.hibernate.loader.hql.QueryLoader.list(QueryLoader.java:540) ~[hibernate-core-5.6.15.Final.jar:5.6.15.Final]
	at org.hibernate.hql.internal.ast.QueryTranslatorImpl.list(QueryTranslatorImpl.java:400) ~[hibernate-core-5.6.15.Final.jar:5.6.15.Final]
	at org.hibernate.engine.query.spi.HQLQueryPlan.performList(HQLQueryPlan.java:218) ~[hibernate-core-5.6.15.Final.jar:5.6.15.Final]
	at org.hibernate.internal.SessionImpl.list(SessionImpl.java:1459) ~[hibernate-core-5.6.15.Final.jar:5.6.15.Final]
	at org.hibernate.query.internal.AbstractProducedQuery.doList(AbstractProducedQuery.java:1649) ~[hibernate-core-5.6.15.Final.jar:5.6.15.Final]
	at org.hibernate.query.internal.AbstractProducedQuery.list(AbstractProducedQuery.java:1617) ~[hibernate-core-5.6.15.Final.jar:5.6.15.Final]
	at org.hibernate.query.Query.getResultList(Query.java:165) ~[hibernate-core-5.6.15.Final.jar:5.6.15.Final]
	at org.hibernate.query.criteria.internal.compile.CriteriaQueryTypeQueryAdapter.getResultList(CriteriaQueryTypeQueryAdapter.java:76) ~[hibernate-core-5.6.15.Final.jar:5.6.15.Final]
	at org.springframework.data.jpa.repository.support.SimpleJpaRepository.findAll(SimpleJpaRepository.java:427) ~[spring-data-jpa-2.7.18.jar:2.7.18]
	at org.springframework.data.jpa.repository.support.SimpleJpaRepository.findAll(SimpleJpaRepository.java:88) ~[spring-data-jpa-2.7.18.jar:2.7.18]
	at java.base/jdk.internal.reflect.NativeMethodAccessorImpl.invoke0(Native Method) ~[na:na]
	at java.base/jdk.internal.reflect.NativeMethodAccessorImpl.invoke(NativeMethodAccessorImpl.java:62) ~[na:na]
	at java.base/jdk.internal.reflect.DelegatingMethodAccessorImpl.invoke(DelegatingMethodAccessorImpl.java:43) ~[na:na]
	at java.base/java.lang.reflect.Method.invoke(Method.java:566) ~[na:na]
	at org.springframework.data.repository.core.support.RepositoryMethodInvoker$RepositoryFragmentMethodInvoker.lambda$new$0(RepositoryMethodInvoker.java:289) ~[spring-data-commons-2.7.18.jar:2.7.18]
	at org.springframework.data.repository.core.support.RepositoryMethodInvoker.doInvoke(RepositoryMethodInvoker.java:137) ~[spring-data-commons-2.7.18.jar:2.7.18]
	at org.springframework.data.repository.core.support.RepositoryMethodInvoker.invoke(RepositoryMethodInvoker.java:121) ~[spring-data-commons-2.7.18.jar:2.7.18]
	at org.springframework.data.repository.core.support.RepositoryComposition$RepositoryFragments.invoke(RepositoryComposition.java:530) ~[spring-data-commons-2.7.18.jar:2.7.18]
	at org.springframework.data.repository.core.support.RepositoryComposition.invoke(RepositoryComposition.java:286) ~[spring-data-commons-2.7.18.jar:2.7.18]
	at org.springframework.data.repository.core.support.RepositoryFactorySupport$ImplementationMethodExecutionInterceptor.invoke(RepositoryFactorySupport.java:640) ~[spring-data-commons-2.7.18.jar:2.7.18]
	at org.springframework.aop.framework.ReflectiveMethodInvocation.proceed(ReflectiveMethodInvocation.java:186) ~[spring-aop-5.3.31.jar:5.3.31]
	at org.springframework.data.repository.core.support.QueryExecutorMethodInterceptor.doInvoke(QueryExecutorMethodInterceptor.java:164) ~[spring-data-commons-2.7.18.jar:2.7.18]
	at org.springframework.data.repository.core.support.QueryExecutorMethodInterceptor.invoke(QueryExecutorMethodInterceptor.java:139) ~[spring-data-commons-2.7.18.jar:2.7.18]
	at org.springframework.aop.framework.ReflectiveMethodInvocation.proceed(ReflectiveMethodInvocation.java:186) ~[spring-aop-5.3.31.jar:5.3.31]
	at org.springframework.data.projection.DefaultMethodInvokingMethodInterceptor.invoke(DefaultMethodInvokingMethodInterceptor.java:76) ~[spring-data-commons-2.7.18.jar:2.7.18]
	at org.springframework.aop.framework.ReflectiveMethodInvocation.proceed(ReflectiveMethodInvocation.java:186) ~[spring-aop-5.3.31.jar:5.3.31]
	at org.springframework.transaction.interceptor.TransactionInterceptor$1.proceedWithInvocation(TransactionInterceptor.java:123) ~[spring-tx-5.3.31.jar:5.3.31]
	at org.springframework.transaction.interceptor.TransactionAspectSupport.invokeWithinTransaction(TransactionAspectSupport.java:388) ~[spring-tx-5.3.31.jar:5.3.31]
	at org.springframework.transaction.interceptor.TransactionInterceptor.invoke(TransactionInterceptor.java:119) ~[spring-tx-5.3.31.jar:5.3.31]
	at org.springframework.aop.framework.ReflectiveMethodInvocation.proceed(ReflectiveMethodInvocation.java:186) ~[spring-aop-5.3.31.jar:5.3.31]
	at org.springframework.dao.support.PersistenceExceptionTranslationInterceptor.invoke(PersistenceExceptionTranslationInterceptor.java:137) ~[spring-tx-5.3.31.jar:5.3.31]
	at org.springframework.aop.framework.ReflectiveMethodInvocation.proceed(ReflectiveMethodInvocation.java:186) ~[spring-aop-5.3.31.jar:5.3.31]
	at org.springframework.data.jpa.repository.support.CrudMethodMetadataPostProcessor$CrudMethodMetadataPopulatingMethodInterceptor.invoke(CrudMethodMetadataPostProcessor.java:174) ~[spring-data-jpa-2.7.18.jar:2.7.18]
	at org.springframework.aop.framework.ReflectiveMethodInvocation.proceed(ReflectiveMethodInvocation.java:186) ~[spring-aop-5.3.31.jar:5.3.31]
	at org.springframework.aop.interceptor.ExposeInvocationInterceptor.invoke(ExposeInvocationInterceptor.java:97) ~[spring-aop-5.3.31.jar:5.3.31]
	at org.springframework.aop.framework.ReflectiveMethodInvocation.proceed(ReflectiveMethodInvocation.java:186) ~[spring-aop-5.3.31.jar:5.3.31]
	at org.springframework.aop.framework.JdkDynamicAopProxy.invoke(JdkDynamicAopProxy.java:241) ~[spring-aop-5.3.31.jar:5.3.31]
	at com.sun.proxy.$Proxy128.findAll(Unknown Source) ~[na:na]
	at com.casavida.backend.services.AdminService.getAllUsers(AdminService.java:32) ~[classes/:na]
	at com.casavida.backend.services.AdminService$$FastClassBySpringCGLIB$$b165fe77.invoke(<generated>) ~[classes/:na]
	at org.springframework.cglib.proxy.MethodProxy.invoke(MethodProxy.java:218) ~[spring-core-5.3.31.jar:5.3.31]
	at org.springframework.aop.framework.CglibAopProxy.invokeMethod(CglibAopProxy.java:386) ~[spring-aop-5.3.31.jar:5.3.31]
	at org.springframework.aop.framework.CglibAopProxy.access$000(CglibAopProxy.java:85) ~[spring-aop-5.3.31.jar:5.3.31]
	at org.springframework.aop.framework.CglibAopProxy$DynamicAdvisedInterceptor.intercept(CglibAopProxy.java:703) ~[spring-aop-5.3.31.jar:5.3.31]
	at com.casavida.backend.services.AdminService$$EnhancerBySpringCGLIB$$2c2ed84a.getAllUsers(<generated>) ~[classes/:na]
	at com.casavida.backend.controllers.AdminController.getAllUsers(AdminController.java:23) ~[classes/:na]
	at com.casavida.backend.controllers.AdminController$$FastClassBySpringCGLIB$$f026a35.invoke(<generated>) ~[classes/:na]
	at org.springframework.cglib.proxy.MethodProxy.invoke(MethodProxy.java:218) ~[spring-core-5.3.31.jar:5.3.31]
	at org.springframework.aop.framework.CglibAopProxy$CglibMethodInvocation.invokeJoinpoint(CglibAopProxy.java:792) ~[spring-aop-5.3.31.jar:5.3.31]
	at org.springframework.aop.framework.ReflectiveMethodInvocation.proceed(ReflectiveMethodInvocation.java:163) ~[spring-aop-5.3.31.jar:5.3.31]
	at org.springframework.aop.framework.CglibAopProxy$CglibMethodInvocation.proceed(CglibAopProxy.java:762) ~[spring-aop-5.3.31.jar:5.3.31]
	at org.springframework.security.access.intercept.aopalliance.MethodSecurityInterceptor.invoke(MethodSecurityInterceptor.java:61) ~[spring-security-core-5.7.11.jar:5.7.11]
	at org.springframework.aop.framework.ReflectiveMethodInvocation.proceed(ReflectiveMethodInvocation.java:186) ~[spring-aop-5.3.31.jar:5.3.31]
	at org.springframework.aop.framework.CglibAopProxy$CglibMethodInvocation.proceed(CglibAopProxy.java:762) ~[spring-aop-5.3.31.jar:5.3.31]
	at org.springframework.aop.framework.CglibAopProxy$DynamicAdvisedInterceptor.intercept(CglibAopProxy.java:707) ~[spring-aop-5.3.31.jar:5.3.31]
	at com.casavida.backend.controllers.AdminController$$EnhancerBySpringCGLIB$$787af546.getAllUsers(<generated>) ~[classes/:na]
	at java.base/jdk.internal.reflect.NativeMethodAccessorImpl.invoke0(Native Method) ~[na:na]
	at java.base/jdk.internal.reflect.NativeMethodAccessorImpl.invoke(NativeMethodAccessorImpl.java:62) ~[na:na]
	at java.base/jdk.internal.reflect.DelegatingMethodAccessorImpl.invoke(DelegatingMethodAccessorImpl.java:43) ~[na:na]
	at java.base/java.lang.reflect.Method.invoke(Method.java:566) ~[na:na]
	at org.springframework.web.method.support.InvocableHandlerMethod.doInvoke(InvocableHandlerMethod.java:205) ~[spring-web-5.3.31.jar:5.3.31]
	at org.springframework.web.method.support.InvocableHandlerMethod.invokeForRequest(InvocableHandlerMethod.java:150) ~[spring-web-5.3.31.jar:5.3.31]
	at org.springframework.web.servlet.mvc.method.annotation.ServletInvocableHandlerMethod.invokeAndHandle(ServletInvocableHandlerMethod.java:117) ~[spring-webmvc-5.3.31.jar:5.3.31]
	at org.springframework.web.servlet.mvc.method.annotation.RequestMappingHandlerAdapter.invokeHandlerMethod(RequestMappingHandlerAdapter.java:895) ~[spring-webmvc-5.3.31.jar:5.3.31]
	at org.springframework.web.servlet.mvc.method.annotation.RequestMappingHandlerAdapter.handleInternal(RequestMappingHandlerAdapter.java:808) ~[spring-webmvc-5.3.31.jar:5.3.31]
	at org.springframework.web.servlet.mvc.method.AbstractHandlerMethodAdapter.handle(AbstractHandlerMethodAdapter.java:87) ~[spring-webmvc-5.3.31.jar:5.3.31]
	at org.springframework.web.servlet.DispatcherServlet.doDispatch(DispatcherServlet.java:1072) ~[spring-webmvc-5.3.31.jar:5.3.31]
	at org.springframework.web.servlet.DispatcherServlet.doService(DispatcherServlet.java:965) ~[spring-webmvc-5.3.31.jar:5.3.31]
	at org.springframework.web.servlet.FrameworkServlet.processRequest(FrameworkServlet.java:1006) ~[spring-webmvc-5.3.31.jar:5.3.31]
	at org.springframework.web.servlet.FrameworkServlet.doGet(FrameworkServlet.java:898) ~[spring-webmvc-5.3.31.jar:5.3.31]
	at javax.servlet.http.HttpServlet.service(HttpServlet.java:529) ~[tomcat-embed-core-9.0.83.jar:4.0.FR]
	at org.springframework.web.servlet.FrameworkServlet.service(FrameworkServlet.java:883) ~[spring-webmvc-5.3.31.jar:5.3.31]
	at javax.servlet.http.HttpServlet.service(HttpServlet.java:623) ~[tomcat-embed-core-9.0.83.jar:4.0.FR]
	at org.apache.catalina.core.ApplicationFilterChain.internalDoFilter(ApplicationFilterChain.java:209) ~[tomcat-embed-core-9.0.83.jar:9.0.83]
	at org.apache.catalina.core.ApplicationFilterChain.doFilter(ApplicationFilterChain.java:153) ~[tomcat-embed-core-9.0.83.jar:9.0.83]
	at org.apache.tomcat.websocket.server.WsFilter.doFilter(WsFilter.java:51) ~[tomcat-embed-websocket-9.0.83.jar:9.0.83]
	at org.apache.catalina.core.ApplicationFilterChain.internalDoFilter(ApplicationFilterChain.java:178) ~[tomcat-embed-core-9.0.83.jar:9.0.83]
	at org.apache.catalina.core.ApplicationFilterChain.doFilter(ApplicationFilterChain.java:153) ~[tomcat-embed-core-9.0.83.jar:9.0.83]
	at org.springframework.web.filter.OncePerRequestFilter.doFilter(OncePerRequestFilter.java:111) ~[spring-web-5.3.31.jar:5.3.31]
	at org.apache.catalina.core.ApplicationFilterChain.internalDoFilter(ApplicationFilterChain.java:178) ~[tomcat-embed-core-9.0.83.jar:9.0.83]
	at org.apache.catalina.core.ApplicationFilterChain.doFilter(ApplicationFilterChain.java:153) ~[tomcat-embed-core-9.0.83.jar:9.0.83]
	at org.springframework.security.web.FilterChainProxy$VirtualFilterChain.doFilter(FilterChainProxy.java:337) ~[spring-security-web-5.7.11.jar:5.7.11]
	at org.springframework.security.web.access.intercept.FilterSecurityInterceptor.invoke(FilterSecurityInterceptor.java:115) ~[spring-security-web-5.7.11.jar:5.7.11]
	at org.springframework.security.web.access.intercept.FilterSecurityInterceptor.doFilter(FilterSecurityInterceptor.java:81) ~[spring-security-web-5.7.11.jar:5.7.11]
	at org.springframework.security.web.FilterChainProxy$VirtualFilterChain.doFilter(FilterChainProxy.java:346) ~[spring-security-web-5.7.11.jar:5.7.11]
	at org.springframework.security.web.access.ExceptionTranslationFilter.doFilter(ExceptionTranslationFilter.java:122) ~[spring-security-web-5.7.11.jar:5.7.11]
	at org.springframework.security.web.access.ExceptionTranslationFilter.doFilter(ExceptionTranslationFilter.java:116) ~[spring-security-web-5.7.11.jar:5.7.11]
	at org.springframework.security.web.FilterChainProxy$VirtualFilterChain.doFilter(FilterChainProxy.java:346) ~[spring-security-web-5.7.11.jar:5.7.11]
	at org.springframework.security.web.session.SessionManagementFilter.doFilter(SessionManagementFilter.java:126) ~[spring-security-web-5.7.11.jar:5.7.11]
	at org.springframework.security.web.session.SessionManagementFilter.doFilter(SessionManagementFilter.java:81) ~[spring-security-web-5.7.11.jar:5.7.11]
	at org.springframework.security.web.FilterChainProxy$VirtualFilterChain.doFilter(FilterChainProxy.java:346) ~[spring-security-web-5.7.11.jar:5.7.11]
	at org.springframework.security.web.authentication.AnonymousAuthenticationFilter.doFilter(AnonymousAuthenticationFilter.java:109) ~[spring-security-web-5.7.11.jar:5.7.11]
	at org.springframework.security.web.FilterChainProxy$VirtualFilterChain.doFilter(FilterChainProxy.java:346) ~[spring-security-web-5.7.11.jar:5.7.11]
	at org.springframework.security.web.servletapi.SecurityContextHolderAwareRequestFilter.doFilter(SecurityContextHolderAwareRequestFilter.java:149) ~[spring-security-web-5.7.11.jar:5.7.11]
	at org.springframework.security.web.FilterChainProxy$VirtualFilterChain.doFilter(FilterChainProxy.java:346) ~[spring-security-web-5.7.11.jar:5.7.11]
	at org.springframework.security.web.savedrequest.RequestCacheAwareFilter.doFilter(RequestCacheAwareFilter.java:63) ~[spring-security-web-5.7.11.jar:5.7.11]
	at org.springframework.security.web.FilterChainProxy$VirtualFilterChain.doFilter(FilterChainProxy.java:346) ~[spring-security-web-5.7.11.jar:5.7.11]
	at com.casavida.backend.security.jwt.AuthTokenFilter.doFilterInternal(AuthTokenFilter.java:50) ~[classes/:na]
	at org.springframework.web.filter.OncePerRequestFilter.doFilter(OncePerRequestFilter.java:117) ~[spring-web-5.3.31.jar:5.3.31]
	at org.springframework.security.web.FilterChainProxy$VirtualFilterChain.doFilter(FilterChainProxy.java:346) ~[spring-security-web-5.7.11.jar:5.7.11]
	at org.springframework.security.web.authentication.logout.LogoutFilter.doFilter(LogoutFilter.java:103) ~[spring-security-web-5.7.11.jar:5.7.11]
	at org.springframework.security.web.authentication.logout.LogoutFilter.doFilter(LogoutFilter.java:89) ~[spring-security-web-5.7.11.jar:5.7.11]
	at org.springframework.security.web.FilterChainProxy$VirtualFilterChain.doFilter(FilterChainProxy.java:346) ~[spring-security-web-5.7.11.jar:5.7.11]
	at org.springframework.web.filter.CorsFilter.doFilterInternal(CorsFilter.java:91) ~[spring-web-5.3.31.jar:5.3.31]
	at org.springframework.web.filter.OncePerRequestFilter.doFilter(OncePerRequestFilter.java:117) ~[spring-web-5.3.31.jar:5.3.31]
	at org.springframework.security.web.FilterChainProxy$VirtualFilterChain.doFilter(FilterChainProxy.java:346) ~[spring-security-web-5.7.11.jar:5.7.11]
	at org.springframework.security.web.header.HeaderWriterFilter.doHeadersAfter(HeaderWriterFilter.java:90) ~[spring-security-web-5.7.11.jar:5.7.11]
	at org.springframework.security.web.header.HeaderWriterFilter.doFilterInternal(HeaderWriterFilter.java:75) ~[spring-security-web-5.7.11.jar:5.7.11]
	at org.springframework.web.filter.OncePerRequestFilter.doFilter(OncePerRequestFilter.java:117) ~[spring-web-5.3.31.jar:5.3.31]
	at org.springframework.security.web.FilterChainProxy$VirtualFilterChain.doFilter(FilterChainProxy.java:346) ~[spring-security-web-5.7.11.jar:5.7.11]
	at org.springframework.security.web.context.SecurityContextPersistenceFilter.doFilter(SecurityContextPersistenceFilter.java:112) ~[spring-security-web-5.7.11.jar:5.7.11]
	at org.springframework.security.web.context.SecurityContextPersistenceFilter.doFilter(SecurityContextPersistenceFilter.java:82) ~[spring-security-web-5.7.11.jar:5.7.11]
	at org.springframework.security.web.FilterChainProxy$VirtualFilterChain.doFilter(FilterChainProxy.java:346) ~[spring-security-web-5.7.11.jar:5.7.11]
	at org.springframework.security.web.context.request.async.WebAsyncManagerIntegrationFilter.doFilterInternal(WebAsyncManagerIntegrationFilter.java:55) ~[spring-security-web-5.7.11.jar:5.7.11]
	at org.springframework.web.filter.OncePerRequestFilter.doFilter(OncePerRequestFilter.java:117) ~[spring-web-5.3.31.jar:5.3.31]
	at org.springframework.security.web.FilterChainProxy$VirtualFilterChain.doFilter(FilterChainProxy.java:346) ~[spring-security-web-5.7.11.jar:5.7.11]
	at org.springframework.security.web.session.DisableEncodeUrlFilter.doFilterInternal(DisableEncodeUrlFilter.java:42) ~[spring-security-web-5.7.11.jar:5.7.11]
	at org.springframework.web.filter.OncePerRequestFilter.doFilter(OncePerRequestFilter.java:117) ~[spring-web-5.3.31.jar:5.3.31]
	at org.springframework.security.web.FilterChainProxy$VirtualFilterChain.doFilter(FilterChainProxy.java:346) ~[spring-security-web-5.7.11.jar:5.7.11]
	at org.springframework.security.web.FilterChainProxy.doFilterInternal(FilterChainProxy.java:221) ~[spring-security-web-5.7.11.jar:5.7.11]
	at org.springframework.security.web.FilterChainProxy.doFilter(FilterChainProxy.java:186) ~[spring-security-web-5.7.11.jar:5.7.11]
	at org.springframework.web.filter.DelegatingFilterProxy.invokeDelegate(DelegatingFilterProxy.java:354) ~[spring-web-5.3.31.jar:5.3.31]
	at org.springframework.web.filter.DelegatingFilterProxy.doFilter(DelegatingFilterProxy.java:267) ~[spring-web-5.3.31.jar:5.3.31]
	at org.apache.catalina.core.ApplicationFilterChain.internalDoFilter(ApplicationFilterChain.java:178) ~[tomcat-embed-core-9.0.83.jar:9.0.83]
	at org.apache.catalina.core.ApplicationFilterChain.doFilter(ApplicationFilterChain.java:153) ~[tomcat-embed-core-9.0.83.jar:9.0.83]
	at org.springframework.web.filter.RequestContextFilter.doFilterInternal(RequestContextFilter.java:100) ~[spring-web-5.3.31.jar:5.3.31]
	at org.springframework.web.filter.OncePerRequestFilter.doFilter(OncePerRequestFilter.java:117) ~[spring-web-5.3.31.jar:5.3.31]
	at org.apache.catalina.core.ApplicationFilterChain.internalDoFilter(ApplicationFilterChain.java:178) ~[tomcat-embed-core-9.0.83.jar:9.0.83]
	at org.apache.catalina.core.ApplicationFilterChain.doFilter(ApplicationFilterChain.java:153) ~[tomcat-embed-core-9.0.83.jar:9.0.83]
	at org.springframework.web.filter.FormContentFilter.doFilterInternal(FormContentFilter.java:93) ~[spring-web-5.3.31.jar:5.3.31]
	at org.springframework.web.filter.OncePerRequestFilter.doFilter(OncePerRequestFilter.java:117) ~[spring-web-5.3.31.jar:5.3.31]
	at org.apache.catalina.core.ApplicationFilterChain.internalDoFilter(ApplicationFilterChain.java:178) ~[tomcat-embed-core-9.0.83.jar:9.0.83]
	at org.apache.catalina.core.ApplicationFilterChain.doFilter(ApplicationFilterChain.java:153) ~[tomcat-embed-core-9.0.83.jar:9.0.83]
	at org.springframework.web.filter.CharacterEncodingFilter.doFilterInternal(CharacterEncodingFilter.java:201) ~[spring-web-5.3.31.jar:5.3.31]
	at org.springframework.web.filter.OncePerRequestFilter.doFilter(OncePerRequestFilter.java:117) ~[spring-web-5.3.31.jar:5.3.31]
	at org.apache.catalina.core.ApplicationFilterChain.internalDoFilter(ApplicationFilterChain.java:178) ~[tomcat-embed-core-9.0.83.jar:9.0.83]
	at org.apache.catalina.core.ApplicationFilterChain.doFilter(ApplicationFilterChain.java:153) ~[tomcat-embed-core-9.0.83.jar:9.0.83]
	at org.springframework.web.filter.CorsFilter.doFilterInternal(CorsFilter.java:91) ~[spring-web-5.3.31.jar:5.3.31]
	at org.springframework.web.filter.OncePerRequestFilter.doFilter(OncePerRequestFilter.java:117) ~[spring-web-5.3.31.jar:5.3.31]
	at org.apache.catalina.core.ApplicationFilterChain.internalDoFilter(ApplicationFilterChain.java:178) ~[tomcat-embed-core-9.0.83.jar:9.0.83]
	at org.apache.catalina.core.ApplicationFilterChain.doFilter(ApplicationFilterChain.java:153) ~[tomcat-embed-core-9.0.83.jar:9.0.83]
	at org.apache.catalina.core.StandardWrapperValve.invoke(StandardWrapperValve.java:168) ~[tomcat-embed-core-9.0.83.jar:9.0.83]
	at org.apache.catalina.core.StandardContextValve.invoke(StandardContextValve.java:90) ~[tomcat-embed-core-9.0.83.jar:9.0.83]
	at org.apache.catalina.authenticator.AuthenticatorBase.invoke(AuthenticatorBase.java:481) ~[tomcat-embed-core-9.0.83.jar:9.0.83]
	at org.apache.catalina.core.StandardHostValve.invoke(StandardHostValve.java:130) ~[tomcat-embed-core-9.0.83.jar:9.0.83]
	at org.apache.catalina.valves.ErrorReportValve.invoke(ErrorReportValve.java:93) ~[tomcat-embed-core-9.0.83.jar:9.0.83]
	at org.apache.catalina.core.StandardEngineValve.invoke(StandardEngineValve.java:74) ~[tomcat-embed-core-9.0.83.jar:9.0.83]
	at org.apache.catalina.connector.CoyoteAdapter.service(CoyoteAdapter.java:342) ~[tomcat-embed-core-9.0.83.jar:9.0.83]
	at org.apache.coyote.http11.Http11Processor.service(Http11Processor.java:390) ~[tomcat-embed-core-9.0.83.jar:9.0.83]
	at org.apache.coyote.AbstractProcessorLight.process(AbstractProcessorLight.java:63) ~[tomcat-embed-core-9.0.83.jar:9.0.83]
	at org.apache.coyote.AbstractProtocol$ConnectionHandler.process(AbstractProtocol.java:928) ~[tomcat-embed-core-9.0.83.jar:9.0.83]
	at org.apache.tomcat.util.net.NioEndpoint$SocketProcessor.doRun(NioEndpoint.java:1794) ~[tomcat-embed-core-9.0.83.jar:9.0.83]
	at org.apache.tomcat.util.net.SocketProcessorBase.run(SocketProcessorBase.java:52) ~[tomcat-embed-core-9.0.83.jar:9.0.83]
	at org.apache.tomcat.util.threads.ThreadPoolExecutor.runWorker(ThreadPoolExecutor.java:1191) ~[tomcat-embed-core-9.0.83.jar:9.0.83]
	at org.apache.tomcat.util.threads.ThreadPoolExecutor$Worker.run(ThreadPoolExecutor.java:659) ~[tomcat-embed-core-9.0.83.jar:9.0.83]
	at org.apache.tomcat.util.threads.TaskThread$WrappingRunnable.run(TaskThread.java:61) ~[tomcat-embed-core-9.0.83.jar:9.0.83]
	at java.base/java.lang.Thread.run(Thread.java:834) ~[na:na]

2026-02-20 18:42:37.747 DEBUG 8472 --- [nio-8080-exec-3] o.s.web.servlet.DispatcherServlet        : "ERROR" dispatch for GET "/error", parameters={}
2026-02-20 18:42:37.747 DEBUG 8472 --- [nio-8080-exec-3] s.w.s.m.m.a.RequestMappingHandlerMapping : Mapped to org.springframework.boot.autoconfigure.web.servlet.error.BasicErrorController#error(HttpServletRequest)
2026-02-20 18:42:37.748 DEBUG 8472 --- [nio-8080-exec-3] o.s.w.s.m.m.a.HttpEntityMethodProcessor  : Using 'application/json', given [application/json, text/plain, */*] and supported [application/json, application/*+json, application/json, application/*+json]
2026-02-20 18:42:37.748 DEBUG 8472 --- [nio-8080-exec-3] o.s.w.s.m.m.a.HttpEntityMethodProcessor  : Writing [{timestamp=Fri Feb 20 18:42:37 CST 2026, status=500, error=Internal Server Error, path=/api/admin/us (truncated)...]
2026-02-20 18:42:37.754 DEBUG 8472 --- [nio-8080-exec-3] o.s.web.servlet.DispatcherServlet        : Exiting from "ERROR" dispatch, status 500
2026-02-20 18:51:26.598 DEBUG 8472 --- [nio-8080-exec-8] s.w.s.m.m.a.RequestMappingHandlerMapping : Mapped to com.casavida.backend.controllers.AuthController#authenticateUser(LoginRequest)
2026-02-20 18:51:26.613 DEBUG 8472 --- [nio-8080-exec-8] o.s.web.servlet.DispatcherServlet        : POST "/api/auth/signin", parameters={}
2026-02-20 18:51:26.614 DEBUG 8472 --- [nio-8080-exec-8] s.w.s.m.m.a.RequestMappingHandlerMapping : Mapped to com.casavida.backend.controllers.AuthController#authenticateUser(LoginRequest)
2026-02-20 18:51:26.634 DEBUG 8472 --- [nio-8080-exec-8] m.m.a.RequestResponseBodyMethodProcessor : Read "application/json;charset=UTF-8" to [com.casavida.backend.payload.request.LoginRequest@62c3b761]
2026-02-20 18:51:26.660 DEBUG 8472 --- [nio-8080-exec-8] org.hibernate.SQL                        : select user0_.id as id1_15_, user0_.created_at as created_2_15_, user0_.email as email3_15_, user0_.password as password4_15_, user0_.username as username5_15_ from users user0_ where user0_.username=?
Hibernate: select user0_.id as id1_15_, user0_.created_at as created_2_15_, user0_.email as email3_15_, user0_.password as password4_15_, user0_.username as username5_15_ from users user0_ where user0_.username=?
2026-02-20 18:51:26.663 TRACE 8472 --- [nio-8080-exec-8] o.h.type.descriptor.sql.BasicBinder      : binding parameter [1] as [VARCHAR] - [admin]
2026-02-20 18:51:26.679 DEBUG 8472 --- [nio-8080-exec-8] org.hibernate.SQL                        : select roles0_.user_id as user_id1_14_0_, roles0_.role_id as role_id2_14_0_, role1_.id as id1_13_1_, role1_.name as name2_13_1_ from user_roles roles0_ inner join roles role1_ on roles0_.role_id=role1_.id where roles0_.user_id=?
Hibernate: select roles0_.user_id as user_id1_14_0_, roles0_.role_id as role_id2_14_0_, role1_.id as id1_13_1_, role1_.name as name2_13_1_ from user_roles roles0_ inner join roles role1_ on roles0_.role_id=role1_.id where roles0_.user_id=?
2026-02-20 18:51:26.682 TRACE 8472 --- [nio-8080-exec-8] o.h.type.descriptor.sql.BasicBinder      : binding parameter [1] as [BIGINT] - [1]
2026-02-20 18:51:27.088 DEBUG 8472 --- [nio-8080-exec-8] o.s.w.s.m.m.a.HttpEntityMethodProcessor  : Using 'application/json', given [application/json, text/plain, */*] and supported [application/json, application/*+json, application/json, application/*+json]
2026-02-20 18:51:27.091 DEBUG 8472 --- [nio-8080-exec-8] o.s.w.s.m.m.a.HttpEntityMethodProcessor  : Writing [com.casavida.backend.payload.response.JwtResponse@4df927ca]
2026-02-20 18:51:27.099 DEBUG 8472 --- [nio-8080-exec-8] o.s.web.servlet.DispatcherServlet        : Completed 200 OK
2026-02-20 18:51:27.547 DEBUG 8472 --- [nio-8080-exec-9] s.w.s.m.m.a.RequestMappingHandlerMapping : Mapped to com.casavida.backend.controllers.FraccionamientoController#getAllFraccionamientos()
2026-02-20 18:51:27.547 DEBUG 8472 --- [nio-8080-exec-2] s.w.s.m.m.a.RequestMappingHandlerMapping : Mapped to com.casavida.backend.controllers.LoteController#getAvailableLotes(Long, String, String)
2026-02-20 18:51:27.594 DEBUG 8472 --- [nio-8080-exec-2] org.hibernate.SQL                        : select user0_.id as id1_15_, user0_.created_at as created_2_15_, user0_.email as email3_15_, user0_.password as password4_15_, user0_.username as username5_15_ from users user0_ where user0_.username=?
Hibernate: select user0_.id as id1_15_, user0_.created_at as created_2_15_, user0_.email as email3_15_, user0_.password as password4_15_, user0_.username as username5_15_ from users user0_ where user0_.username=?
2026-02-20 18:51:27.596 TRACE 8472 --- [nio-8080-exec-2] o.h.type.descriptor.sql.BasicBinder      : binding parameter [1] as [VARCHAR] - [admin]
2026-02-20 18:51:27.598 DEBUG 8472 --- [nio-8080-exec-2] org.hibernate.SQL                        : select roles0_.user_id as user_id1_14_0_, roles0_.role_id as role_id2_14_0_, role1_.id as id1_13_1_, role1_.name as name2_13_1_ from user_roles roles0_ inner join roles role1_ on roles0_.role_id=role1_.id where roles0_.user_id=?
Hibernate: select roles0_.user_id as user_id1_14_0_, roles0_.role_id as role_id2_14_0_, role1_.id as id1_13_1_, role1_.name as name2_13_1_ from user_roles roles0_ inner join roles role1_ on roles0_.role_id=role1_.id where roles0_.user_id=?
2026-02-20 18:51:27.598 TRACE 8472 --- [nio-8080-exec-2] o.h.type.descriptor.sql.BasicBinder      : binding parameter [1] as [BIGINT] - [1]
2026-02-20 18:51:27.604 DEBUG 8472 --- [nio-8080-exec-2] o.s.web.servlet.DispatcherServlet        : GET "/api/lotes/public?sortDir=asc", parameters={masked}
2026-02-20 18:51:27.605 DEBUG 8472 --- [nio-8080-exec-2] s.w.s.m.m.a.RequestMappingHandlerMapping : Mapped to com.casavida.backend.controllers.LoteController#getAvailableLotes(Long, String, String)
2026-02-20 18:51:27.609 DEBUG 8472 --- [nio-8080-exec-9] org.hibernate.SQL                        : select user0_.id as id1_15_, user0_.created_at as created_2_15_, user0_.email as email3_15_, user0_.password as password4_15_, user0_.username as username5_15_ from users user0_ where user0_.username=?
Hibernate: select user0_.id as id1_15_, user0_.created_at as created_2_15_, user0_.email as email3_15_, user0_.password as password4_15_, user0_.username as username5_15_ from users user0_ where user0_.username=?
2026-02-20 18:51:27.611 TRACE 8472 --- [nio-8080-exec-9] o.h.type.descriptor.sql.BasicBinder      : binding parameter [1] as [VARCHAR] - [admin]
2026-02-20 18:51:27.613 DEBUG 8472 --- [nio-8080-exec-9] org.hibernate.SQL                        : select roles0_.user_id as user_id1_14_0_, roles0_.role_id as role_id2_14_0_, role1_.id as id1_13_1_, role1_.name as name2_13_1_ from user_roles roles0_ inner join roles role1_ on roles0_.role_id=role1_.id where roles0_.user_id=?
Hibernate: select roles0_.user_id as user_id1_14_0_, roles0_.role_id as role_id2_14_0_, role1_.id as id1_13_1_, role1_.name as name2_13_1_ from user_roles roles0_ inner join roles role1_ on roles0_.role_id=role1_.id where roles0_.user_id=?
2026-02-20 18:51:27.616 TRACE 8472 --- [nio-8080-exec-9] o.h.type.descriptor.sql.BasicBinder      : binding parameter [1] as [BIGINT] - [1]
2026-02-20 18:51:27.619 DEBUG 8472 --- [nio-8080-exec-9] o.s.web.servlet.DispatcherServlet        : GET "/api/fraccionamientos/public", parameters={}
2026-02-20 18:51:27.619 DEBUG 8472 --- [nio-8080-exec-9] s.w.s.m.m.a.RequestMappingHandlerMapping : Mapped to com.casavida.backend.controllers.FraccionamientoController#getAllFraccionamientos()
2026-02-20 18:51:27.622 DEBUG 8472 --- [nio-8080-exec-2] org.hibernate.SQL                        : select lote0_.id as id1_7_, lote0_.area_metros_cuadrados as area_met2_7_, lote0_.coordenadas_geo as coordena3_7_, lote0_.descripcion as descripc4_7_, lote0_.estatus as estatus5_7_, lote0_.fraccionamiento_id as fraccio12_7_, lote0_.imagen_url as imagen_u6_7_, lote0_.manzana as manzana7_7_, lote0_.notas as notas8_7_, lote0_.numero_lote as numero_l9_7_, lote0_.plano_coordinates as plano_c10_7_, lote0_.precio_total as precio_11_7_ from lotes lote0_ left outer join fraccionamientos fraccionam1_ on lote0_.fraccionamiento_id=fraccionam1_.id where lote0_.estatus=? and (? is null or (fraccionam1_.id is not null) and fraccionam1_.id=?) and (? is null or (fraccionam1_.id is not null) and (lower(fraccionam1_.ubicacion) like lower(('%'||?||'%')))) order by lote0_.precio_total asc
Hibernate: select lote0_.id as id1_7_, lote0_.area_metros_cuadrados as area_met2_7_, lote0_.coordenadas_geo as coordena3_7_, lote0_.descripcion as descripc4_7_, lote0_.estatus as estatus5_7_, lote0_.fraccionamiento_id as fraccio12_7_, lote0_.imagen_url as imagen_u6_7_, lote0_.manzana as manzana7_7_, lote0_.notas as notas8_7_, lote0_.numero_lote as numero_l9_7_, lote0_.plano_coordinates as plano_c10_7_, lote0_.precio_total as precio_11_7_ from lotes lote0_ left outer join fraccionamientos fraccionam1_ on lote0_.fraccionamiento_id=fraccionam1_.id where lote0_.estatus=? and (? is null or (fraccionam1_.id is not null) and fraccionam1_.id=?) and (? is null or (fraccionam1_.id is not null) and (lower(fraccionam1_.ubicacion) like lower(('%'||?||'%')))) order by lote0_.precio_total asc
2026-02-20 18:51:27.625 DEBUG 8472 --- [nio-8080-exec-9] org.hibernate.SQL                        : select fraccionam0_.id as id1_4_, fraccionam0_.coordenadas_geo as coordena2_4_, fraccionam0_.descripcion as descripc3_4_, fraccionam0_.logo_url as logo_url4_4_, fraccionam0_.nombre as nombre5_4_, fraccionam0_.poligono_delimitador as poligono6_4_, fraccionam0_.ubicacion as ubicacio7_4_ from fraccionamientos fraccionam0_
Hibernate: select fraccionam0_.id as id1_4_, fraccionam0_.coordenadas_geo as coordena2_4_, fraccionam0_.descripcion as descripc3_4_, fraccionam0_.logo_url as logo_url4_4_, fraccionam0_.nombre as nombre5_4_, fraccionam0_.poligono_delimitador as poligono6_4_, fraccionam0_.ubicacion as ubicacio7_4_ from fraccionamientos fraccionam0_
2026-02-20 18:51:27.628 TRACE 8472 --- [nio-8080-exec-2] o.h.type.descriptor.sql.BasicBinder      : binding parameter [1] as [VARCHAR] - [DISPONIBLE]
2026-02-20 18:51:27.628 DEBUG 8472 --- [nio-8080-exec-9] m.m.a.RequestResponseBodyMethodProcessor : Using 'application/json', given [application/json, text/plain, */*] and supported [application/json, application/*+json, application/json, application/*+json]
2026-02-20 18:51:27.628 TRACE 8472 --- [nio-8080-exec-2] o.h.type.descriptor.sql.BasicBinder      : binding parameter [2] as [BIGINT] - [null]
2026-02-20 18:51:27.629 DEBUG 8472 --- [nio-8080-exec-9] m.m.a.RequestResponseBodyMethodProcessor : Writing [[Fraccionamiento(id=1, nombre=Residencial Las Palmas, ubicacion=Cancún, Quintana Roo, descripcion=Ex (truncated)...]
2026-02-20 18:51:27.628 TRACE 8472 --- [nio-8080-exec-2] o.h.type.descriptor.sql.BasicBinder      : binding parameter [3] as [BIGINT] - [null]
2026-02-20 18:51:27.633 TRACE 8472 --- [nio-8080-exec-2] o.h.type.descriptor.sql.BasicBinder      : binding parameter [4] as [VARCHAR] - [null]
2026-02-20 18:51:27.634 DEBUG 8472 --- [nio-8080-exec-9] o.s.web.servlet.DispatcherServlet        : Completed 200 OK
2026-02-20 18:51:27.635 TRACE 8472 --- [nio-8080-exec-2] o.h.type.descriptor.sql.BasicBinder      : binding parameter [5] as [VARCHAR] - [null]
2026-02-20 18:51:27.641 DEBUG 8472 --- [nio-8080-exec-2] m.m.a.RequestResponseBodyMethodProcessor : Using 'application/json', given [application/json, text/plain, */*] and supported [application/json, application/*+json, application/json, application/*+json]
2026-02-20 18:51:27.641 DEBUG 8472 --- [nio-8080-exec-2] m.m.a.RequestResponseBodyMethodProcessor : Writing [[]]
2026-02-20 18:51:27.642 DEBUG 8472 --- [nio-8080-exec-2] o.s.web.servlet.DispatcherServlet        : Completed 200 OK
2026-02-20 18:51:32.482 DEBUG 8472 --- [nio-8080-exec-4] s.w.s.m.m.a.RequestMappingHandlerMapping : Mapped to com.casavida.backend.controllers.AdminController#getAllUsers()
2026-02-20 18:51:32.511 DEBUG 8472 --- [nio-8080-exec-4] org.hibernate.SQL                        : select user0_.id as id1_15_, user0_.created_at as created_2_15_, user0_.email as email3_15_, user0_.password as password4_15_, user0_.username as username5_15_ from users user0_ where user0_.username=?
Hibernate: select user0_.id as id1_15_, user0_.created_at as created_2_15_, user0_.email as email3_15_, user0_.password as password4_15_, user0_.username as username5_15_ from users user0_ where user0_.username=?
2026-02-20 18:51:32.512 TRACE 8472 --- [nio-8080-exec-4] o.h.type.descriptor.sql.BasicBinder      : binding parameter [1] as [VARCHAR] - [admin]
2026-02-20 18:51:32.513 DEBUG 8472 --- [nio-8080-exec-4] org.hibernate.SQL                        : select roles0_.user_id as user_id1_14_0_, roles0_.role_id as role_id2_14_0_, role1_.id as id1_13_1_, role1_.name as name2_13_1_ from user_roles roles0_ inner join roles role1_ on roles0_.role_id=role1_.id where roles0_.user_id=?
Hibernate: select roles0_.user_id as user_id1_14_0_, roles0_.role_id as role_id2_14_0_, role1_.id as id1_13_1_, role1_.name as name2_13_1_ from user_roles roles0_ inner join roles role1_ on roles0_.role_id=role1_.id where roles0_.user_id=?
2026-02-20 18:51:32.513 TRACE 8472 --- [nio-8080-exec-4] o.h.type.descriptor.sql.BasicBinder      : binding parameter [1] as [BIGINT] - [1]
2026-02-20 18:51:32.522 DEBUG 8472 --- [nio-8080-exec-4] o.s.web.servlet.DispatcherServlet        : GET "/api/admin/users", parameters={}
2026-02-20 18:51:32.522 DEBUG 8472 --- [nio-8080-exec-4] s.w.s.m.m.a.RequestMappingHandlerMapping : Mapped to com.casavida.backend.controllers.AdminController#getAllUsers()
2026-02-20 18:51:32.526 DEBUG 8472 --- [nio-8080-exec-4] org.hibernate.SQL                        : select user0_.id as id1_15_, user0_.created_at as created_2_15_, user0_.email as email3_15_, user0_.password as password4_15_, user0_.username as username5_15_ from users user0_
Hibernate: select user0_.id as id1_15_, user0_.created_at as created_2_15_, user0_.email as email3_15_, user0_.password as password4_15_, user0_.username as username5_15_ from users user0_
2026-02-20 18:51:32.530 DEBUG 8472 --- [nio-8080-exec-4] org.hibernate.SQL                        : select roles0_.user_id as user_id1_14_0_, roles0_.role_id as role_id2_14_0_, role1_.id as id1_13_1_, role1_.name as name2_13_1_ from user_roles roles0_ inner join roles role1_ on roles0_.role_id=role1_.id where roles0_.user_id=?
Hibernate: select roles0_.user_id as user_id1_14_0_, roles0_.role_id as role_id2_14_0_, role1_.id as id1_13_1_, role1_.name as name2_13_1_ from user_roles roles0_ inner join roles role1_ on roles0_.role_id=role1_.id where roles0_.user_id=?
2026-02-20 18:51:32.531 TRACE 8472 --- [nio-8080-exec-4] o.h.type.descriptor.sql.BasicBinder      : binding parameter [1] as [BIGINT] - [7]
2026-02-20 18:51:32.532 DEBUG 8472 --- [nio-8080-exec-4] org.hibernate.SQL                        : select roles0_.user_id as user_id1_14_0_, roles0_.role_id as role_id2_14_0_, role1_.id as id1_13_1_, role1_.name as name2_13_1_ from user_roles roles0_ inner join roles role1_ on roles0_.role_id=role1_.id where roles0_.user_id=?
Hibernate: select roles0_.user_id as user_id1_14_0_, roles0_.role_id as role_id2_14_0_, role1_.id as id1_13_1_, role1_.name as name2_13_1_ from user_roles roles0_ inner join roles role1_ on roles0_.role_id=role1_.id where roles0_.user_id=?
2026-02-20 18:51:32.532 TRACE 8472 --- [nio-8080-exec-4] o.h.type.descriptor.sql.BasicBinder      : binding parameter [1] as [BIGINT] - [6]
2026-02-20 18:51:32.539  WARN 8472 --- [nio-8080-exec-4] o.h.e.loading.internal.LoadContexts      : HHH000100: Fail-safe cleanup (collections) : org.hibernate.engine.loading.internal.CollectionLoadContext@41daf740<rs=HikariProxyResultSet@302718967 wrapping rs152: null>
2026-02-20 18:51:32.539  WARN 8472 --- [nio-8080-exec-4] o.h.e.l.internal.CollectionLoadContext   : HHH000160: On CollectionLoadContext#cleanup, localLoadingCollectionKeys contained [1] entries
2026-02-20 18:51:32.543 DEBUG 8472 --- [nio-8080-exec-4] o.s.web.servlet.DispatcherServlet        : Failed to complete request: org.springframework.dao.InvalidDataAccessApiUsageException: No enum constant com.casavida.backend.entity.ERole.ROLE_DIRECTIVO; nested exception is java.lang.IllegalArgumentException: No enum constant com.casavida.backend.entity.ERole.ROLE_DIRECTIVO
2026-02-20 18:51:32.566 ERROR 8472 --- [nio-8080-exec-4] o.a.c.c.C.[.[.[/].[dispatcherServlet]    : Servlet.service() for servlet [dispatcherServlet] in context with path [] threw exception [Request processing failed; nested exception is org.springframework.dao.InvalidDataAccessApiUsageException: No enum constant com.casavida.backend.entity.ERole.ROLE_DIRECTIVO; nested exception is java.lang.IllegalArgumentException: No enum constant com.casavida.backend.entity.ERole.ROLE_DIRECTIVO] with root cause

java.lang.IllegalArgumentException: No enum constant com.casavida.backend.entity.ERole.ROLE_DIRECTIVO
	at java.base/java.lang.Enum.valueOf(Enum.java:240) ~[na:na]
	at org.hibernate.type.descriptor.java.EnumJavaTypeDescriptor.fromName(EnumJavaTypeDescriptor.java:84) ~[hibernate-core-5.6.15.Final.jar:5.6.15.Final]
	at org.hibernate.type.descriptor.java.EnumJavaTypeDescriptor.wrap(EnumJavaTypeDescriptor.java:54) ~[hibernate-core-5.6.15.Final.jar:5.6.15.Final]
	at org.hibernate.type.descriptor.java.EnumJavaTypeDescriptor.wrap(EnumJavaTypeDescriptor.java:16) ~[hibernate-core-5.6.15.Final.jar:5.6.15.Final]
	at org.hibernate.type.descriptor.sql.VarcharTypeDescriptor$2.doExtract(VarcharTypeDescriptor.java:62) ~[hibernate-core-5.6.15.Final.jar:5.6.15.Final]
	at org.hibernate.type.descriptor.sql.BasicExtractor.extract(BasicExtractor.java:47) ~[hibernate-core-5.6.15.Final.jar:5.6.15.Final]
	at org.hibernate.metamodel.model.convert.internal.NamedEnumValueConverter.readValue(NamedEnumValueConverter.java:68) ~[hibernate-core-5.6.15.Final.jar:5.6.15.Final]
	at org.hibernate.type.EnumType.nullSafeGet(EnumType.java:250) ~[hibernate-core-5.6.15.Final.jar:5.6.15.Final]
	at org.hibernate.type.CustomType.nullSafeGet(CustomType.java:119) ~[hibernate-core-5.6.15.Final.jar:5.6.15.Final]
	at org.hibernate.type.AbstractType.hydrate(AbstractType.java:91) ~[hibernate-core-5.6.15.Final.jar:5.6.15.Final]
	at org.hibernate.persister.entity.AbstractEntityPersister.hydrate(AbstractEntityPersister.java:3214) ~[hibernate-core-5.6.15.Final.jar:5.6.15.Final]
	at org.hibernate.persister.entity.Loadable.hydrate(Loadable.java:94) ~[hibernate-core-5.6.15.Final.jar:5.6.15.Final]
	at org.hibernate.loader.plan.exec.process.internal.EntityReferenceInitializerImpl.loadFromResultSet(EntityReferenceInitializerImpl.java:342) ~[hibernate-core-5.6.15.Final.jar:5.6.15.Final]
	at org.hibernate.loader.plan.exec.process.internal.EntityReferenceInitializerImpl.hydrateEntityState(EntityReferenceInitializerImpl.java:269) ~[hibernate-core-5.6.15.Final.jar:5.6.15.Final]
	at org.hibernate.loader.plan.exec.process.internal.AbstractRowReader.readRow(AbstractRowReader.java:80) ~[hibernate-core-5.6.15.Final.jar:5.6.15.Final]
	at org.hibernate.loader.plan.exec.process.internal.ResultSetProcessorImpl.extractRows(ResultSetProcessorImpl.java:157) ~[hibernate-core-5.6.15.Final.jar:5.6.15.Final]
	at org.hibernate.loader.plan.exec.process.internal.ResultSetProcessorImpl.extractResults(ResultSetProcessorImpl.java:94) ~[hibernate-core-5.6.15.Final.jar:5.6.15.Final]
	at org.hibernate.loader.plan.exec.internal.AbstractLoadPlanBasedLoader.executeLoad(AbstractLoadPlanBasedLoader.java:105) ~[hibernate-core-5.6.15.Final.jar:5.6.15.Final]
	at org.hibernate.loader.collection.plan.AbstractLoadPlanBasedCollectionInitializer.initialize(AbstractLoadPlanBasedCollectionInitializer.java:87) ~[hibernate-core-5.6.15.Final.jar:5.6.15.Final]
	at org.hibernate.persister.collection.AbstractCollectionPersister.initialize(AbstractCollectionPersister.java:705) ~[hibernate-core-5.6.15.Final.jar:5.6.15.Final]
	at org.hibernate.event.internal.DefaultInitializeCollectionEventListener.onInitializeCollection(DefaultInitializeCollectionEventListener.java:76) ~[hibernate-core-5.6.15.Final.jar:5.6.15.Final]
	at org.hibernate.event.service.internal.EventListenerGroupImpl.fireEventOnEachListener(EventListenerGroupImpl.java:107) ~[hibernate-core-5.6.15.Final.jar:5.6.15.Final]
	at org.hibernate.internal.SessionImpl.initializeCollection(SessionImpl.java:2208) ~[hibernate-core-5.6.15.Final.jar:5.6.15.Final]
	at org.hibernate.collection.internal.AbstractPersistentCollection$4.doWork(AbstractPersistentCollection.java:595) ~[hibernate-core-5.6.15.Final.jar:5.6.15.Final]
	at org.hibernate.collection.internal.AbstractPersistentCollection.withTemporarySessionIfNeeded(AbstractPersistentCollection.java:264) ~[hibernate-core-5.6.15.Final.jar:5.6.15.Final]
	at org.hibernate.collection.internal.AbstractPersistentCollection.initialize(AbstractPersistentCollection.java:591) ~[hibernate-core-5.6.15.Final.jar:5.6.15.Final]
	at org.hibernate.collection.internal.AbstractPersistentCollection.forceInitialization(AbstractPersistentCollection.java:787) ~[hibernate-core-5.6.15.Final.jar:5.6.15.Final]
	at org.hibernate.engine.internal.StatefulPersistenceContext.initializeNonLazyCollections(StatefulPersistenceContext.java:1005) ~[hibernate-core-5.6.15.Final.jar:5.6.15.Final]
	at org.hibernate.engine.internal.StatefulPersistenceContext.initializeNonLazyCollections(StatefulPersistenceContext.java:991) ~[hibernate-core-5.6.15.Final.jar:5.6.15.Final]
	at org.hibernate.loader.Loader.doQueryAndInitializeNonLazyCollections(Loader.java:362) ~[hibernate-core-5.6.15.Final.jar:5.6.15.Final]
	at org.hibernate.loader.Loader.doList(Loader.java:2868) ~[hibernate-core-5.6.15.Final.jar:5.6.15.Final]
	at org.hibernate.loader.Loader.doList(Loader.java:2850) ~[hibernate-core-5.6.15.Final.jar:5.6.15.Final]
	at org.hibernate.loader.Loader.listIgnoreQueryCache(Loader.java:2682) ~[hibernate-core-5.6.15.Final.jar:5.6.15.Final]
	at org.hibernate.loader.Loader.list(Loader.java:2677) ~[hibernate-core-5.6.15.Final.jar:5.6.15.Final]
	at org.hibernate.loader.hql.QueryLoader.list(QueryLoader.java:540) ~[hibernate-core-5.6.15.Final.jar:5.6.15.Final]
	at org.hibernate.hql.internal.ast.QueryTranslatorImpl.list(QueryTranslatorImpl.java:400) ~[hibernate-core-5.6.15.Final.jar:5.6.15.Final]
	at org.hibernate.engine.query.spi.HQLQueryPlan.performList(HQLQueryPlan.java:218) ~[hibernate-core-5.6.15.Final.jar:5.6.15.Final]
	at org.hibernate.internal.SessionImpl.list(SessionImpl.java:1459) ~[hibernate-core-5.6.15.Final.jar:5.6.15.Final]
	at org.hibernate.query.internal.AbstractProducedQuery.doList(AbstractProducedQuery.java:1649) ~[hibernate-core-5.6.15.Final.jar:5.6.15.Final]
	at org.hibernate.query.internal.AbstractProducedQuery.list(AbstractProducedQuery.java:1617) ~[hibernate-core-5.6.15.Final.jar:5.6.15.Final]
	at org.hibernate.query.Query.getResultList(Query.java:165) ~[hibernate-core-5.6.15.Final.jar:5.6.15.Final]
	at org.hibernate.query.criteria.internal.compile.CriteriaQueryTypeQueryAdapter.getResultList(CriteriaQueryTypeQueryAdapter.java:76) ~[hibernate-core-5.6.15.Final.jar:5.6.15.Final]
	at org.springframework.data.jpa.repository.support.SimpleJpaRepository.findAll(SimpleJpaRepository.java:427) ~[spring-data-jpa-2.7.18.jar:2.7.18]
	at org.springframework.data.jpa.repository.support.SimpleJpaRepository.findAll(SimpleJpaRepository.java:88) ~[spring-data-jpa-2.7.18.jar:2.7.18]
	at java.base/jdk.internal.reflect.NativeMethodAccessorImpl.invoke0(Native Method) ~[na:na]
	at java.base/jdk.internal.reflect.NativeMethodAccessorImpl.invoke(NativeMethodAccessorImpl.java:62) ~[na:na]
	at java.base/jdk.internal.reflect.DelegatingMethodAccessorImpl.invoke(DelegatingMethodAccessorImpl.java:43) ~[na:na]
	at java.base/java.lang.reflect.Method.invoke(Method.java:566) ~[na:na]
	at org.springframework.data.repository.core.support.RepositoryMethodInvoker$RepositoryFragmentMethodInvoker.lambda$new$0(RepositoryMethodInvoker.java:289) ~[spring-data-commons-2.7.18.jar:2.7.18]
	at org.springframework.data.repository.core.support.RepositoryMethodInvoker.doInvoke(RepositoryMethodInvoker.java:137) ~[spring-data-commons-2.7.18.jar:2.7.18]
	at org.springframework.data.repository.core.support.RepositoryMethodInvoker.invoke(RepositoryMethodInvoker.java:121) ~[spring-data-commons-2.7.18.jar:2.7.18]
	at org.springframework.data.repository.core.support.RepositoryComposition$RepositoryFragments.invoke(RepositoryComposition.java:530) ~[spring-data-commons-2.7.18.jar:2.7.18]
	at org.springframework.data.repository.core.support.RepositoryComposition.invoke(RepositoryComposition.java:286) ~[spring-data-commons-2.7.18.jar:2.7.18]
	at org.springframework.data.repository.core.support.RepositoryFactorySupport$ImplementationMethodExecutionInterceptor.invoke(RepositoryFactorySupport.java:640) ~[spring-data-commons-2.7.18.jar:2.7.18]
	at org.springframework.aop.framework.ReflectiveMethodInvocation.proceed(ReflectiveMethodInvocation.java:186) ~[spring-aop-5.3.31.jar:5.3.31]
	at org.springframework.data.repository.core.support.QueryExecutorMethodInterceptor.doInvoke(QueryExecutorMethodInterceptor.java:164) ~[spring-data-commons-2.7.18.jar:2.7.18]
	at org.springframework.data.repository.core.support.QueryExecutorMethodInterceptor.invoke(QueryExecutorMethodInterceptor.java:139) ~[spring-data-commons-2.7.18.jar:2.7.18]
	at org.springframework.aop.framework.ReflectiveMethodInvocation.proceed(ReflectiveMethodInvocation.java:186) ~[spring-aop-5.3.31.jar:5.3.31]
	at org.springframework.data.projection.DefaultMethodInvokingMethodInterceptor.invoke(DefaultMethodInvokingMethodInterceptor.java:76) ~[spring-data-commons-2.7.18.jar:2.7.18]
	at org.springframework.aop.framework.ReflectiveMethodInvocation.proceed(ReflectiveMethodInvocation.java:186) ~[spring-aop-5.3.31.jar:5.3.31]
	at org.springframework.transaction.interceptor.TransactionInterceptor$1.proceedWithInvocation(TransactionInterceptor.java:123) ~[spring-tx-5.3.31.jar:5.3.31]
	at org.springframework.transaction.interceptor.TransactionAspectSupport.invokeWithinTransaction(TransactionAspectSupport.java:388) ~[spring-tx-5.3.31.jar:5.3.31]
	at org.springframework.transaction.interceptor.TransactionInterceptor.invoke(TransactionInterceptor.java:119) ~[spring-tx-5.3.31.jar:5.3.31]
	at org.springframework.aop.framework.ReflectiveMethodInvocation.proceed(ReflectiveMethodInvocation.java:186) ~[spring-aop-5.3.31.jar:5.3.31]
	at org.springframework.dao.support.PersistenceExceptionTranslationInterceptor.invoke(PersistenceExceptionTranslationInterceptor.java:137) ~[spring-tx-5.3.31.jar:5.3.31]
	at org.springframework.aop.framework.ReflectiveMethodInvocation.proceed(ReflectiveMethodInvocation.java:186) ~[spring-aop-5.3.31.jar:5.3.31]
	at org.springframework.data.jpa.repository.support.CrudMethodMetadataPostProcessor$CrudMethodMetadataPopulatingMethodInterceptor.invoke(CrudMethodMetadataPostProcessor.java:174) ~[spring-data-jpa-2.7.18.jar:2.7.18]
	at org.springframework.aop.framework.ReflectiveMethodInvocation.proceed(ReflectiveMethodInvocation.java:186) ~[spring-aop-5.3.31.jar:5.3.31]
	at org.springframework.aop.interceptor.ExposeInvocationInterceptor.invoke(ExposeInvocationInterceptor.java:97) ~[spring-aop-5.3.31.jar:5.3.31]
	at org.springframework.aop.framework.ReflectiveMethodInvocation.proceed(ReflectiveMethodInvocation.java:186) ~[spring-aop-5.3.31.jar:5.3.31]
	at org.springframework.aop.framework.JdkDynamicAopProxy.invoke(JdkDynamicAopProxy.java:241) ~[spring-aop-5.3.31.jar:5.3.31]
	at com.sun.proxy.$Proxy128.findAll(Unknown Source) ~[na:na]
	at com.casavida.backend.services.AdminService.getAllUsers(AdminService.java:32) ~[classes/:na]
	at com.casavida.backend.services.AdminService$$FastClassBySpringCGLIB$$b165fe77.invoke(<generated>) ~[classes/:na]
	at org.springframework.cglib.proxy.MethodProxy.invoke(MethodProxy.java:218) ~[spring-core-5.3.31.jar:5.3.31]
	at org.springframework.aop.framework.CglibAopProxy.invokeMethod(CglibAopProxy.java:386) ~[spring-aop-5.3.31.jar:5.3.31]
	at org.springframework.aop.framework.CglibAopProxy.access$000(CglibAopProxy.java:85) ~[spring-aop-5.3.31.jar:5.3.31]
	at org.springframework.aop.framework.CglibAopProxy$DynamicAdvisedInterceptor.intercept(CglibAopProxy.java:703) ~[spring-aop-5.3.31.jar:5.3.31]
	at com.casavida.backend.services.AdminService$$EnhancerBySpringCGLIB$$2c2ed84a.getAllUsers(<generated>) ~[classes/:na]
	at com.casavida.backend.controllers.AdminController.getAllUsers(AdminController.java:23) ~[classes/:na]
	at com.casavida.backend.controllers.AdminController$$FastClassBySpringCGLIB$$f026a35.invoke(<generated>) ~[classes/:na]
	at org.springframework.cglib.proxy.MethodProxy.invoke(MethodProxy.java:218) ~[spring-core-5.3.31.jar:5.3.31]
	at org.springframework.aop.framework.CglibAopProxy$CglibMethodInvocation.invokeJoinpoint(CglibAopProxy.java:792) ~[spring-aop-5.3.31.jar:5.3.31]
	at org.springframework.aop.framework.ReflectiveMethodInvocation.proceed(ReflectiveMethodInvocation.java:163) ~[spring-aop-5.3.31.jar:5.3.31]
	at org.springframework.aop.framework.CglibAopProxy$CglibMethodInvocation.proceed(CglibAopProxy.java:762) ~[spring-aop-5.3.31.jar:5.3.31]
	at org.springframework.security.access.intercept.aopalliance.MethodSecurityInterceptor.invoke(MethodSecurityInterceptor.java:61) ~[spring-security-core-5.7.11.jar:5.7.11]
	at org.springframework.aop.framework.ReflectiveMethodInvocation.proceed(ReflectiveMethodInvocation.java:186) ~[spring-aop-5.3.31.jar:5.3.31]
	at org.springframework.aop.framework.CglibAopProxy$CglibMethodInvocation.proceed(CglibAopProxy.java:762) ~[spring-aop-5.3.31.jar:5.3.31]
	at org.springframework.aop.framework.CglibAopProxy$DynamicAdvisedInterceptor.intercept(CglibAopProxy.java:707) ~[spring-aop-5.3.31.jar:5.3.31]
	at com.casavida.backend.controllers.AdminController$$EnhancerBySpringCGLIB$$787af546.getAllUsers(<generated>) ~[classes/:na]
	at java.base/jdk.internal.reflect.NativeMethodAccessorImpl.invoke0(Native Method) ~[na:na]
	at java.base/jdk.internal.reflect.NativeMethodAccessorImpl.invoke(NativeMethodAccessorImpl.java:62) ~[na:na]
	at java.base/jdk.internal.reflect.DelegatingMethodAccessorImpl.invoke(DelegatingMethodAccessorImpl.java:43) ~[na:na]
	at java.base/java.lang.reflect.Method.invoke(Method.java:566) ~[na:na]
	at org.springframework.web.method.support.InvocableHandlerMethod.doInvoke(InvocableHandlerMethod.java:205) ~[spring-web-5.3.31.jar:5.3.31]
	at org.springframework.web.method.support.InvocableHandlerMethod.invokeForRequest(InvocableHandlerMethod.java:150) ~[spring-web-5.3.31.jar:5.3.31]
	at org.springframework.web.servlet.mvc.method.annotation.ServletInvocableHandlerMethod.invokeAndHandle(ServletInvocableHandlerMethod.java:117) ~[spring-webmvc-5.3.31.jar:5.3.31]
	at org.springframework.web.servlet.mvc.method.annotation.RequestMappingHandlerAdapter.invokeHandlerMethod(RequestMappingHandlerAdapter.java:895) ~[spring-webmvc-5.3.31.jar:5.3.31]
	at org.springframework.web.servlet.mvc.method.annotation.RequestMappingHandlerAdapter.handleInternal(RequestMappingHandlerAdapter.java:808) ~[spring-webmvc-5.3.31.jar:5.3.31]
	at org.springframework.web.servlet.mvc.method.AbstractHandlerMethodAdapter.handle(AbstractHandlerMethodAdapter.java:87) ~[spring-webmvc-5.3.31.jar:5.3.31]
	at org.springframework.web.servlet.DispatcherServlet.doDispatch(DispatcherServlet.java:1072) ~[spring-webmvc-5.3.31.jar:5.3.31]
	at org.springframework.web.servlet.DispatcherServlet.doService(DispatcherServlet.java:965) ~[spring-webmvc-5.3.31.jar:5.3.31]
	at org.springframework.web.servlet.FrameworkServlet.processRequest(FrameworkServlet.java:1006) ~[spring-webmvc-5.3.31.jar:5.3.31]
	at org.springframework.web.servlet.FrameworkServlet.doGet(FrameworkServlet.java:898) ~[spring-webmvc-5.3.31.jar:5.3.31]
	at javax.servlet.http.HttpServlet.service(HttpServlet.java:529) ~[tomcat-embed-core-9.0.83.jar:4.0.FR]
	at org.springframework.web.servlet.FrameworkServlet.service(FrameworkServlet.java:883) ~[spring-webmvc-5.3.31.jar:5.3.31]
	at javax.servlet.http.HttpServlet.service(HttpServlet.java:623) ~[tomcat-embed-core-9.0.83.jar:4.0.FR]
	at org.apache.catalina.core.ApplicationFilterChain.internalDoFilter(ApplicationFilterChain.java:209) ~[tomcat-embed-core-9.0.83.jar:9.0.83]
	at org.apache.catalina.core.ApplicationFilterChain.doFilter(ApplicationFilterChain.java:153) ~[tomcat-embed-core-9.0.83.jar:9.0.83]
	at org.apache.tomcat.websocket.server.WsFilter.doFilter(WsFilter.java:51) ~[tomcat-embed-websocket-9.0.83.jar:9.0.83]
	at org.apache.catalina.core.ApplicationFilterChain.internalDoFilter(ApplicationFilterChain.java:178) ~[tomcat-embed-core-9.0.83.jar:9.0.83]
	at org.apache.catalina.core.ApplicationFilterChain.doFilter(ApplicationFilterChain.java:153) ~[tomcat-embed-core-9.0.83.jar:9.0.83]
	at org.springframework.web.filter.OncePerRequestFilter.doFilter(OncePerRequestFilter.java:111) ~[spring-web-5.3.31.jar:5.3.31]
	at org.apache.catalina.core.ApplicationFilterChain.internalDoFilter(ApplicationFilterChain.java:178) ~[tomcat-embed-core-9.0.83.jar:9.0.83]
	at org.apache.catalina.core.ApplicationFilterChain.doFilter(ApplicationFilterChain.java:153) ~[tomcat-embed-core-9.0.83.jar:9.0.83]
	at org.springframework.security.web.FilterChainProxy$VirtualFilterChain.doFilter(FilterChainProxy.java:337) ~[spring-security-web-5.7.11.jar:5.7.11]
	at org.springframework.security.web.access.intercept.FilterSecurityInterceptor.invoke(FilterSecurityInterceptor.java:115) ~[spring-security-web-5.7.11.jar:5.7.11]
	at org.springframework.security.web.access.intercept.FilterSecurityInterceptor.doFilter(FilterSecurityInterceptor.java:81) ~[spring-security-web-5.7.11.jar:5.7.11]
	at org.springframework.security.web.FilterChainProxy$VirtualFilterChain.doFilter(FilterChainProxy.java:346) ~[spring-security-web-5.7.11.jar:5.7.11]
	at org.springframework.security.web.access.ExceptionTranslationFilter.doFilter(ExceptionTranslationFilter.java:122) ~[spring-security-web-5.7.11.jar:5.7.11]
	at org.springframework.security.web.access.ExceptionTranslationFilter.doFilter(ExceptionTranslationFilter.java:116) ~[spring-security-web-5.7.11.jar:5.7.11]
	at org.springframework.security.web.FilterChainProxy$VirtualFilterChain.doFilter(FilterChainProxy.java:346) ~[spring-security-web-5.7.11.jar:5.7.11]
	at org.springframework.security.web.session.SessionManagementFilter.doFilter(SessionManagementFilter.java:126) ~[spring-security-web-5.7.11.jar:5.7.11]
	at org.springframework.security.web.session.SessionManagementFilter.doFilter(SessionManagementFilter.java:81) ~[spring-security-web-5.7.11.jar:5.7.11]
	at org.springframework.security.web.FilterChainProxy$VirtualFilterChain.doFilter(FilterChainProxy.java:346) ~[spring-security-web-5.7.11.jar:5.7.11]
	at org.springframework.security.web.authentication.AnonymousAuthenticationFilter.doFilter(AnonymousAuthenticationFilter.java:109) ~[spring-security-web-5.7.11.jar:5.7.11]
	at org.springframework.security.web.FilterChainProxy$VirtualFilterChain.doFilter(FilterChainProxy.java:346) ~[spring-security-web-5.7.11.jar:5.7.11]
	at org.springframework.security.web.servletapi.SecurityContextHolderAwareRequestFilter.doFilter(SecurityContextHolderAwareRequestFilter.java:149) ~[spring-security-web-5.7.11.jar:5.7.11]
	at org.springframework.security.web.FilterChainProxy$VirtualFilterChain.doFilter(FilterChainProxy.java:346) ~[spring-security-web-5.7.11.jar:5.7.11]
	at org.springframework.security.web.savedrequest.RequestCacheAwareFilter.doFilter(RequestCacheAwareFilter.java:63) ~[spring-security-web-5.7.11.jar:5.7.11]
	at org.springframework.security.web.FilterChainProxy$VirtualFilterChain.doFilter(FilterChainProxy.java:346) ~[spring-security-web-5.7.11.jar:5.7.11]
	at com.casavida.backend.security.jwt.AuthTokenFilter.doFilterInternal(AuthTokenFilter.java:50) ~[classes/:na]
	at org.springframework.web.filter.OncePerRequestFilter.doFilter(OncePerRequestFilter.java:117) ~[spring-web-5.3.31.jar:5.3.31]
	at org.springframework.security.web.FilterChainProxy$VirtualFilterChain.doFilter(FilterChainProxy.java:346) ~[spring-security-web-5.7.11.jar:5.7.11]
	at org.springframework.security.web.authentication.logout.LogoutFilter.doFilter(LogoutFilter.java:103) ~[spring-security-web-5.7.11.jar:5.7.11]
	at org.springframework.security.web.authentication.logout.LogoutFilter.doFilter(LogoutFilter.java:89) ~[spring-security-web-5.7.11.jar:5.7.11]
	at org.springframework.security.web.FilterChainProxy$VirtualFilterChain.doFilter(FilterChainProxy.java:346) ~[spring-security-web-5.7.11.jar:5.7.11]
	at org.springframework.web.filter.CorsFilter.doFilterInternal(CorsFilter.java:91) ~[spring-web-5.3.31.jar:5.3.31]
	at org.springframework.web.filter.OncePerRequestFilter.doFilter(OncePerRequestFilter.java:117) ~[spring-web-5.3.31.jar:5.3.31]
	at org.springframework.security.web.FilterChainProxy$VirtualFilterChain.doFilter(FilterChainProxy.java:346) ~[spring-security-web-5.7.11.jar:5.7.11]
	at org.springframework.security.web.header.HeaderWriterFilter.doHeadersAfter(HeaderWriterFilter.java:90) ~[spring-security-web-5.7.11.jar:5.7.11]
	at org.springframework.security.web.header.HeaderWriterFilter.doFilterInternal(HeaderWriterFilter.java:75) ~[spring-security-web-5.7.11.jar:5.7.11]
	at org.springframework.web.filter.OncePerRequestFilter.doFilter(OncePerRequestFilter.java:117) ~[spring-web-5.3.31.jar:5.3.31]
	at org.springframework.security.web.FilterChainProxy$VirtualFilterChain.doFilter(FilterChainProxy.java:346) ~[spring-security-web-5.7.11.jar:5.7.11]
	at org.springframework.security.web.context.SecurityContextPersistenceFilter.doFilter(SecurityContextPersistenceFilter.java:112) ~[spring-security-web-5.7.11.jar:5.7.11]
	at org.springframework.security.web.context.SecurityContextPersistenceFilter.doFilter(SecurityContextPersistenceFilter.java:82) ~[spring-security-web-5.7.11.jar:5.7.11]
	at org.springframework.security.web.FilterChainProxy$VirtualFilterChain.doFilter(FilterChainProxy.java:346) ~[spring-security-web-5.7.11.jar:5.7.11]
	at org.springframework.security.web.context.request.async.WebAsyncManagerIntegrationFilter.doFilterInternal(WebAsyncManagerIntegrationFilter.java:55) ~[spring-security-web-5.7.11.jar:5.7.11]
	at org.springframework.web.filter.OncePerRequestFilter.doFilter(OncePerRequestFilter.java:117) ~[spring-web-5.3.31.jar:5.3.31]
	at org.springframework.security.web.FilterChainProxy$VirtualFilterChain.doFilter(FilterChainProxy.java:346) ~[spring-security-web-5.7.11.jar:5.7.11]
	at org.springframework.security.web.session.DisableEncodeUrlFilter.doFilterInternal(DisableEncodeUrlFilter.java:42) ~[spring-security-web-5.7.11.jar:5.7.11]
	at org.springframework.web.filter.OncePerRequestFilter.doFilter(OncePerRequestFilter.java:117) ~[spring-web-5.3.31.jar:5.3.31]
	at org.springframework.security.web.FilterChainProxy$VirtualFilterChain.doFilter(FilterChainProxy.java:346) ~[spring-security-web-5.7.11.jar:5.7.11]
	at org.springframework.security.web.FilterChainProxy.doFilterInternal(FilterChainProxy.java:221) ~[spring-security-web-5.7.11.jar:5.7.11]
	at org.springframework.security.web.FilterChainProxy.doFilter(FilterChainProxy.java:186) ~[spring-security-web-5.7.11.jar:5.7.11]
	at org.springframework.web.filter.DelegatingFilterProxy.invokeDelegate(DelegatingFilterProxy.java:354) ~[spring-web-5.3.31.jar:5.3.31]
	at org.springframework.web.filter.DelegatingFilterProxy.doFilter(DelegatingFilterProxy.java:267) ~[spring-web-5.3.31.jar:5.3.31]
	at org.apache.catalina.core.ApplicationFilterChain.internalDoFilter(ApplicationFilterChain.java:178) ~[tomcat-embed-core-9.0.83.jar:9.0.83]
	at org.apache.catalina.core.ApplicationFilterChain.doFilter(ApplicationFilterChain.java:153) ~[tomcat-embed-core-9.0.83.jar:9.0.83]
	at org.springframework.web.filter.RequestContextFilter.doFilterInternal(RequestContextFilter.java:100) ~[spring-web-5.3.31.jar:5.3.31]
	at org.springframework.web.filter.OncePerRequestFilter.doFilter(OncePerRequestFilter.java:117) ~[spring-web-5.3.31.jar:5.3.31]
	at org.apache.catalina.core.ApplicationFilterChain.internalDoFilter(ApplicationFilterChain.java:178) ~[tomcat-embed-core-9.0.83.jar:9.0.83]
	at org.apache.catalina.core.ApplicationFilterChain.doFilter(ApplicationFilterChain.java:153) ~[tomcat-embed-core-9.0.83.jar:9.0.83]
	at org.springframework.web.filter.FormContentFilter.doFilterInternal(FormContentFilter.java:93) ~[spring-web-5.3.31.jar:5.3.31]
	at org.springframework.web.filter.OncePerRequestFilter.doFilter(OncePerRequestFilter.java:117) ~[spring-web-5.3.31.jar:5.3.31]
	at org.apache.catalina.core.ApplicationFilterChain.internalDoFilter(ApplicationFilterChain.java:178) ~[tomcat-embed-core-9.0.83.jar:9.0.83]
	at org.apache.catalina.core.ApplicationFilterChain.doFilter(ApplicationFilterChain.java:153) ~[tomcat-embed-core-9.0.83.jar:9.0.83]
	at org.springframework.web.filter.CharacterEncodingFilter.doFilterInternal(CharacterEncodingFilter.java:201) ~[spring-web-5.3.31.jar:5.3.31]
	at org.springframework.web.filter.OncePerRequestFilter.doFilter(OncePerRequestFilter.java:117) ~[spring-web-5.3.31.jar:5.3.31]
	at org.apache.catalina.core.ApplicationFilterChain.internalDoFilter(ApplicationFilterChain.java:178) ~[tomcat-embed-core-9.0.83.jar:9.0.83]
	at org.apache.catalina.core.ApplicationFilterChain.doFilter(ApplicationFilterChain.java:153) ~[tomcat-embed-core-9.0.83.jar:9.0.83]
	at org.springframework.web.filter.CorsFilter.doFilterInternal(CorsFilter.java:91) ~[spring-web-5.3.31.jar:5.3.31]
	at org.springframework.web.filter.OncePerRequestFilter.doFilter(OncePerRequestFilter.java:117) ~[spring-web-5.3.31.jar:5.3.31]
	at org.apache.catalina.core.ApplicationFilterChain.internalDoFilter(ApplicationFilterChain.java:178) ~[tomcat-embed-core-9.0.83.jar:9.0.83]
	at org.apache.catalina.core.ApplicationFilterChain.doFilter(ApplicationFilterChain.java:153) ~[tomcat-embed-core-9.0.83.jar:9.0.83]
	at org.apache.catalina.core.StandardWrapperValve.invoke(StandardWrapperValve.java:168) ~[tomcat-embed-core-9.0.83.jar:9.0.83]
	at org.apache.catalina.core.StandardContextValve.invoke(StandardContextValve.java:90) ~[tomcat-embed-core-9.0.83.jar:9.0.83]
	at org.apache.catalina.authenticator.AuthenticatorBase.invoke(AuthenticatorBase.java:481) ~[tomcat-embed-core-9.0.83.jar:9.0.83]
	at org.apache.catalina.core.StandardHostValve.invoke(StandardHostValve.java:130) ~[tomcat-embed-core-9.0.83.jar:9.0.83]
	at org.apache.catalina.valves.ErrorReportValve.invoke(ErrorReportValve.java:93) ~[tomcat-embed-core-9.0.83.jar:9.0.83]
	at org.apache.catalina.core.StandardEngineValve.invoke(StandardEngineValve.java:74) ~[tomcat-embed-core-9.0.83.jar:9.0.83]
	at org.apache.catalina.connector.CoyoteAdapter.service(CoyoteAdapter.java:342) ~[tomcat-embed-core-9.0.83.jar:9.0.83]
	at org.apache.coyote.http11.Http11Processor.service(Http11Processor.java:390) ~[tomcat-embed-core-9.0.83.jar:9.0.83]
	at org.apache.coyote.AbstractProcessorLight.process(AbstractProcessorLight.java:63) ~[tomcat-embed-core-9.0.83.jar:9.0.83]
	at org.apache.coyote.AbstractProtocol$ConnectionHandler.process(AbstractProtocol.java:928) ~[tomcat-embed-core-9.0.83.jar:9.0.83]
	at org.apache.tomcat.util.net.NioEndpoint$SocketProcessor.doRun(NioEndpoint.java:1794) ~[tomcat-embed-core-9.0.83.jar:9.0.83]
	at org.apache.tomcat.util.net.SocketProcessorBase.run(SocketProcessorBase.java:52) ~[tomcat-embed-core-9.0.83.jar:9.0.83]
	at org.apache.tomcat.util.threads.ThreadPoolExecutor.runWorker(ThreadPoolExecutor.java:1191) ~[tomcat-embed-core-9.0.83.jar:9.0.83]
	at org.apache.tomcat.util.threads.ThreadPoolExecutor$Worker.run(ThreadPoolExecutor.java:659) ~[tomcat-embed-core-9.0.83.jar:9.0.83]
	at org.apache.tomcat.util.threads.TaskThread$WrappingRunnable.run(TaskThread.java:61) ~[tomcat-embed-core-9.0.83.jar:9.0.83]
	at java.base/java.lang.Thread.run(Thread.java:834) ~[na:na]

2026-02-20 18:51:32.600 DEBUG 8472 --- [nio-8080-exec-4] o.s.web.servlet.DispatcherServlet        : "ERROR" dispatch for GET "/error", parameters={}
2026-02-20 18:51:32.609 DEBUG 8472 --- [nio-8080-exec-4] s.w.s.m.m.a.RequestMappingHandlerMapping : Mapped to org.springframework.boot.autoconfigure.web.servlet.error.BasicErrorController#error(HttpServletRequest)
2026-02-20 18:51:32.612 DEBUG 8472 --- [nio-8080-exec-4] o.s.w.s.m.m.a.HttpEntityMethodProcessor  : Using 'application/json', given [application/json, text/plain, */*] and supported [application/json, application/*+json, application/json, application/*+json]
2026-02-20 18:51:32.612 DEBUG 8472 --- [nio-8080-exec-4] o.s.w.s.m.m.a.HttpEntityMethodProcessor  : Writing [{timestamp=Fri Feb 20 18:51:32 CST 2026, status=500, error=Internal Server Error, path=/api/admin/us (truncated)...]
2026-02-20 18:51:32.615 DEBUG 8472 --- [nio-8080-exec-4] o.s.web.servlet.DispatcherServlet        : Exiting from "ERROR" dispatch, status 500
2026-02-20 18:51:46.702 DEBUG 8472 --- [nio-8080-exec-5] s.w.s.m.m.a.RequestMappingHandlerMapping : Mapped to com.casavida.backend.controllers.CRMController#getAllOpportunities()
2026-02-20 18:51:46.745 DEBUG 8472 --- [nio-8080-exec-5] org.hibernate.SQL                        : select user0_.id as id1_15_, user0_.created_at as created_2_15_, user0_.email as email3_15_, user0_.password as password4_15_, user0_.username as username5_15_ from users user0_ where user0_.username=?
Hibernate: select user0_.id as id1_15_, user0_.created_at as created_2_15_, user0_.email as email3_15_, user0_.password as password4_15_, user0_.username as username5_15_ from users user0_ where user0_.username=?
2026-02-20 18:51:46.750 TRACE 8472 --- [nio-8080-exec-5] o.h.type.descriptor.sql.BasicBinder      : binding parameter [1] as [VARCHAR] - [admin]
2026-02-20 18:51:46.751 DEBUG 8472 --- [nio-8080-exec-5] org.hibernate.SQL                        : select roles0_.user_id as user_id1_14_0_, roles0_.role_id as role_id2_14_0_, role1_.id as id1_13_1_, role1_.name as name2_13_1_ from user_roles roles0_ inner join roles role1_ on roles0_.role_id=role1_.id where roles0_.user_id=?
Hibernate: select roles0_.user_id as user_id1_14_0_, roles0_.role_id as role_id2_14_0_, role1_.id as id1_13_1_, role1_.name as name2_13_1_ from user_roles roles0_ inner join roles role1_ on roles0_.role_id=role1_.id where roles0_.user_id=?
2026-02-20 18:51:46.752 TRACE 8472 --- [nio-8080-exec-5] o.h.type.descriptor.sql.BasicBinder      : binding parameter [1] as [BIGINT] - [1]
2026-02-20 18:51:46.755 DEBUG 8472 --- [nio-8080-exec-5] o.s.web.servlet.DispatcherServlet        : GET "/api/crm/opportunities", parameters={}
2026-02-20 18:51:46.755 DEBUG 8472 --- [nio-8080-exec-5] s.w.s.m.m.a.RequestMappingHandlerMapping : Mapped to com.casavida.backend.controllers.CRMController#getAllOpportunities()
2026-02-20 18:51:46.786 DEBUG 8472 --- [nio-8080-exec-5] org.hibernate.SQL                        : select opportunit0_.id as id1_9_, opportunit0_.fecha_cierre_estimada as fecha_ci2_9_, opportunit0_.lead_id as lead_id6_9_, opportunit0_.lote_id as lote_id7_9_, opportunit0_.monto_estimado as monto_es3_9_, opportunit0_.notas as notas4_9_, opportunit0_.status as status5_9_ from opportunities opportunit0_
Hibernate: select opportunit0_.id as id1_9_, opportunit0_.fecha_cierre_estimada as fecha_ci2_9_, opportunit0_.lead_id as lead_id6_9_, opportunit0_.lote_id as lote_id7_9_, opportunit0_.monto_estimado as monto_es3_9_, opportunit0_.notas as notas4_9_, opportunit0_.status as status5_9_ from opportunities opportunit0_
2026-02-20 18:51:46.798 DEBUG 8472 --- [nio-8080-exec-5] m.m.a.RequestResponseBodyMethodProcessor : Using 'application/json', given [application/json, text/plain, */*] and supported [application/json, application/*+json, application/json, application/*+json]
2026-02-20 18:51:46.799 DEBUG 8472 --- [nio-8080-exec-5] m.m.a.RequestResponseBodyMethodProcessor : Writing [[]]
2026-02-20 18:51:46.817 DEBUG 8472 --- [nio-8080-exec-5] o.s.web.servlet.DispatcherServlet        : Completed 200 OK
2026-02-20 18:51:48.142 DEBUG 8472 --- [nio-8080-exec-6] s.w.s.m.m.a.RequestMappingHandlerMapping : Mapped to com.casavida.backend.controllers.LoteController#getAllLotes()
2026-02-20 18:51:48.158 DEBUG 8472 --- [nio-8080-exec-7] s.w.s.m.m.a.RequestMappingHandlerMapping : Mapped to com.casavida.backend.controllers.CRMController#getAllLeads()
2026-02-20 18:51:48.175 DEBUG 8472 --- [nio-8080-exec-6] org.hibernate.SQL                        : select user0_.id as id1_15_, user0_.created_at as created_2_15_, user0_.email as email3_15_, user0_.password as password4_15_, user0_.username as username5_15_ from users user0_ where user0_.username=?
Hibernate: select user0_.id as id1_15_, user0_.created_at as created_2_15_, user0_.email as email3_15_, user0_.password as password4_15_, user0_.username as username5_15_ from users user0_ where user0_.username=?
2026-02-20 18:51:48.175 TRACE 8472 --- [nio-8080-exec-6] o.h.type.descriptor.sql.BasicBinder      : binding parameter [1] as [VARCHAR] - [admin]
2026-02-20 18:51:48.183 DEBUG 8472 --- [nio-8080-exec-6] org.hibernate.SQL                        : select roles0_.user_id as user_id1_14_0_, roles0_.role_id as role_id2_14_0_, role1_.id as id1_13_1_, role1_.name as name2_13_1_ from user_roles roles0_ inner join roles role1_ on roles0_.role_id=role1_.id where roles0_.user_id=?
Hibernate: select roles0_.user_id as user_id1_14_0_, roles0_.role_id as role_id2_14_0_, role1_.id as id1_13_1_, role1_.name as name2_13_1_ from user_roles roles0_ inner join roles role1_ on roles0_.role_id=role1_.id where roles0_.user_id=?
2026-02-20 18:51:48.183 TRACE 8472 --- [nio-8080-exec-6] o.h.type.descriptor.sql.BasicBinder      : binding parameter [1] as [BIGINT] - [1]
2026-02-20 18:51:48.188 DEBUG 8472 --- [nio-8080-exec-6] o.s.web.servlet.DispatcherServlet        : GET "/api/lotes/all", parameters={}
2026-02-20 18:51:48.188 DEBUG 8472 --- [nio-8080-exec-7] org.hibernate.SQL                        : select user0_.id as id1_15_, user0_.created_at as created_2_15_, user0_.email as email3_15_, user0_.password as password4_15_, user0_.username as username5_15_ from users user0_ where user0_.username=?
Hibernate: select user0_.id as id1_15_, user0_.created_at as created_2_15_, user0_.email as email3_15_, user0_.password as password4_15_, user0_.username as username5_15_ from users user0_ where user0_.username=?
2026-02-20 18:51:48.188 DEBUG 8472 --- [nio-8080-exec-6] s.w.s.m.m.a.RequestMappingHandlerMapping : Mapped to com.casavida.backend.controllers.LoteController#getAllLotes()
2026-02-20 18:51:48.189 TRACE 8472 --- [nio-8080-exec-7] o.h.type.descriptor.sql.BasicBinder      : binding parameter [1] as [VARCHAR] - [admin]
2026-02-20 18:51:48.190 DEBUG 8472 --- [nio-8080-exec-7] org.hibernate.SQL                        : select roles0_.user_id as user_id1_14_0_, roles0_.role_id as role_id2_14_0_, role1_.id as id1_13_1_, role1_.name as name2_13_1_ from user_roles roles0_ inner join roles role1_ on roles0_.role_id=role1_.id where roles0_.user_id=?
Hibernate: select roles0_.user_id as user_id1_14_0_, roles0_.role_id as role_id2_14_0_, role1_.id as id1_13_1_, role1_.name as name2_13_1_ from user_roles roles0_ inner join roles role1_ on roles0_.role_id=role1_.id where roles0_.user_id=?
2026-02-20 18:51:48.191 TRACE 8472 --- [nio-8080-exec-7] o.h.type.descriptor.sql.BasicBinder      : binding parameter [1] as [BIGINT] - [1]
2026-02-20 18:51:48.191 DEBUG 8472 --- [nio-8080-exec-6] org.hibernate.SQL                        : select lote0_.id as id1_7_, lote0_.area_metros_cuadrados as area_met2_7_, lote0_.coordenadas_geo as coordena3_7_, lote0_.descripcion as descripc4_7_, lote0_.estatus as estatus5_7_, lote0_.fraccionamiento_id as fraccio12_7_, lote0_.imagen_url as imagen_u6_7_, lote0_.manzana as manzana7_7_, lote0_.notas as notas8_7_, lote0_.numero_lote as numero_l9_7_, lote0_.plano_coordinates as plano_c10_7_, lote0_.precio_total as precio_11_7_ from lotes lote0_
Hibernate: select lote0_.id as id1_7_, lote0_.area_metros_cuadrados as area_met2_7_, lote0_.coordenadas_geo as coordena3_7_, lote0_.descripcion as descripc4_7_, lote0_.estatus as estatus5_7_, lote0_.fraccionamiento_id as fraccio12_7_, lote0_.imagen_url as imagen_u6_7_, lote0_.manzana as manzana7_7_, lote0_.notas as notas8_7_, lote0_.numero_lote as numero_l9_7_, lote0_.plano_coordinates as plano_c10_7_, lote0_.precio_total as precio_11_7_ from lotes lote0_
2026-02-20 18:51:48.193 DEBUG 8472 --- [nio-8080-exec-7] o.s.web.servlet.DispatcherServlet        : GET "/api/crm/leads", parameters={}
2026-02-20 18:51:48.198 DEBUG 8472 --- [nio-8080-exec-6] org.hibernate.SQL                        : select fraccionam0_.id as id1_4_0_, fraccionam0_.coordenadas_geo as coordena2_4_0_, fraccionam0_.descripcion as descripc3_4_0_, fraccionam0_.logo_url as logo_url4_4_0_, fraccionam0_.nombre as nombre5_4_0_, fraccionam0_.poligono_delimitador as poligono6_4_0_, fraccionam0_.ubicacion as ubicacio7_4_0_ from fraccionamientos fraccionam0_ where fraccionam0_.id=?
Hibernate: select fraccionam0_.id as id1_4_0_, fraccionam0_.coordenadas_geo as coordena2_4_0_, fraccionam0_.descripcion as descripc3_4_0_, fraccionam0_.logo_url as logo_url4_4_0_, fraccionam0_.nombre as nombre5_4_0_, fraccionam0_.poligono_delimitador as poligono6_4_0_, fraccionam0_.ubicacion as ubicacio7_4_0_ from fraccionamientos fraccionam0_ where fraccionam0_.id=?
2026-02-20 18:51:48.198 TRACE 8472 --- [nio-8080-exec-6] o.h.type.descriptor.sql.BasicBinder      : binding parameter [1] as [BIGINT] - [1]
2026-02-20 18:51:48.199 DEBUG 8472 --- [nio-8080-exec-7] s.w.s.m.m.a.RequestMappingHandlerMapping : Mapped to com.casavida.backend.controllers.CRMController#getAllLeads()
2026-02-20 18:51:48.201 DEBUG 8472 --- [nio-8080-exec-7] org.hibernate.SQL                        : select lead0_.id as id1_5_, lead0_.email as email2_5_, lead0_.fecha_registro as fecha_re3_5_, lead0_.mensaje as mensaje4_5_, lead0_.nombre as nombre5_5_, lead0_.source as source6_5_, lead0_.status as status7_5_, lead0_.telefono as telefono8_5_ from leads lead0_
Hibernate: select lead0_.id as id1_5_, lead0_.email as email2_5_, lead0_.fecha_registro as fecha_re3_5_, lead0_.mensaje as mensaje4_5_, lead0_.nombre as nombre5_5_, lead0_.source as source6_5_, lead0_.status as status7_5_, lead0_.telefono as telefono8_5_ from leads lead0_
2026-02-20 18:51:48.203 DEBUG 8472 --- [nio-8080-exec-7] m.m.a.RequestResponseBodyMethodProcessor : Using 'application/json', given [application/json, text/plain, */*] and supported [application/json, application/*+json, application/json, application/*+json]
2026-02-20 18:51:48.199 DEBUG 8472 --- [nio-8080-exec-6] org.hibernate.SQL                        : select fraccionam0_.id as id1_4_0_, fraccionam0_.coordenadas_geo as coordena2_4_0_, fraccionam0_.descripcion as descripc3_4_0_, fraccionam0_.logo_url as logo_url4_4_0_, fraccionam0_.nombre as nombre5_4_0_, fraccionam0_.poligono_delimitador as poligono6_4_0_, fraccionam0_.ubicacion as ubicacio7_4_0_ from fraccionamientos fraccionam0_ where fraccionam0_.id=?
Hibernate: select fraccionam0_.id as id1_4_0_, fraccionam0_.coordenadas_geo as coordena2_4_0_, fraccionam0_.descripcion as descripc3_4_0_, fraccionam0_.logo_url as logo_url4_4_0_, fraccionam0_.nombre as nombre5_4_0_, fraccionam0_.poligono_delimitador as poligono6_4_0_, fraccionam0_.ubicacion as ubicacio7_4_0_ from fraccionamientos fraccionam0_ where fraccionam0_.id=?
2026-02-20 18:51:48.204 TRACE 8472 --- [nio-8080-exec-6] o.h.type.descriptor.sql.BasicBinder      : binding parameter [1] as [BIGINT] - [2]
2026-02-20 18:51:48.203 DEBUG 8472 --- [nio-8080-exec-7] m.m.a.RequestResponseBodyMethodProcessor : Writing [[]]
2026-02-20 18:51:48.205 DEBUG 8472 --- [nio-8080-exec-6] m.m.a.RequestResponseBodyMethodProcessor : Using 'application/json', given [application/json, text/plain, */*] and supported [application/json, application/*+json, application/json, application/*+json]
2026-02-20 18:51:48.207 DEBUG 8472 --- [nio-8080-exec-7] o.s.web.servlet.DispatcherServlet        : Completed 200 OK
2026-02-20 18:51:48.207 DEBUG 8472 --- [nio-8080-exec-6] org.hibernate.SQL                        : select galeriaima0_.lote_id as lote_id1_6_0_, galeriaima0_.imagen_url as imagen_u2_6_0_ from lote_imagenes galeriaima0_ where galeriaima0_.lote_id=?
Hibernate: select galeriaima0_.lote_id as lote_id1_6_0_, galeriaima0_.imagen_url as imagen_u2_6_0_ from lote_imagenes galeriaima0_ where galeriaima0_.lote_id=?
2026-02-20 18:51:48.209 TRACE 8472 --- [nio-8080-exec-6] o.h.type.descriptor.sql.BasicBinder      : binding parameter [1] as [BIGINT] - [1]
2026-02-20 18:51:48.216 DEBUG 8472 --- [nio-8080-exec-6] org.hibernate.SQL                        : select galeriaima0_.lote_id as lote_id1_6_0_, galeriaima0_.imagen_url as imagen_u2_6_0_ from lote_imagenes galeriaima0_ where galeriaima0_.lote_id=?
Hibernate: select galeriaima0_.lote_id as lote_id1_6_0_, galeriaima0_.imagen_url as imagen_u2_6_0_ from lote_imagenes galeriaima0_ where galeriaima0_.lote_id=?
2026-02-20 18:51:48.216 TRACE 8472 --- [nio-8080-exec-6] o.h.type.descriptor.sql.BasicBinder      : binding parameter [1] as [BIGINT] - [2]
2026-02-20 18:51:48.217 DEBUG 8472 --- [nio-8080-exec-6] m.m.a.RequestResponseBodyMethodProcessor : Writing [[Lote(id=1, numeroLote=A001, manzana=MZ A, precioTotal=150000.00, areaMetrosCuadrados=200.0, coorden (truncated)...]
2026-02-20 18:51:48.218 DEBUG 8472 --- [nio-8080-exec-6] o.s.web.servlet.DispatcherServlet        : Completed 200 OK
2026-02-20 18:51:49.639 DEBUG 8472 --- [nio-8080-exec-9] s.w.s.m.m.a.RequestMappingHandlerMapping : Mapped to com.casavida.backend.controllers.ClienteController#getAllClientes()
2026-02-20 18:51:49.673 DEBUG 8472 --- [nio-8080-exec-9] org.hibernate.SQL                        : select user0_.id as id1_15_, user0_.created_at as created_2_15_, user0_.email as email3_15_, user0_.password as password4_15_, user0_.username as username5_15_ from users user0_ where user0_.username=?
Hibernate: select user0_.id as id1_15_, user0_.created_at as created_2_15_, user0_.email as email3_15_, user0_.password as password4_15_, user0_.username as username5_15_ from users user0_ where user0_.username=?
2026-02-20 18:51:49.673 TRACE 8472 --- [nio-8080-exec-9] o.h.type.descriptor.sql.BasicBinder      : binding parameter [1] as [VARCHAR] - [admin]
2026-02-20 18:51:49.675 DEBUG 8472 --- [nio-8080-exec-9] org.hibernate.SQL                        : select roles0_.user_id as user_id1_14_0_, roles0_.role_id as role_id2_14_0_, role1_.id as id1_13_1_, role1_.name as name2_13_1_ from user_roles roles0_ inner join roles role1_ on roles0_.role_id=role1_.id where roles0_.user_id=?
Hibernate: select roles0_.user_id as user_id1_14_0_, roles0_.role_id as role_id2_14_0_, role1_.id as id1_13_1_, role1_.name as name2_13_1_ from user_roles roles0_ inner join roles role1_ on roles0_.role_id=role1_.id where roles0_.user_id=?
2026-02-20 18:51:49.676 TRACE 8472 --- [nio-8080-exec-9] o.h.type.descriptor.sql.BasicBinder      : binding parameter [1] as [BIGINT] - [1]
2026-02-20 18:51:49.678 DEBUG 8472 --- [nio-8080-exec-9] o.s.web.servlet.DispatcherServlet        : GET "/api/clientes/all", parameters={}
2026-02-20 18:51:49.678 DEBUG 8472 --- [nio-8080-exec-9] s.w.s.m.m.a.RequestMappingHandlerMapping : Mapped to com.casavida.backend.controllers.ClienteController#getAllClientes()
2026-02-20 18:51:49.695 DEBUG 8472 --- [nio-8080-exec-9] org.hibernate.SQL                        : select cliente0_.id as id1_1_, cliente0_.apellidos as apellido2_1_, cliente0_.direccion as direccio3_1_, cliente0_.email as email4_1_, cliente0_.fecha_registro as fecha_re5_1_, cliente0_.ine as ine6_1_, cliente0_.nombre as nombre7_1_, cliente0_.telefono as telefono8_1_ from clientes cliente0_
Hibernate: select cliente0_.id as id1_1_, cliente0_.apellidos as apellido2_1_, cliente0_.direccion as direccio3_1_, cliente0_.email as email4_1_, cliente0_.fecha_registro as fecha_re5_1_, cliente0_.ine as ine6_1_, cliente0_.nombre as nombre7_1_, cliente0_.telefono as telefono8_1_ from clientes cliente0_
2026-02-20 18:51:49.709 DEBUG 8472 --- [nio-8080-exec-9] m.m.a.RequestResponseBodyMethodProcessor : Using 'application/json', given [application/json, text/plain, */*] and supported [application/json, application/*+json, application/json, application/*+json]
2026-02-20 18:51:49.710 DEBUG 8472 --- [nio-8080-exec-9] m.m.a.RequestResponseBodyMethodProcessor : Writing [[com.casavida.backend.entity.Cliente@3af500c2, com.casavida.backend.entity.Cliente@6c97c63a, com.cas (truncated)...]
2026-02-20 18:51:49.714 DEBUG 8472 --- [nio-8080-exec-9] o.s.web.servlet.DispatcherServlet        : Completed 200 OK
2026-02-20 18:51:51.232 DEBUG 8472 --- [io-8080-exec-10] s.w.s.m.m.a.RequestMappingHandlerMapping : Mapped to com.casavida.backend.controllers.AdminController#getAllUsers()
2026-02-20 18:51:51.251 DEBUG 8472 --- [io-8080-exec-10] org.hibernate.SQL                        : select user0_.id as id1_15_, user0_.created_at as created_2_15_, user0_.email as email3_15_, user0_.password as password4_15_, user0_.username as username5_15_ from users user0_ where user0_.username=?
Hibernate: select user0_.id as id1_15_, user0_.created_at as created_2_15_, user0_.email as email3_15_, user0_.password as password4_15_, user0_.username as username5_15_ from users user0_ where user0_.username=?
2026-02-20 18:51:51.251 TRACE 8472 --- [io-8080-exec-10] o.h.type.descriptor.sql.BasicBinder      : binding parameter [1] as [VARCHAR] - [admin]
2026-02-20 18:51:51.257 DEBUG 8472 --- [io-8080-exec-10] org.hibernate.SQL                        : select roles0_.user_id as user_id1_14_0_, roles0_.role_id as role_id2_14_0_, role1_.id as id1_13_1_, role1_.name as name2_13_1_ from user_roles roles0_ inner join roles role1_ on roles0_.role_id=role1_.id where roles0_.user_id=?
Hibernate: select roles0_.user_id as user_id1_14_0_, roles0_.role_id as role_id2_14_0_, role1_.id as id1_13_1_, role1_.name as name2_13_1_ from user_roles roles0_ inner join roles role1_ on roles0_.role_id=role1_.id where roles0_.user_id=?
2026-02-20 18:51:51.257 TRACE 8472 --- [io-8080-exec-10] o.h.type.descriptor.sql.BasicBinder      : binding parameter [1] as [BIGINT] - [1]
2026-02-20 18:51:51.262 DEBUG 8472 --- [io-8080-exec-10] o.s.web.servlet.DispatcherServlet        : GET "/api/admin/users", parameters={}
2026-02-20 18:51:51.262 DEBUG 8472 --- [io-8080-exec-10] s.w.s.m.m.a.RequestMappingHandlerMapping : Mapped to com.casavida.backend.controllers.AdminController#getAllUsers()
2026-02-20 18:51:51.266 DEBUG 8472 --- [io-8080-exec-10] org.hibernate.SQL                        : select user0_.id as id1_15_, user0_.created_at as created_2_15_, user0_.email as email3_15_, user0_.password as password4_15_, user0_.username as username5_15_ from users user0_
Hibernate: select user0_.id as id1_15_, user0_.created_at as created_2_15_, user0_.email as email3_15_, user0_.password as password4_15_, user0_.username as username5_15_ from users user0_
2026-02-20 18:51:51.273 DEBUG 8472 --- [io-8080-exec-10] org.hibernate.SQL                        : select roles0_.user_id as user_id1_14_0_, roles0_.role_id as role_id2_14_0_, role1_.id as id1_13_1_, role1_.name as name2_13_1_ from user_roles roles0_ inner join roles role1_ on roles0_.role_id=role1_.id where roles0_.user_id=?
Hibernate: select roles0_.user_id as user_id1_14_0_, roles0_.role_id as role_id2_14_0_, role1_.id as id1_13_1_, role1_.name as name2_13_1_ from user_roles roles0_ inner join roles role1_ on roles0_.role_id=role1_.id where roles0_.user_id=?
2026-02-20 18:51:51.274 TRACE 8472 --- [io-8080-exec-10] o.h.type.descriptor.sql.BasicBinder      : binding parameter [1] as [BIGINT] - [7]
2026-02-20 18:51:51.275 DEBUG 8472 --- [io-8080-exec-10] org.hibernate.SQL                        : select roles0_.user_id as user_id1_14_0_, roles0_.role_id as role_id2_14_0_, role1_.id as id1_13_1_, role1_.name as name2_13_1_ from user_roles roles0_ inner join roles role1_ on roles0_.role_id=role1_.id where roles0_.user_id=?
Hibernate: select roles0_.user_id as user_id1_14_0_, roles0_.role_id as role_id2_14_0_, role1_.id as id1_13_1_, role1_.name as name2_13_1_ from user_roles roles0_ inner join roles role1_ on roles0_.role_id=role1_.id where roles0_.user_id=?
2026-02-20 18:51:51.275 TRACE 8472 --- [io-8080-exec-10] o.h.type.descriptor.sql.BasicBinder      : binding parameter [1] as [BIGINT] - [6]
2026-02-20 18:51:51.276  WARN 8472 --- [io-8080-exec-10] o.h.e.loading.internal.LoadContexts      : HHH000100: Fail-safe cleanup (collections) : org.hibernate.engine.loading.internal.CollectionLoadContext@12d1a2dc<rs=HikariProxyResultSet@172359349 wrapping rs173: null>
2026-02-20 18:51:51.277  WARN 8472 --- [io-8080-exec-10] o.h.e.l.internal.CollectionLoadContext   : HHH000160: On CollectionLoadContext#cleanup, localLoadingCollectionKeys contained [1] entries
2026-02-20 18:51:51.279 DEBUG 8472 --- [io-8080-exec-10] o.s.web.servlet.DispatcherServlet        : Failed to complete request: org.springframework.dao.InvalidDataAccessApiUsageException: No enum constant com.casavida.backend.entity.ERole.ROLE_DIRECTIVO; nested exception is java.lang.IllegalArgumentException: No enum constant com.casavida.backend.entity.ERole.ROLE_DIRECTIVO
2026-02-20 18:51:51.283 ERROR 8472 --- [io-8080-exec-10] o.a.c.c.C.[.[.[/].[dispatcherServlet]    : Servlet.service() for servlet [dispatcherServlet] in context with path [] threw exception [Request processing failed; nested exception is org.springframework.dao.InvalidDataAccessApiUsageException: No enum constant com.casavida.backend.entity.ERole.ROLE_DIRECTIVO; nested exception is java.lang.IllegalArgumentException: No enum constant com.casavida.backend.entity.ERole.ROLE_DIRECTIVO] with root cause

java.lang.IllegalArgumentException: No enum constant com.casavida.backend.entity.ERole.ROLE_DIRECTIVO
	at java.base/java.lang.Enum.valueOf(Enum.java:240) ~[na:na]
	at org.hibernate.type.descriptor.java.EnumJavaTypeDescriptor.fromName(EnumJavaTypeDescriptor.java:84) ~[hibernate-core-5.6.15.Final.jar:5.6.15.Final]
	at org.hibernate.type.descriptor.java.EnumJavaTypeDescriptor.wrap(EnumJavaTypeDescriptor.java:54) ~[hibernate-core-5.6.15.Final.jar:5.6.15.Final]
	at org.hibernate.type.descriptor.java.EnumJavaTypeDescriptor.wrap(EnumJavaTypeDescriptor.java:16) ~[hibernate-core-5.6.15.Final.jar:5.6.15.Final]
	at org.hibernate.type.descriptor.sql.VarcharTypeDescriptor$2.doExtract(VarcharTypeDescriptor.java:62) ~[hibernate-core-5.6.15.Final.jar:5.6.15.Final]
	at org.hibernate.type.descriptor.sql.BasicExtractor.extract(BasicExtractor.java:47) ~[hibernate-core-5.6.15.Final.jar:5.6.15.Final]
	at org.hibernate.metamodel.model.convert.internal.NamedEnumValueConverter.readValue(NamedEnumValueConverter.java:68) ~[hibernate-core-5.6.15.Final.jar:5.6.15.Final]
	at org.hibernate.type.EnumType.nullSafeGet(EnumType.java:250) ~[hibernate-core-5.6.15.Final.jar:5.6.15.Final]
	at org.hibernate.type.CustomType.nullSafeGet(CustomType.java:119) ~[hibernate-core-5.6.15.Final.jar:5.6.15.Final]
	at org.hibernate.type.AbstractType.hydrate(AbstractType.java:91) ~[hibernate-core-5.6.15.Final.jar:5.6.15.Final]
	at org.hibernate.persister.entity.AbstractEntityPersister.hydrate(AbstractEntityPersister.java:3214) ~[hibernate-core-5.6.15.Final.jar:5.6.15.Final]
	at org.hibernate.persister.entity.Loadable.hydrate(Loadable.java:94) ~[hibernate-core-5.6.15.Final.jar:5.6.15.Final]
	at org.hibernate.loader.plan.exec.process.internal.EntityReferenceInitializerImpl.loadFromResultSet(EntityReferenceInitializerImpl.java:342) ~[hibernate-core-5.6.15.Final.jar:5.6.15.Final]
	at org.hibernate.loader.plan.exec.process.internal.EntityReferenceInitializerImpl.hydrateEntityState(EntityReferenceInitializerImpl.java:269) ~[hibernate-core-5.6.15.Final.jar:5.6.15.Final]
	at org.hibernate.loader.plan.exec.process.internal.AbstractRowReader.readRow(AbstractRowReader.java:80) ~[hibernate-core-5.6.15.Final.jar:5.6.15.Final]
	at org.hibernate.loader.plan.exec.process.internal.ResultSetProcessorImpl.extractRows(ResultSetProcessorImpl.java:157) ~[hibernate-core-5.6.15.Final.jar:5.6.15.Final]
	at org.hibernate.loader.plan.exec.process.internal.ResultSetProcessorImpl.extractResults(ResultSetProcessorImpl.java:94) ~[hibernate-core-5.6.15.Final.jar:5.6.15.Final]
	at org.hibernate.loader.plan.exec.internal.AbstractLoadPlanBasedLoader.executeLoad(AbstractLoadPlanBasedLoader.java:105) ~[hibernate-core-5.6.15.Final.jar:5.6.15.Final]
	at org.hibernate.loader.collection.plan.AbstractLoadPlanBasedCollectionInitializer.initialize(AbstractLoadPlanBasedCollectionInitializer.java:87) ~[hibernate-core-5.6.15.Final.jar:5.6.15.Final]
	at org.hibernate.persister.collection.AbstractCollectionPersister.initialize(AbstractCollectionPersister.java:705) ~[hibernate-core-5.6.15.Final.jar:5.6.15.Final]
	at org.hibernate.event.internal.DefaultInitializeCollectionEventListener.onInitializeCollection(DefaultInitializeCollectionEventListener.java:76) ~[hibernate-core-5.6.15.Final.jar:5.6.15.Final]
	at org.hibernate.event.service.internal.EventListenerGroupImpl.fireEventOnEachListener(EventListenerGroupImpl.java:107) ~[hibernate-core-5.6.15.Final.jar:5.6.15.Final]
	at org.hibernate.internal.SessionImpl.initializeCollection(SessionImpl.java:2208) ~[hibernate-core-5.6.15.Final.jar:5.6.15.Final]
	at org.hibernate.collection.internal.AbstractPersistentCollection$4.doWork(AbstractPersistentCollection.java:595) ~[hibernate-core-5.6.15.Final.jar:5.6.15.Final]
	at org.hibernate.collection.internal.AbstractPersistentCollection.withTemporarySessionIfNeeded(AbstractPersistentCollection.java:264) ~[hibernate-core-5.6.15.Final.jar:5.6.15.Final]
	at org.hibernate.collection.internal.AbstractPersistentCollection.initialize(AbstractPersistentCollection.java:591) ~[hibernate-core-5.6.15.Final.jar:5.6.15.Final]
	at org.hibernate.collection.internal.AbstractPersistentCollection.forceInitialization(AbstractPersistentCollection.java:787) ~[hibernate-core-5.6.15.Final.jar:5.6.15.Final]
	at org.hibernate.engine.internal.StatefulPersistenceContext.initializeNonLazyCollections(StatefulPersistenceContext.java:1005) ~[hibernate-core-5.6.15.Final.jar:5.6.15.Final]
	at org.hibernate.engine.internal.StatefulPersistenceContext.initializeNonLazyCollections(StatefulPersistenceContext.java:991) ~[hibernate-core-5.6.15.Final.jar:5.6.15.Final]
	at org.hibernate.loader.Loader.doQueryAndInitializeNonLazyCollections(Loader.java:362) ~[hibernate-core-5.6.15.Final.jar:5.6.15.Final]
	at org.hibernate.loader.Loader.doList(Loader.java:2868) ~[hibernate-core-5.6.15.Final.jar:5.6.15.Final]
	at org.hibernate.loader.Loader.doList(Loader.java:2850) ~[hibernate-core-5.6.15.Final.jar:5.6.15.Final]
	at org.hibernate.loader.Loader.listIgnoreQueryCache(Loader.java:2682) ~[hibernate-core-5.6.15.Final.jar:5.6.15.Final]
	at org.hibernate.loader.Loader.list(Loader.java:2677) ~[hibernate-core-5.6.15.Final.jar:5.6.15.Final]
	at org.hibernate.loader.hql.QueryLoader.list(QueryLoader.java:540) ~[hibernate-core-5.6.15.Final.jar:5.6.15.Final]
	at org.hibernate.hql.internal.ast.QueryTranslatorImpl.list(QueryTranslatorImpl.java:400) ~[hibernate-core-5.6.15.Final.jar:5.6.15.Final]
	at org.hibernate.engine.query.spi.HQLQueryPlan.performList(HQLQueryPlan.java:218) ~[hibernate-core-5.6.15.Final.jar:5.6.15.Final]
	at org.hibernate.internal.SessionImpl.list(SessionImpl.java:1459) ~[hibernate-core-5.6.15.Final.jar:5.6.15.Final]
	at org.hibernate.query.internal.AbstractProducedQuery.doList(AbstractProducedQuery.java:1649) ~[hibernate-core-5.6.15.Final.jar:5.6.15.Final]
	at org.hibernate.query.internal.AbstractProducedQuery.list(AbstractProducedQuery.java:1617) ~[hibernate-core-5.6.15.Final.jar:5.6.15.Final]
	at org.hibernate.query.Query.getResultList(Query.java:165) ~[hibernate-core-5.6.15.Final.jar:5.6.15.Final]
	at org.hibernate.query.criteria.internal.compile.CriteriaQueryTypeQueryAdapter.getResultList(CriteriaQueryTypeQueryAdapter.java:76) ~[hibernate-core-5.6.15.Final.jar:5.6.15.Final]
	at org.springframework.data.jpa.repository.support.SimpleJpaRepository.findAll(SimpleJpaRepository.java:427) ~[spring-data-jpa-2.7.18.jar:2.7.18]
	at org.springframework.data.jpa.repository.support.SimpleJpaRepository.findAll(SimpleJpaRepository.java:88) ~[spring-data-jpa-2.7.18.jar:2.7.18]
	at java.base/jdk.internal.reflect.NativeMethodAccessorImpl.invoke0(Native Method) ~[na:na]
	at java.base/jdk.internal.reflect.NativeMethodAccessorImpl.invoke(NativeMethodAccessorImpl.java:62) ~[na:na]
	at java.base/jdk.internal.reflect.DelegatingMethodAccessorImpl.invoke(DelegatingMethodAccessorImpl.java:43) ~[na:na]
	at java.base/java.lang.reflect.Method.invoke(Method.java:566) ~[na:na]
	at org.springframework.data.repository.core.support.RepositoryMethodInvoker$RepositoryFragmentMethodInvoker.lambda$new$0(RepositoryMethodInvoker.java:289) ~[spring-data-commons-2.7.18.jar:2.7.18]
	at org.springframework.data.repository.core.support.RepositoryMethodInvoker.doInvoke(RepositoryMethodInvoker.java:137) ~[spring-data-commons-2.7.18.jar:2.7.18]
	at org.springframework.data.repository.core.support.RepositoryMethodInvoker.invoke(RepositoryMethodInvoker.java:121) ~[spring-data-commons-2.7.18.jar:2.7.18]
	at org.springframework.data.repository.core.support.RepositoryComposition$RepositoryFragments.invoke(RepositoryComposition.java:530) ~[spring-data-commons-2.7.18.jar:2.7.18]
	at org.springframework.data.repository.core.support.RepositoryComposition.invoke(RepositoryComposition.java:286) ~[spring-data-commons-2.7.18.jar:2.7.18]
	at org.springframework.data.repository.core.support.RepositoryFactorySupport$ImplementationMethodExecutionInterceptor.invoke(RepositoryFactorySupport.java:640) ~[spring-data-commons-2.7.18.jar:2.7.18]
	at org.springframework.aop.framework.ReflectiveMethodInvocation.proceed(ReflectiveMethodInvocation.java:186) ~[spring-aop-5.3.31.jar:5.3.31]
	at org.springframework.data.repository.core.support.QueryExecutorMethodInterceptor.doInvoke(QueryExecutorMethodInterceptor.java:164) ~[spring-data-commons-2.7.18.jar:2.7.18]
	at org.springframework.data.repository.core.support.QueryExecutorMethodInterceptor.invoke(QueryExecutorMethodInterceptor.java:139) ~[spring-data-commons-2.7.18.jar:2.7.18]
	at org.springframework.aop.framework.ReflectiveMethodInvocation.proceed(ReflectiveMethodInvocation.java:186) ~[spring-aop-5.3.31.jar:5.3.31]
	at org.springframework.data.projection.DefaultMethodInvokingMethodInterceptor.invoke(DefaultMethodInvokingMethodInterceptor.java:76) ~[spring-data-commons-2.7.18.jar:2.7.18]
	at org.springframework.aop.framework.ReflectiveMethodInvocation.proceed(ReflectiveMethodInvocation.java:186) ~[spring-aop-5.3.31.jar:5.3.31]
	at org.springframework.transaction.interceptor.TransactionInterceptor$1.proceedWithInvocation(TransactionInterceptor.java:123) ~[spring-tx-5.3.31.jar:5.3.31]
	at org.springframework.transaction.interceptor.TransactionAspectSupport.invokeWithinTransaction(TransactionAspectSupport.java:388) ~[spring-tx-5.3.31.jar:5.3.31]
	at org.springframework.transaction.interceptor.TransactionInterceptor.invoke(TransactionInterceptor.java:119) ~[spring-tx-5.3.31.jar:5.3.31]
	at org.springframework.aop.framework.ReflectiveMethodInvocation.proceed(ReflectiveMethodInvocation.java:186) ~[spring-aop-5.3.31.jar:5.3.31]
	at org.springframework.dao.support.PersistenceExceptionTranslationInterceptor.invoke(PersistenceExceptionTranslationInterceptor.java:137) ~[spring-tx-5.3.31.jar:5.3.31]
	at org.springframework.aop.framework.ReflectiveMethodInvocation.proceed(ReflectiveMethodInvocation.java:186) ~[spring-aop-5.3.31.jar:5.3.31]
	at org.springframework.data.jpa.repository.support.CrudMethodMetadataPostProcessor$CrudMethodMetadataPopulatingMethodInterceptor.invoke(CrudMethodMetadataPostProcessor.java:174) ~[spring-data-jpa-2.7.18.jar:2.7.18]
	at org.springframework.aop.framework.ReflectiveMethodInvocation.proceed(ReflectiveMethodInvocation.java:186) ~[spring-aop-5.3.31.jar:5.3.31]
	at org.springframework.aop.interceptor.ExposeInvocationInterceptor.invoke(ExposeInvocationInterceptor.java:97) ~[spring-aop-5.3.31.jar:5.3.31]
	at org.springframework.aop.framework.ReflectiveMethodInvocation.proceed(ReflectiveMethodInvocation.java:186) ~[spring-aop-5.3.31.jar:5.3.31]
	at org.springframework.aop.framework.JdkDynamicAopProxy.invoke(JdkDynamicAopProxy.java:241) ~[spring-aop-5.3.31.jar:5.3.31]
	at com.sun.proxy.$Proxy128.findAll(Unknown Source) ~[na:na]
	at com.casavida.backend.services.AdminService.getAllUsers(AdminService.java:32) ~[classes/:na]
	at com.casavida.backend.services.AdminService$$FastClassBySpringCGLIB$$b165fe77.invoke(<generated>) ~[classes/:na]
	at org.springframework.cglib.proxy.MethodProxy.invoke(MethodProxy.java:218) ~[spring-core-5.3.31.jar:5.3.31]
	at org.springframework.aop.framework.CglibAopProxy.invokeMethod(CglibAopProxy.java:386) ~[spring-aop-5.3.31.jar:5.3.31]
	at org.springframework.aop.framework.CglibAopProxy.access$000(CglibAopProxy.java:85) ~[spring-aop-5.3.31.jar:5.3.31]
	at org.springframework.aop.framework.CglibAopProxy$DynamicAdvisedInterceptor.intercept(CglibAopProxy.java:703) ~[spring-aop-5.3.31.jar:5.3.31]
	at com.casavida.backend.services.AdminService$$EnhancerBySpringCGLIB$$2c2ed84a.getAllUsers(<generated>) ~[classes/:na]
	at com.casavida.backend.controllers.AdminController.getAllUsers(AdminController.java:23) ~[classes/:na]
	at com.casavida.backend.controllers.AdminController$$FastClassBySpringCGLIB$$f026a35.invoke(<generated>) ~[classes/:na]
	at org.springframework.cglib.proxy.MethodProxy.invoke(MethodProxy.java:218) ~[spring-core-5.3.31.jar:5.3.31]
	at org.springframework.aop.framework.CglibAopProxy$CglibMethodInvocation.invokeJoinpoint(CglibAopProxy.java:792) ~[spring-aop-5.3.31.jar:5.3.31]
	at org.springframework.aop.framework.ReflectiveMethodInvocation.proceed(ReflectiveMethodInvocation.java:163) ~[spring-aop-5.3.31.jar:5.3.31]
	at org.springframework.aop.framework.CglibAopProxy$CglibMethodInvocation.proceed(CglibAopProxy.java:762) ~[spring-aop-5.3.31.jar:5.3.31]
	at org.springframework.security.access.intercept.aopalliance.MethodSecurityInterceptor.invoke(MethodSecurityInterceptor.java:61) ~[spring-security-core-5.7.11.jar:5.7.11]
	at org.springframework.aop.framework.ReflectiveMethodInvocation.proceed(ReflectiveMethodInvocation.java:186) ~[spring-aop-5.3.31.jar:5.3.31]
	at org.springframework.aop.framework.CglibAopProxy$CglibMethodInvocation.proceed(CglibAopProxy.java:762) ~[spring-aop-5.3.31.jar:5.3.31]
	at org.springframework.aop.framework.CglibAopProxy$DynamicAdvisedInterceptor.intercept(CglibAopProxy.java:707) ~[spring-aop-5.3.31.jar:5.3.31]
	at com.casavida.backend.controllers.AdminController$$EnhancerBySpringCGLIB$$787af546.getAllUsers(<generated>) ~[classes/:na]
	at java.base/jdk.internal.reflect.NativeMethodAccessorImpl.invoke0(Native Method) ~[na:na]
	at java.base/jdk.internal.reflect.NativeMethodAccessorImpl.invoke(NativeMethodAccessorImpl.java:62) ~[na:na]
	at java.base/jdk.internal.reflect.DelegatingMethodAccessorImpl.invoke(DelegatingMethodAccessorImpl.java:43) ~[na:na]
	at java.base/java.lang.reflect.Method.invoke(Method.java:566) ~[na:na]
	at org.springframework.web.method.support.InvocableHandlerMethod.doInvoke(InvocableHandlerMethod.java:205) ~[spring-web-5.3.31.jar:5.3.31]
	at org.springframework.web.method.support.InvocableHandlerMethod.invokeForRequest(InvocableHandlerMethod.java:150) ~[spring-web-5.3.31.jar:5.3.31]
	at org.springframework.web.servlet.mvc.method.annotation.ServletInvocableHandlerMethod.invokeAndHandle(ServletInvocableHandlerMethod.java:117) ~[spring-webmvc-5.3.31.jar:5.3.31]
	at org.springframework.web.servlet.mvc.method.annotation.RequestMappingHandlerAdapter.invokeHandlerMethod(RequestMappingHandlerAdapter.java:895) ~[spring-webmvc-5.3.31.jar:5.3.31]
	at org.springframework.web.servlet.mvc.method.annotation.RequestMappingHandlerAdapter.handleInternal(RequestMappingHandlerAdapter.java:808) ~[spring-webmvc-5.3.31.jar:5.3.31]
	at org.springframework.web.servlet.mvc.method.AbstractHandlerMethodAdapter.handle(AbstractHandlerMethodAdapter.java:87) ~[spring-webmvc-5.3.31.jar:5.3.31]
	at org.springframework.web.servlet.DispatcherServlet.doDispatch(DispatcherServlet.java:1072) ~[spring-webmvc-5.3.31.jar:5.3.31]
	at org.springframework.web.servlet.DispatcherServlet.doService(DispatcherServlet.java:965) ~[spring-webmvc-5.3.31.jar:5.3.31]
	at org.springframework.web.servlet.FrameworkServlet.processRequest(FrameworkServlet.java:1006) ~[spring-webmvc-5.3.31.jar:5.3.31]
	at org.springframework.web.servlet.FrameworkServlet.doGet(FrameworkServlet.java:898) ~[spring-webmvc-5.3.31.jar:5.3.31]
	at javax.servlet.http.HttpServlet.service(HttpServlet.java:529) ~[tomcat-embed-core-9.0.83.jar:4.0.FR]
	at org.springframework.web.servlet.FrameworkServlet.service(FrameworkServlet.java:883) ~[spring-webmvc-5.3.31.jar:5.3.31]
	at javax.servlet.http.HttpServlet.service(HttpServlet.java:623) ~[tomcat-embed-core-9.0.83.jar:4.0.FR]
	at org.apache.catalina.core.ApplicationFilterChain.internalDoFilter(ApplicationFilterChain.java:209) ~[tomcat-embed-core-9.0.83.jar:9.0.83]
	at org.apache.catalina.core.ApplicationFilterChain.doFilter(ApplicationFilterChain.java:153) ~[tomcat-embed-core-9.0.83.jar:9.0.83]
	at org.apache.tomcat.websocket.server.WsFilter.doFilter(WsFilter.java:51) ~[tomcat-embed-websocket-9.0.83.jar:9.0.83]
	at org.apache.catalina.core.ApplicationFilterChain.internalDoFilter(ApplicationFilterChain.java:178) ~[tomcat-embed-core-9.0.83.jar:9.0.83]
	at org.apache.catalina.core.ApplicationFilterChain.doFilter(ApplicationFilterChain.java:153) ~[tomcat-embed-core-9.0.83.jar:9.0.83]
	at org.springframework.web.filter.OncePerRequestFilter.doFilter(OncePerRequestFilter.java:111) ~[spring-web-5.3.31.jar:5.3.31]
	at org.apache.catalina.core.ApplicationFilterChain.internalDoFilter(ApplicationFilterChain.java:178) ~[tomcat-embed-core-9.0.83.jar:9.0.83]
	at org.apache.catalina.core.ApplicationFilterChain.doFilter(ApplicationFilterChain.java:153) ~[tomcat-embed-core-9.0.83.jar:9.0.83]
	at org.springframework.security.web.FilterChainProxy$VirtualFilterChain.doFilter(FilterChainProxy.java:337) ~[spring-security-web-5.7.11.jar:5.7.11]
	at org.springframework.security.web.access.intercept.FilterSecurityInterceptor.invoke(FilterSecurityInterceptor.java:115) ~[spring-security-web-5.7.11.jar:5.7.11]
	at org.springframework.security.web.access.intercept.FilterSecurityInterceptor.doFilter(FilterSecurityInterceptor.java:81) ~[spring-security-web-5.7.11.jar:5.7.11]
	at org.springframework.security.web.FilterChainProxy$VirtualFilterChain.doFilter(FilterChainProxy.java:346) ~[spring-security-web-5.7.11.jar:5.7.11]
	at org.springframework.security.web.access.ExceptionTranslationFilter.doFilter(ExceptionTranslationFilter.java:122) ~[spring-security-web-5.7.11.jar:5.7.11]
	at org.springframework.security.web.access.ExceptionTranslationFilter.doFilter(ExceptionTranslationFilter.java:116) ~[spring-security-web-5.7.11.jar:5.7.11]
	at org.springframework.security.web.FilterChainProxy$VirtualFilterChain.doFilter(FilterChainProxy.java:346) ~[spring-security-web-5.7.11.jar:5.7.11]
	at org.springframework.security.web.session.SessionManagementFilter.doFilter(SessionManagementFilter.java:126) ~[spring-security-web-5.7.11.jar:5.7.11]
	at org.springframework.security.web.session.SessionManagementFilter.doFilter(SessionManagementFilter.java:81) ~[spring-security-web-5.7.11.jar:5.7.11]
	at org.springframework.security.web.FilterChainProxy$VirtualFilterChain.doFilter(FilterChainProxy.java:346) ~[spring-security-web-5.7.11.jar:5.7.11]
	at org.springframework.security.web.authentication.AnonymousAuthenticationFilter.doFilter(AnonymousAuthenticationFilter.java:109) ~[spring-security-web-5.7.11.jar:5.7.11]
	at org.springframework.security.web.FilterChainProxy$VirtualFilterChain.doFilter(FilterChainProxy.java:346) ~[spring-security-web-5.7.11.jar:5.7.11]
	at org.springframework.security.web.servletapi.SecurityContextHolderAwareRequestFilter.doFilter(SecurityContextHolderAwareRequestFilter.java:149) ~[spring-security-web-5.7.11.jar:5.7.11]
	at org.springframework.security.web.FilterChainProxy$VirtualFilterChain.doFilter(FilterChainProxy.java:346) ~[spring-security-web-5.7.11.jar:5.7.11]
	at org.springframework.security.web.savedrequest.RequestCacheAwareFilter.doFilter(RequestCacheAwareFilter.java:63) ~[spring-security-web-5.7.11.jar:5.7.11]
	at org.springframework.security.web.FilterChainProxy$VirtualFilterChain.doFilter(FilterChainProxy.java:346) ~[spring-security-web-5.7.11.jar:5.7.11]
	at com.casavida.backend.security.jwt.AuthTokenFilter.doFilterInternal(AuthTokenFilter.java:50) ~[classes/:na]
	at org.springframework.web.filter.OncePerRequestFilter.doFilter(OncePerRequestFilter.java:117) ~[spring-web-5.3.31.jar:5.3.31]
	at org.springframework.security.web.FilterChainProxy$VirtualFilterChain.doFilter(FilterChainProxy.java:346) ~[spring-security-web-5.7.11.jar:5.7.11]
	at org.springframework.security.web.authentication.logout.LogoutFilter.doFilter(LogoutFilter.java:103) ~[spring-security-web-5.7.11.jar:5.7.11]
	at org.springframework.security.web.authentication.logout.LogoutFilter.doFilter(LogoutFilter.java:89) ~[spring-security-web-5.7.11.jar:5.7.11]
	at org.springframework.security.web.FilterChainProxy$VirtualFilterChain.doFilter(FilterChainProxy.java:346) ~[spring-security-web-5.7.11.jar:5.7.11]
	at org.springframework.web.filter.CorsFilter.doFilterInternal(CorsFilter.java:91) ~[spring-web-5.3.31.jar:5.3.31]
	at org.springframework.web.filter.OncePerRequestFilter.doFilter(OncePerRequestFilter.java:117) ~[spring-web-5.3.31.jar:5.3.31]
	at org.springframework.security.web.FilterChainProxy$VirtualFilterChain.doFilter(FilterChainProxy.java:346) ~[spring-security-web-5.7.11.jar:5.7.11]
	at org.springframework.security.web.header.HeaderWriterFilter.doHeadersAfter(HeaderWriterFilter.java:90) ~[spring-security-web-5.7.11.jar:5.7.11]
	at org.springframework.security.web.header.HeaderWriterFilter.doFilterInternal(HeaderWriterFilter.java:75) ~[spring-security-web-5.7.11.jar:5.7.11]
	at org.springframework.web.filter.OncePerRequestFilter.doFilter(OncePerRequestFilter.java:117) ~[spring-web-5.3.31.jar:5.3.31]
	at org.springframework.security.web.FilterChainProxy$VirtualFilterChain.doFilter(FilterChainProxy.java:346) ~[spring-security-web-5.7.11.jar:5.7.11]
	at org.springframework.security.web.context.SecurityContextPersistenceFilter.doFilter(SecurityContextPersistenceFilter.java:112) ~[spring-security-web-5.7.11.jar:5.7.11]
	at org.springframework.security.web.context.SecurityContextPersistenceFilter.doFilter(SecurityContextPersistenceFilter.java:82) ~[spring-security-web-5.7.11.jar:5.7.11]
	at org.springframework.security.web.FilterChainProxy$VirtualFilterChain.doFilter(FilterChainProxy.java:346) ~[spring-security-web-5.7.11.jar:5.7.11]
	at org.springframework.security.web.context.request.async.WebAsyncManagerIntegrationFilter.doFilterInternal(WebAsyncManagerIntegrationFilter.java:55) ~[spring-security-web-5.7.11.jar:5.7.11]
	at org.springframework.web.filter.OncePerRequestFilter.doFilter(OncePerRequestFilter.java:117) ~[spring-web-5.3.31.jar:5.3.31]
	at org.springframework.security.web.FilterChainProxy$VirtualFilterChain.doFilter(FilterChainProxy.java:346) ~[spring-security-web-5.7.11.jar:5.7.11]
	at org.springframework.security.web.session.DisableEncodeUrlFilter.doFilterInternal(DisableEncodeUrlFilter.java:42) ~[spring-security-web-5.7.11.jar:5.7.11]
	at org.springframework.web.filter.OncePerRequestFilter.doFilter(OncePerRequestFilter.java:117) ~[spring-web-5.3.31.jar:5.3.31]
	at org.springframework.security.web.FilterChainProxy$VirtualFilterChain.doFilter(FilterChainProxy.java:346) ~[spring-security-web-5.7.11.jar:5.7.11]
	at org.springframework.security.web.FilterChainProxy.doFilterInternal(FilterChainProxy.java:221) ~[spring-security-web-5.7.11.jar:5.7.11]
	at org.springframework.security.web.FilterChainProxy.doFilter(FilterChainProxy.java:186) ~[spring-security-web-5.7.11.jar:5.7.11]
	at org.springframework.web.filter.DelegatingFilterProxy.invokeDelegate(DelegatingFilterProxy.java:354) ~[spring-web-5.3.31.jar:5.3.31]
	at org.springframework.web.filter.DelegatingFilterProxy.doFilter(DelegatingFilterProxy.java:267) ~[spring-web-5.3.31.jar:5.3.31]
	at org.apache.catalina.core.ApplicationFilterChain.internalDoFilter(ApplicationFilterChain.java:178) ~[tomcat-embed-core-9.0.83.jar:9.0.83]
	at org.apache.catalina.core.ApplicationFilterChain.doFilter(ApplicationFilterChain.java:153) ~[tomcat-embed-core-9.0.83.jar:9.0.83]
	at org.springframework.web.filter.RequestContextFilter.doFilterInternal(RequestContextFilter.java:100) ~[spring-web-5.3.31.jar:5.3.31]
	at org.springframework.web.filter.OncePerRequestFilter.doFilter(OncePerRequestFilter.java:117) ~[spring-web-5.3.31.jar:5.3.31]
	at org.apache.catalina.core.ApplicationFilterChain.internalDoFilter(ApplicationFilterChain.java:178) ~[tomcat-embed-core-9.0.83.jar:9.0.83]
	at org.apache.catalina.core.ApplicationFilterChain.doFilter(ApplicationFilterChain.java:153) ~[tomcat-embed-core-9.0.83.jar:9.0.83]
	at org.springframework.web.filter.FormContentFilter.doFilterInternal(FormContentFilter.java:93) ~[spring-web-5.3.31.jar:5.3.31]
	at org.springframework.web.filter.OncePerRequestFilter.doFilter(OncePerRequestFilter.java:117) ~[spring-web-5.3.31.jar:5.3.31]
	at org.apache.catalina.core.ApplicationFilterChain.internalDoFilter(ApplicationFilterChain.java:178) ~[tomcat-embed-core-9.0.83.jar:9.0.83]
	at org.apache.catalina.core.ApplicationFilterChain.doFilter(ApplicationFilterChain.java:153) ~[tomcat-embed-core-9.0.83.jar:9.0.83]
	at org.springframework.web.filter.CharacterEncodingFilter.doFilterInternal(CharacterEncodingFilter.java:201) ~[spring-web-5.3.31.jar:5.3.31]
	at org.springframework.web.filter.OncePerRequestFilter.doFilter(OncePerRequestFilter.java:117) ~[spring-web-5.3.31.jar:5.3.31]
	at org.apache.catalina.core.ApplicationFilterChain.internalDoFilter(ApplicationFilterChain.java:178) ~[tomcat-embed-core-9.0.83.jar:9.0.83]
	at org.apache.catalina.core.ApplicationFilterChain.doFilter(ApplicationFilterChain.java:153) ~[tomcat-embed-core-9.0.83.jar:9.0.83]
	at org.springframework.web.filter.CorsFilter.doFilterInternal(CorsFilter.java:91) ~[spring-web-5.3.31.jar:5.3.31]
	at org.springframework.web.filter.OncePerRequestFilter.doFilter(OncePerRequestFilter.java:117) ~[spring-web-5.3.31.jar:5.3.31]
	at org.apache.catalina.core.ApplicationFilterChain.internalDoFilter(ApplicationFilterChain.java:178) ~[tomcat-embed-core-9.0.83.jar:9.0.83]
	at org.apache.catalina.core.ApplicationFilterChain.doFilter(ApplicationFilterChain.java:153) ~[tomcat-embed-core-9.0.83.jar:9.0.83]
	at org.apache.catalina.core.StandardWrapperValve.invoke(StandardWrapperValve.java:168) ~[tomcat-embed-core-9.0.83.jar:9.0.83]
	at org.apache.catalina.core.StandardContextValve.invoke(StandardContextValve.java:90) ~[tomcat-embed-core-9.0.83.jar:9.0.83]
	at org.apache.catalina.authenticator.AuthenticatorBase.invoke(AuthenticatorBase.java:481) ~[tomcat-embed-core-9.0.83.jar:9.0.83]
	at org.apache.catalina.core.StandardHostValve.invoke(StandardHostValve.java:130) ~[tomcat-embed-core-9.0.83.jar:9.0.83]
	at org.apache.catalina.valves.ErrorReportValve.invoke(ErrorReportValve.java:93) ~[tomcat-embed-core-9.0.83.jar:9.0.83]
	at org.apache.catalina.core.StandardEngineValve.invoke(StandardEngineValve.java:74) ~[tomcat-embed-core-9.0.83.jar:9.0.83]
	at org.apache.catalina.connector.CoyoteAdapter.service(CoyoteAdapter.java:342) ~[tomcat-embed-core-9.0.83.jar:9.0.83]
	at org.apache.coyote.http11.Http11Processor.service(Http11Processor.java:390) ~[tomcat-embed-core-9.0.83.jar:9.0.83]
	at org.apache.coyote.AbstractProcessorLight.process(AbstractProcessorLight.java:63) ~[tomcat-embed-core-9.0.83.jar:9.0.83]
	at org.apache.coyote.AbstractProtocol$ConnectionHandler.process(AbstractProtocol.java:928) ~[tomcat-embed-core-9.0.83.jar:9.0.83]
	at org.apache.tomcat.util.net.NioEndpoint$SocketProcessor.doRun(NioEndpoint.java:1794) ~[tomcat-embed-core-9.0.83.jar:9.0.83]
	at org.apache.tomcat.util.net.SocketProcessorBase.run(SocketProcessorBase.java:52) ~[tomcat-embed-core-9.0.83.jar:9.0.83]
	at org.apache.tomcat.util.threads.ThreadPoolExecutor.runWorker(ThreadPoolExecutor.java:1191) ~[tomcat-embed-core-9.0.83.jar:9.0.83]
	at org.apache.tomcat.util.threads.ThreadPoolExecutor$Worker.run(ThreadPoolExecutor.java:659) ~[tomcat-embed-core-9.0.83.jar:9.0.83]
	at org.apache.tomcat.util.threads.TaskThread$WrappingRunnable.run(TaskThread.java:61) ~[tomcat-embed-core-9.0.83.jar:9.0.83]
	at java.base/java.lang.Thread.run(Thread.java:834) ~[na:na]

2026-02-20 18:51:51.309 DEBUG 8472 --- [io-8080-exec-10] o.s.web.servlet.DispatcherServlet        : "ERROR" dispatch for GET "/error", parameters={}
2026-02-20 18:51:51.309 DEBUG 8472 --- [io-8080-exec-10] s.w.s.m.m.a.RequestMappingHandlerMapping : Mapped to org.springframework.boot.autoconfigure.web.servlet.error.BasicErrorController#error(HttpServletRequest)
2026-02-20 18:51:51.310 DEBUG 8472 --- [io-8080-exec-10] o.s.w.s.m.m.a.HttpEntityMethodProcessor  : Using 'application/json', given [application/json, text/plain, */*] and supported [application/json, application/*+json, application/json, application/*+json]
2026-02-20 18:51:51.310 DEBUG 8472 --- [io-8080-exec-10] o.s.w.s.m.m.a.HttpEntityMethodProcessor  : Writing [{timestamp=Fri Feb 20 18:51:51 CST 2026, status=500, error=Internal Server Error, path=/api/admin/us (truncated)...]
2026-02-20 18:51:51.311 DEBUG 8472 --- [io-8080-exec-10] o.s.web.servlet.DispatcherServlet        : Exiting from "ERROR" dispatch, status 500
2026-02-20 18:51:52.135 DEBUG 8472 --- [nio-8080-exec-3] s.w.s.m.m.a.RequestMappingHandlerMapping : Mapped to com.casavida.backend.controllers.LoteController#getAllLotes()
2026-02-20 18:51:52.142 DEBUG 8472 --- [nio-8080-exec-4] s.w.s.m.m.a.RequestMappingHandlerMapping : Mapped to com.casavida.backend.controllers.CRMController#getAllLeads()
2026-02-20 18:51:52.161 DEBUG 8472 --- [nio-8080-exec-3] org.hibernate.SQL                        : select user0_.id as id1_15_, user0_.created_at as created_2_15_, user0_.email as email3_15_, user0_.password as password4_15_, user0_.username as username5_15_ from users user0_ where user0_.username=?
Hibernate: select user0_.id as id1_15_, user0_.created_at as created_2_15_, user0_.email as email3_15_, user0_.password as password4_15_, user0_.username as username5_15_ from users user0_ where user0_.username=?
2026-02-20 18:51:52.161 TRACE 8472 --- [nio-8080-exec-3] o.h.type.descriptor.sql.BasicBinder      : binding parameter [1] as [VARCHAR] - [admin]
2026-02-20 18:51:52.162 DEBUG 8472 --- [nio-8080-exec-3] org.hibernate.SQL                        : select roles0_.user_id as user_id1_14_0_, roles0_.role_id as role_id2_14_0_, role1_.id as id1_13_1_, role1_.name as name2_13_1_ from user_roles roles0_ inner join roles role1_ on roles0_.role_id=role1_.id where roles0_.user_id=?
Hibernate: select roles0_.user_id as user_id1_14_0_, roles0_.role_id as role_id2_14_0_, role1_.id as id1_13_1_, role1_.name as name2_13_1_ from user_roles roles0_ inner join roles role1_ on roles0_.role_id=role1_.id where roles0_.user_id=?
2026-02-20 18:51:52.163 TRACE 8472 --- [nio-8080-exec-3] o.h.type.descriptor.sql.BasicBinder      : binding parameter [1] as [BIGINT] - [1]
2026-02-20 18:51:52.165 DEBUG 8472 --- [nio-8080-exec-3] o.s.web.servlet.DispatcherServlet        : GET "/api/lotes/all", parameters={}
2026-02-20 18:51:52.166 DEBUG 8472 --- [nio-8080-exec-3] s.w.s.m.m.a.RequestMappingHandlerMapping : Mapped to com.casavida.backend.controllers.LoteController#getAllLotes()
2026-02-20 18:51:52.172 DEBUG 8472 --- [nio-8080-exec-3] org.hibernate.SQL                        : select lote0_.id as id1_7_, lote0_.area_metros_cuadrados as area_met2_7_, lote0_.coordenadas_geo as coordena3_7_, lote0_.descripcion as descripc4_7_, lote0_.estatus as estatus5_7_, lote0_.fraccionamiento_id as fraccio12_7_, lote0_.imagen_url as imagen_u6_7_, lote0_.manzana as manzana7_7_, lote0_.notas as notas8_7_, lote0_.numero_lote as numero_l9_7_, lote0_.plano_coordinates as plano_c10_7_, lote0_.precio_total as precio_11_7_ from lotes lote0_
Hibernate: select lote0_.id as id1_7_, lote0_.area_metros_cuadrados as area_met2_7_, lote0_.coordenadas_geo as coordena3_7_, lote0_.descripcion as descripc4_7_, lote0_.estatus as estatus5_7_, lote0_.fraccionamiento_id as fraccio12_7_, lote0_.imagen_url as imagen_u6_7_, lote0_.manzana as manzana7_7_, lote0_.notas as notas8_7_, lote0_.numero_lote as numero_l9_7_, lote0_.plano_coordinates as plano_c10_7_, lote0_.precio_total as precio_11_7_ from lotes lote0_
2026-02-20 18:51:52.177 DEBUG 8472 --- [nio-8080-exec-4] org.hibernate.SQL                        : select user0_.id as id1_15_, user0_.created_at as created_2_15_, user0_.email as email3_15_, user0_.password as password4_15_, user0_.username as username5_15_ from users user0_ where user0_.username=?
Hibernate: select user0_.id as id1_15_, user0_.created_at as created_2_15_, user0_.email as email3_15_, user0_.password as password4_15_, user0_.username as username5_15_ from users user0_ where user0_.username=?
2026-02-20 18:51:52.177 TRACE 8472 --- [nio-8080-exec-4] o.h.type.descriptor.sql.BasicBinder      : binding parameter [1] as [VARCHAR] - [admin]
2026-02-20 18:51:52.176 DEBUG 8472 --- [nio-8080-exec-3] org.hibernate.SQL                        : select fraccionam0_.id as id1_4_0_, fraccionam0_.coordenadas_geo as coordena2_4_0_, fraccionam0_.descripcion as descripc3_4_0_, fraccionam0_.logo_url as logo_url4_4_0_, fraccionam0_.nombre as nombre5_4_0_, fraccionam0_.poligono_delimitador as poligono6_4_0_, fraccionam0_.ubicacion as ubicacio7_4_0_ from fraccionamientos fraccionam0_ where fraccionam0_.id=?
Hibernate: select fraccionam0_.id as id1_4_0_, fraccionam0_.coordenadas_geo as coordena2_4_0_, fraccionam0_.descripcion as descripc3_4_0_, fraccionam0_.logo_url as logo_url4_4_0_, fraccionam0_.nombre as nombre5_4_0_, fraccionam0_.poligono_delimitador as poligono6_4_0_, fraccionam0_.ubicacion as ubicacio7_4_0_ from fraccionamientos fraccionam0_ where fraccionam0_.id=?
2026-02-20 18:51:52.178 TRACE 8472 --- [nio-8080-exec-3] o.h.type.descriptor.sql.BasicBinder      : binding parameter [1] as [BIGINT] - [1]
2026-02-20 18:51:52.178 DEBUG 8472 --- [nio-8080-exec-4] org.hibernate.SQL                        : select roles0_.user_id as user_id1_14_0_, roles0_.role_id as role_id2_14_0_, role1_.id as id1_13_1_, role1_.name as name2_13_1_ from user_roles roles0_ inner join roles role1_ on roles0_.role_id=role1_.id where roles0_.user_id=?
Hibernate: select roles0_.user_id as user_id1_14_0_, roles0_.role_id as role_id2_14_0_, role1_.id as id1_13_1_, role1_.name as name2_13_1_ from user_roles roles0_ inner join roles role1_ on roles0_.role_id=role1_.id where roles0_.user_id=?
2026-02-20 18:51:52.180 TRACE 8472 --- [nio-8080-exec-4] o.h.type.descriptor.sql.BasicBinder      : binding parameter [1] as [BIGINT] - [1]
2026-02-20 18:51:52.181 DEBUG 8472 --- [nio-8080-exec-3] org.hibernate.SQL                        : select fraccionam0_.id as id1_4_0_, fraccionam0_.coordenadas_geo as coordena2_4_0_, fraccionam0_.descripcion as descripc3_4_0_, fraccionam0_.logo_url as logo_url4_4_0_, fraccionam0_.nombre as nombre5_4_0_, fraccionam0_.poligono_delimitador as poligono6_4_0_, fraccionam0_.ubicacion as ubicacio7_4_0_ from fraccionamientos fraccionam0_ where fraccionam0_.id=?
Hibernate: select fraccionam0_.id as id1_4_0_, fraccionam0_.coordenadas_geo as coordena2_4_0_, fraccionam0_.descripcion as descripc3_4_0_, fraccionam0_.logo_url as logo_url4_4_0_, fraccionam0_.nombre as nombre5_4_0_, fraccionam0_.poligono_delimitador as poligono6_4_0_, fraccionam0_.ubicacion as ubicacio7_4_0_ from fraccionamientos fraccionam0_ where fraccionam0_.id=?
2026-02-20 18:51:52.181 TRACE 8472 --- [nio-8080-exec-3] o.h.type.descriptor.sql.BasicBinder      : binding parameter [1] as [BIGINT] - [2]
2026-02-20 18:51:52.183 DEBUG 8472 --- [nio-8080-exec-4] o.s.web.servlet.DispatcherServlet        : GET "/api/crm/leads", parameters={}
2026-02-20 18:51:52.183 DEBUG 8472 --- [nio-8080-exec-4] s.w.s.m.m.a.RequestMappingHandlerMapping : Mapped to com.casavida.backend.controllers.CRMController#getAllLeads()
2026-02-20 18:51:52.183 DEBUG 8472 --- [nio-8080-exec-3] m.m.a.RequestResponseBodyMethodProcessor : Using 'application/json', given [application/json, text/plain, */*] and supported [application/json, application/*+json, application/json, application/*+json]
2026-02-20 18:51:52.184 DEBUG 8472 --- [nio-8080-exec-3] org.hibernate.SQL                        : select galeriaima0_.lote_id as lote_id1_6_0_, galeriaima0_.imagen_url as imagen_u2_6_0_ from lote_imagenes galeriaima0_ where galeriaima0_.lote_id=?
Hibernate: select galeriaima0_.lote_id as lote_id1_6_0_, galeriaima0_.imagen_url as imagen_u2_6_0_ from lote_imagenes galeriaima0_ where galeriaima0_.lote_id=?
2026-02-20 18:51:52.184 DEBUG 8472 --- [nio-8080-exec-4] org.hibernate.SQL                        : select lead0_.id as id1_5_, lead0_.email as email2_5_, lead0_.fecha_registro as fecha_re3_5_, lead0_.mensaje as mensaje4_5_, lead0_.nombre as nombre5_5_, lead0_.source as source6_5_, lead0_.status as status7_5_, lead0_.telefono as telefono8_5_ from leads lead0_
Hibernate: select lead0_.id as id1_5_, lead0_.email as email2_5_, lead0_.fecha_registro as fecha_re3_5_, lead0_.mensaje as mensaje4_5_, lead0_.nombre as nombre5_5_, lead0_.source as source6_5_, lead0_.status as status7_5_, lead0_.telefono as telefono8_5_ from leads lead0_
2026-02-20 18:51:52.184 TRACE 8472 --- [nio-8080-exec-3] o.h.type.descriptor.sql.BasicBinder      : binding parameter [1] as [BIGINT] - [1]
2026-02-20 18:51:52.192 DEBUG 8472 --- [nio-8080-exec-3] org.hibernate.SQL                        : select galeriaima0_.lote_id as lote_id1_6_0_, galeriaima0_.imagen_url as imagen_u2_6_0_ from lote_imagenes galeriaima0_ where galeriaima0_.lote_id=?
Hibernate: select galeriaima0_.lote_id as lote_id1_6_0_, galeriaima0_.imagen_url as imagen_u2_6_0_ from lote_imagenes galeriaima0_ where galeriaima0_.lote_id=?
2026-02-20 18:51:52.192 DEBUG 8472 --- [nio-8080-exec-4] m.m.a.RequestResponseBodyMethodProcessor : Using 'application/json', given [application/json, text/plain, */*] and supported [application/json, application/*+json, application/json, application/*+json]
2026-02-20 18:51:52.192 TRACE 8472 --- [nio-8080-exec-3] o.h.type.descriptor.sql.BasicBinder      : binding parameter [1] as [BIGINT] - [2]
2026-02-20 18:51:52.193 DEBUG 8472 --- [nio-8080-exec-4] m.m.a.RequestResponseBodyMethodProcessor : Writing [[]]
2026-02-20 18:51:52.193 DEBUG 8472 --- [nio-8080-exec-3] m.m.a.RequestResponseBodyMethodProcessor : Writing [[Lote(id=1, numeroLote=A001, manzana=MZ A, precioTotal=150000.00, areaMetrosCuadrados=200.0, coorden (truncated)...]
2026-02-20 18:51:52.194 DEBUG 8472 --- [nio-8080-exec-4] o.s.web.servlet.DispatcherServlet        : Completed 200 OK
2026-02-20 18:51:52.202 DEBUG 8472 --- [nio-8080-exec-3] o.s.web.servlet.DispatcherServlet        : Completed 200 OK
2026-02-20 18:51:53.266 DEBUG 8472 --- [nio-8080-exec-8] s.w.s.m.m.a.RequestMappingHandlerMapping : Mapped to com.casavida.backend.controllers.ClienteController#getAllClientes()
2026-02-20 18:51:53.267 DEBUG 8472 --- [nio-8080-exec-7] s.w.s.m.m.a.RequestMappingHandlerMapping : Mapped to com.casavida.backend.controllers.ReporteController#getDashboardStats()
2026-02-20 18:51:53.279 DEBUG 8472 --- [io-8080-exec-10] s.w.s.m.m.a.RequestMappingHandlerMapping : Mapped to com.casavida.backend.controllers.VentaController#getAllContratos()
2026-02-20 18:51:53.300 DEBUG 8472 --- [nio-8080-exec-5] s.w.s.m.m.a.RequestMappingHandlerMapping : Mapped to com.casavida.backend.controllers.LoteController#getAllLotes()
2026-02-20 18:51:53.312 DEBUG 8472 --- [nio-8080-exec-1] s.w.s.m.m.a.RequestMappingHandlerMapping : Mapped to com.casavida.backend.controllers.FraccionamientoController#getAllFraccionamientos()
2026-02-20 18:51:53.327 DEBUG 8472 --- [nio-8080-exec-8] org.hibernate.SQL                        : select user0_.id as id1_15_, user0_.created_at as created_2_15_, user0_.email as email3_15_, user0_.password as password4_15_, user0_.username as username5_15_ from users user0_ where user0_.username=?
Hibernate: select user0_.id as id1_15_, user0_.created_at as created_2_15_, user0_.email as email3_15_, user0_.password as password4_15_, user0_.username as username5_15_ from users user0_ where user0_.username=?
2026-02-20 18:51:53.328 TRACE 8472 --- [nio-8080-exec-8] o.h.type.descriptor.sql.BasicBinder      : binding parameter [1] as [VARCHAR] - [admin]
2026-02-20 18:51:53.334 DEBUG 8472 --- [nio-8080-exec-7] org.hibernate.SQL                        : select user0_.id as id1_15_, user0_.created_at as created_2_15_, user0_.email as email3_15_, user0_.password as password4_15_, user0_.username as username5_15_ from users user0_ where user0_.username=?
Hibernate: select user0_.id as id1_15_, user0_.created_at as created_2_15_, user0_.email as email3_15_, user0_.password as password4_15_, user0_.username as username5_15_ from users user0_ where user0_.username=?
2026-02-20 18:51:53.335 DEBUG 8472 --- [nio-8080-exec-8] org.hibernate.SQL                        : select roles0_.user_id as user_id1_14_0_, roles0_.role_id as role_id2_14_0_, role1_.id as id1_13_1_, role1_.name as name2_13_1_ from user_roles roles0_ inner join roles role1_ on roles0_.role_id=role1_.id where roles0_.user_id=?
Hibernate: select roles0_.user_id as user_id1_14_0_, roles0_.role_id as role_id2_14_0_, role1_.id as id1_13_1_, role1_.name as name2_13_1_ from user_roles roles0_ inner join roles role1_ on roles0_.role_id=role1_.id where roles0_.user_id=?
2026-02-20 18:51:53.336 DEBUG 8472 --- [io-8080-exec-10] org.hibernate.SQL                        : select user0_.id as id1_15_, user0_.created_at as created_2_15_, user0_.email as email3_15_, user0_.password as password4_15_, user0_.username as username5_15_ from users user0_ where user0_.username=?
Hibernate: select user0_.id as id1_15_, user0_.created_at as created_2_15_, user0_.email as email3_15_, user0_.password as password4_15_, user0_.username as username5_15_ from users user0_ where user0_.username=?
2026-02-20 18:51:53.339 TRACE 8472 --- [io-8080-exec-10] o.h.type.descriptor.sql.BasicBinder      : binding parameter [1] as [VARCHAR] - [admin]
2026-02-20 18:51:53.337 TRACE 8472 --- [nio-8080-exec-8] o.h.type.descriptor.sql.BasicBinder      : binding parameter [1] as [BIGINT] - [1]
2026-02-20 18:51:53.336 TRACE 8472 --- [nio-8080-exec-7] o.h.type.descriptor.sql.BasicBinder      : binding parameter [1] as [VARCHAR] - [admin]
2026-02-20 18:51:53.344 DEBUG 8472 --- [nio-8080-exec-7] org.hibernate.SQL                        : select roles0_.user_id as user_id1_14_0_, roles0_.role_id as role_id2_14_0_, role1_.id as id1_13_1_, role1_.name as name2_13_1_ from user_roles roles0_ inner join roles role1_ on roles0_.role_id=role1_.id where roles0_.user_id=?
Hibernate: select roles0_.user_id as user_id1_14_0_, roles0_.role_id as role_id2_14_0_, role1_.id as id1_13_1_, role1_.name as name2_13_1_ from user_roles roles0_ inner join roles role1_ on roles0_.role_id=role1_.id where roles0_.user_id=?
2026-02-20 18:51:53.344 TRACE 8472 --- [nio-8080-exec-7] o.h.type.descriptor.sql.BasicBinder      : binding parameter [1] as [BIGINT] - [1]
2026-02-20 18:51:53.344 DEBUG 8472 --- [nio-8080-exec-8] o.s.web.servlet.DispatcherServlet        : GET "/api/clientes/all", parameters={}
2026-02-20 18:51:53.350 DEBUG 8472 --- [io-8080-exec-10] org.hibernate.SQL                        : select roles0_.user_id as user_id1_14_0_, roles0_.role_id as role_id2_14_0_, role1_.id as id1_13_1_, role1_.name as name2_13_1_ from user_roles roles0_ inner join roles role1_ on roles0_.role_id=role1_.id where roles0_.user_id=?
Hibernate: select roles0_.user_id as user_id1_14_0_, roles0_.role_id as role_id2_14_0_, role1_.id as id1_13_1_, role1_.name as name2_13_1_ from user_roles roles0_ inner join roles role1_ on roles0_.role_id=role1_.id where roles0_.user_id=?
2026-02-20 18:51:53.351 DEBUG 8472 --- [nio-8080-exec-8] s.w.s.m.m.a.RequestMappingHandlerMapping : Mapped to com.casavida.backend.controllers.ClienteController#getAllClientes()
2026-02-20 18:51:53.352 TRACE 8472 --- [io-8080-exec-10] o.h.type.descriptor.sql.BasicBinder      : binding parameter [1] as [BIGINT] - [1]
2026-02-20 18:51:53.353 DEBUG 8472 --- [nio-8080-exec-7] o.s.web.servlet.DispatcherServlet        : GET "/api/reportes/dashboard", parameters={}
2026-02-20 18:51:53.353 DEBUG 8472 --- [nio-8080-exec-7] s.w.s.m.m.a.RequestMappingHandlerMapping : Mapped to com.casavida.backend.controllers.ReporteController#getDashboardStats()
2026-02-20 18:51:53.354 DEBUG 8472 --- [nio-8080-exec-8] org.hibernate.SQL                        : select cliente0_.id as id1_1_, cliente0_.apellidos as apellido2_1_, cliente0_.direccion as direccio3_1_, cliente0_.email as email4_1_, cliente0_.fecha_registro as fecha_re5_1_, cliente0_.ine as ine6_1_, cliente0_.nombre as nombre7_1_, cliente0_.telefono as telefono8_1_ from clientes cliente0_
Hibernate: select cliente0_.id as id1_1_, cliente0_.apellidos as apellido2_1_, cliente0_.direccion as direccio3_1_, cliente0_.email as email4_1_, cliente0_.fecha_registro as fecha_re5_1_, cliente0_.ine as ine6_1_, cliente0_.nombre as nombre7_1_, cliente0_.telefono as telefono8_1_ from clientes cliente0_
2026-02-20 18:51:53.367 DEBUG 8472 --- [nio-8080-exec-5] org.hibernate.SQL                        : select user0_.id as id1_15_, user0_.created_at as created_2_15_, user0_.email as email3_15_, user0_.password as password4_15_, user0_.username as username5_15_ from users user0_ where user0_.username=?
Hibernate: select user0_.id as id1_15_, user0_.created_at as created_2_15_, user0_.email as email3_15_, user0_.password as password4_15_, user0_.username as username5_15_ from users user0_ where user0_.username=?
2026-02-20 18:51:53.368 TRACE 8472 --- [nio-8080-exec-5] o.h.type.descriptor.sql.BasicBinder      : binding parameter [1] as [VARCHAR] - [admin]
2026-02-20 18:51:53.400 DEBUG 8472 --- [nio-8080-exec-1] org.hibernate.SQL                        : select user0_.id as id1_15_, user0_.created_at as created_2_15_, user0_.email as email3_15_, user0_.password as password4_15_, user0_.username as username5_15_ from users user0_ where user0_.username=?
Hibernate: select user0_.id as id1_15_, user0_.created_at as created_2_15_, user0_.email as email3_15_, user0_.password as password4_15_, user0_.username as username5_15_ from users user0_ where user0_.username=?
2026-02-20 18:51:53.400 TRACE 8472 --- [nio-8080-exec-1] o.h.type.descriptor.sql.BasicBinder      : binding parameter [1] as [VARCHAR] - [admin]
2026-02-20 18:51:53.401 DEBUG 8472 --- [nio-8080-exec-8] m.m.a.RequestResponseBodyMethodProcessor : Using 'application/json', given [application/json, text/plain, */*] and supported [application/json, application/*+json, application/json, application/*+json]
2026-02-20 18:51:53.401 DEBUG 8472 --- [nio-8080-exec-8] m.m.a.RequestResponseBodyMethodProcessor : Writing [[com.casavida.backend.entity.Cliente@47719d99, com.casavida.backend.entity.Cliente@6d51f2f8, com.cas (truncated)...]
2026-02-20 18:51:53.401 DEBUG 8472 --- [io-8080-exec-10] o.s.web.servlet.DispatcherServlet        : GET "/api/ventas/contratos", parameters={}
2026-02-20 18:51:53.401 DEBUG 8472 --- [nio-8080-exec-1] org.hibernate.SQL                        : select roles0_.user_id as user_id1_14_0_, roles0_.role_id as role_id2_14_0_, role1_.id as id1_13_1_, role1_.name as name2_13_1_ from user_roles roles0_ inner join roles role1_ on roles0_.role_id=role1_.id where roles0_.user_id=?
Hibernate: select roles0_.user_id as user_id1_14_0_, roles0_.role_id as role_id2_14_0_, role1_.id as id1_13_1_, role1_.name as name2_13_1_ from user_roles roles0_ inner join roles role1_ on roles0_.role_id=role1_.id where roles0_.user_id=?
2026-02-20 18:51:53.402 DEBUG 8472 --- [io-8080-exec-10] s.w.s.m.m.a.RequestMappingHandlerMapping : Mapped to com.casavida.backend.controllers.VentaController#getAllContratos()
2026-02-20 18:51:53.402 TRACE 8472 --- [nio-8080-exec-1] o.h.type.descriptor.sql.BasicBinder      : binding parameter [1] as [BIGINT] - [1]
2026-02-20 18:51:53.403 DEBUG 8472 --- [nio-8080-exec-8] o.s.web.servlet.DispatcherServlet        : Completed 200 OK
2026-02-20 18:51:53.407 DEBUG 8472 --- [nio-8080-exec-1] o.s.web.servlet.DispatcherServlet        : GET "/api/fraccionamientos/public", parameters={}
2026-02-20 18:51:53.416 DEBUG 8472 --- [nio-8080-exec-1] s.w.s.m.m.a.RequestMappingHandlerMapping : Mapped to com.casavida.backend.controllers.FraccionamientoController#getAllFraccionamientos()
2026-02-20 18:51:53.419 DEBUG 8472 --- [nio-8080-exec-5] org.hibernate.SQL                        : select roles0_.user_id as user_id1_14_0_, roles0_.role_id as role_id2_14_0_, role1_.id as id1_13_1_, role1_.name as name2_13_1_ from user_roles roles0_ inner join roles role1_ on roles0_.role_id=role1_.id where roles0_.user_id=?
Hibernate: select roles0_.user_id as user_id1_14_0_, roles0_.role_id as role_id2_14_0_, role1_.id as id1_13_1_, role1_.name as name2_13_1_ from user_roles roles0_ inner join roles role1_ on roles0_.role_id=role1_.id where roles0_.user_id=?
2026-02-20 18:51:53.419 TRACE 8472 --- [nio-8080-exec-5] o.h.type.descriptor.sql.BasicBinder      : binding parameter [1] as [BIGINT] - [1]
2026-02-20 18:51:53.419 DEBUG 8472 --- [nio-8080-exec-1] org.hibernate.SQL                        : select fraccionam0_.id as id1_4_, fraccionam0_.coordenadas_geo as coordena2_4_, fraccionam0_.descripcion as descripc3_4_, fraccionam0_.logo_url as logo_url4_4_, fraccionam0_.nombre as nombre5_4_, fraccionam0_.poligono_delimitador as poligono6_4_, fraccionam0_.ubicacion as ubicacio7_4_ from fraccionamientos fraccionam0_
Hibernate: select fraccionam0_.id as id1_4_, fraccionam0_.coordenadas_geo as coordena2_4_, fraccionam0_.descripcion as descripc3_4_, fraccionam0_.logo_url as logo_url4_4_, fraccionam0_.nombre as nombre5_4_, fraccionam0_.poligono_delimitador as poligono6_4_, fraccionam0_.ubicacion as ubicacio7_4_ from fraccionamientos fraccionam0_
2026-02-20 18:51:53.422 DEBUG 8472 --- [nio-8080-exec-5] o.s.web.servlet.DispatcherServlet        : GET "/api/lotes/all", parameters={}
2026-02-20 18:51:53.422 DEBUG 8472 --- [nio-8080-exec-1] m.m.a.RequestResponseBodyMethodProcessor : Using 'application/json', given [application/json, text/plain, */*] and supported [application/json, application/*+json, application/json, application/*+json]
2026-02-20 18:51:53.423 DEBUG 8472 --- [nio-8080-exec-1] m.m.a.RequestResponseBodyMethodProcessor : Writing [[Fraccionamiento(id=1, nombre=Residencial Las Palmas, ubicacion=Cancún, Quintana Roo, descripcion=Ex (truncated)...]
2026-02-20 18:51:53.422 DEBUG 8472 --- [nio-8080-exec-5] s.w.s.m.m.a.RequestMappingHandlerMapping : Mapped to com.casavida.backend.controllers.LoteController#getAllLotes()
2026-02-20 18:51:53.431 DEBUG 8472 --- [nio-8080-exec-5] org.hibernate.SQL                        : select lote0_.id as id1_7_, lote0_.area_metros_cuadrados as area_met2_7_, lote0_.coordenadas_geo as coordena3_7_, lote0_.descripcion as descripc4_7_, lote0_.estatus as estatus5_7_, lote0_.fraccionamiento_id as fraccio12_7_, lote0_.imagen_url as imagen_u6_7_, lote0_.manzana as manzana7_7_, lote0_.notas as notas8_7_, lote0_.numero_lote as numero_l9_7_, lote0_.plano_coordinates as plano_c10_7_, lote0_.precio_total as precio_11_7_ from lotes lote0_
Hibernate: select lote0_.id as id1_7_, lote0_.area_metros_cuadrados as area_met2_7_, lote0_.coordenadas_geo as coordena3_7_, lote0_.descripcion as descripc4_7_, lote0_.estatus as estatus5_7_, lote0_.fraccionamiento_id as fraccio12_7_, lote0_.imagen_url as imagen_u6_7_, lote0_.manzana as manzana7_7_, lote0_.notas as notas8_7_, lote0_.numero_lote as numero_l9_7_, lote0_.plano_coordinates as plano_c10_7_, lote0_.precio_total as precio_11_7_ from lotes lote0_
2026-02-20 18:51:53.433 DEBUG 8472 --- [nio-8080-exec-1] o.s.web.servlet.DispatcherServlet        : Completed 200 OK
2026-02-20 18:51:53.435 DEBUG 8472 --- [nio-8080-exec-5] org.hibernate.SQL                        : select fraccionam0_.id as id1_4_0_, fraccionam0_.coordenadas_geo as coordena2_4_0_, fraccionam0_.descripcion as descripc3_4_0_, fraccionam0_.logo_url as logo_url4_4_0_, fraccionam0_.nombre as nombre5_4_0_, fraccionam0_.poligono_delimitador as poligono6_4_0_, fraccionam0_.ubicacion as ubicacio7_4_0_ from fraccionamientos fraccionam0_ where fraccionam0_.id=?
Hibernate: select fraccionam0_.id as id1_4_0_, fraccionam0_.coordenadas_geo as coordena2_4_0_, fraccionam0_.descripcion as descripc3_4_0_, fraccionam0_.logo_url as logo_url4_4_0_, fraccionam0_.nombre as nombre5_4_0_, fraccionam0_.poligono_delimitador as poligono6_4_0_, fraccionam0_.ubicacion as ubicacio7_4_0_ from fraccionamientos fraccionam0_ where fraccionam0_.id=?
2026-02-20 18:51:53.436 TRACE 8472 --- [nio-8080-exec-5] o.h.type.descriptor.sql.BasicBinder      : binding parameter [1] as [BIGINT] - [1]
2026-02-20 18:51:53.437 DEBUG 8472 --- [nio-8080-exec-5] org.hibernate.SQL                        : select fraccionam0_.id as id1_4_0_, fraccionam0_.coordenadas_geo as coordena2_4_0_, fraccionam0_.descripcion as descripc3_4_0_, fraccionam0_.logo_url as logo_url4_4_0_, fraccionam0_.nombre as nombre5_4_0_, fraccionam0_.poligono_delimitador as poligono6_4_0_, fraccionam0_.ubicacion as ubicacio7_4_0_ from fraccionamientos fraccionam0_ where fraccionam0_.id=?
Hibernate: select fraccionam0_.id as id1_4_0_, fraccionam0_.coordenadas_geo as coordena2_4_0_, fraccionam0_.descripcion as descripc3_4_0_, fraccionam0_.logo_url as logo_url4_4_0_, fraccionam0_.nombre as nombre5_4_0_, fraccionam0_.poligono_delimitador as poligono6_4_0_, fraccionam0_.ubicacion as ubicacio7_4_0_ from fraccionamientos fraccionam0_ where fraccionam0_.id=?
2026-02-20 18:51:53.437 TRACE 8472 --- [nio-8080-exec-5] o.h.type.descriptor.sql.BasicBinder      : binding parameter [1] as [BIGINT] - [2]
2026-02-20 18:51:53.455 DEBUG 8472 --- [nio-8080-exec-5] m.m.a.RequestResponseBodyMethodProcessor : Using 'application/json', given [application/json, text/plain, */*] and supported [application/json, application/*+json, application/json, application/*+json]
2026-02-20 18:51:53.455  WARN 8472 --- [nio-8080-exec-7] o.s.s.a.e.DenyAllPermissionEvaluator     : Denying user admin permission 'REPORTES.VIEW' on object null
2026-02-20 18:51:53.461 DEBUG 8472 --- [nio-8080-exec-5] org.hibernate.SQL                        : select galeriaima0_.lote_id as lote_id1_6_0_, galeriaima0_.imagen_url as imagen_u2_6_0_ from lote_imagenes galeriaima0_ where galeriaima0_.lote_id=?
Hibernate: select galeriaima0_.lote_id as lote_id1_6_0_, galeriaima0_.imagen_url as imagen_u2_6_0_ from lote_imagenes galeriaima0_ where galeriaima0_.lote_id=?
2026-02-20 18:51:53.462 TRACE 8472 --- [nio-8080-exec-5] o.h.type.descriptor.sql.BasicBinder      : binding parameter [1] as [BIGINT] - [1]
2026-02-20 18:51:53.463 DEBUG 8472 --- [nio-8080-exec-5] org.hibernate.SQL                        : select galeriaima0_.lote_id as lote_id1_6_0_, galeriaima0_.imagen_url as imagen_u2_6_0_ from lote_imagenes galeriaima0_ where galeriaima0_.lote_id=?
Hibernate: select galeriaima0_.lote_id as lote_id1_6_0_, galeriaima0_.imagen_url as imagen_u2_6_0_ from lote_imagenes galeriaima0_ where galeriaima0_.lote_id=?
2026-02-20 18:51:53.463 TRACE 8472 --- [nio-8080-exec-5] o.h.type.descriptor.sql.BasicBinder      : binding parameter [1] as [BIGINT] - [2]
2026-02-20 18:51:53.464 DEBUG 8472 --- [nio-8080-exec-5] m.m.a.RequestResponseBodyMethodProcessor : Writing [[Lote(id=1, numeroLote=A001, manzana=MZ A, precioTotal=150000.00, areaMetrosCuadrados=200.0, coorden (truncated)...]
2026-02-20 18:51:53.469 DEBUG 8472 --- [nio-8080-exec-5] o.s.web.servlet.DispatcherServlet        : Completed 200 OK
2026-02-20 18:51:53.517 DEBUG 8472 --- [io-8080-exec-10] org.hibernate.SQL                        : select contrato0_.id as id1_3_, contrato0_.cliente_id as cliente_9_3_, contrato0_.enganche as enganche2_3_, contrato0_.estatus as estatus3_3_, contrato0_.fecha_contrato as fecha_co4_3_, contrato0_.lote_id as lote_id10_3_, contrato0_.mensualidad as mensuali5_3_, contrato0_.monto_total as monto_to6_3_, contrato0_.plazo_meses as plazo_me7_3_, contrato0_.tasa_interes_anual as tasa_int8_3_, contrato0_.vendedor_id as vendedo11_3_ from contratos contrato0_
Hibernate: select contrato0_.id as id1_3_, contrato0_.cliente_id as cliente_9_3_, contrato0_.enganche as enganche2_3_, contrato0_.estatus as estatus3_3_, contrato0_.fecha_contrato as fecha_co4_3_, contrato0_.lote_id as lote_id10_3_, contrato0_.mensualidad as mensuali5_3_, contrato0_.monto_total as monto_to6_3_, contrato0_.plazo_meses as plazo_me7_3_, contrato0_.tasa_interes_anual as tasa_int8_3_, contrato0_.vendedor_id as vendedo11_3_ from contratos contrato0_
2026-02-20 18:51:53.581 DEBUG 8472 --- [io-8080-exec-10] org.hibernate.SQL                        : select cliente0_.id as id1_1_0_, cliente0_.apellidos as apellido2_1_0_, cliente0_.direccion as direccio3_1_0_, cliente0_.email as email4_1_0_, cliente0_.fecha_registro as fecha_re5_1_0_, cliente0_.ine as ine6_1_0_, cliente0_.nombre as nombre7_1_0_, cliente0_.telefono as telefono8_1_0_ from clientes cliente0_ where cliente0_.id=?
Hibernate: select cliente0_.id as id1_1_0_, cliente0_.apellidos as apellido2_1_0_, cliente0_.direccion as direccio3_1_0_, cliente0_.email as email4_1_0_, cliente0_.fecha_registro as fecha_re5_1_0_, cliente0_.ine as ine6_1_0_, cliente0_.nombre as nombre7_1_0_, cliente0_.telefono as telefono8_1_0_ from clientes cliente0_ where cliente0_.id=?
2026-02-20 18:51:53.582 TRACE 8472 --- [io-8080-exec-10] o.h.type.descriptor.sql.BasicBinder      : binding parameter [1] as [BIGINT] - [1]
2026-02-20 18:51:53.583 DEBUG 8472 --- [io-8080-exec-10] org.hibernate.SQL                        : select lote0_.id as id1_7_0_, lote0_.area_metros_cuadrados as area_met2_7_0_, lote0_.coordenadas_geo as coordena3_7_0_, lote0_.descripcion as descripc4_7_0_, lote0_.estatus as estatus5_7_0_, lote0_.fraccionamiento_id as fraccio12_7_0_, lote0_.imagen_url as imagen_u6_7_0_, lote0_.manzana as manzana7_7_0_, lote0_.notas as notas8_7_0_, lote0_.numero_lote as numero_l9_7_0_, lote0_.plano_coordinates as plano_c10_7_0_, lote0_.precio_total as precio_11_7_0_, fraccionam1_.id as id1_4_1_, fraccionam1_.coordenadas_geo as coordena2_4_1_, fraccionam1_.descripcion as descripc3_4_1_, fraccionam1_.logo_url as logo_url4_4_1_, fraccionam1_.nombre as nombre5_4_1_, fraccionam1_.poligono_delimitador as poligono6_4_1_, fraccionam1_.ubicacion as ubicacio7_4_1_ from lotes lote0_ left outer join fraccionamientos fraccionam1_ on lote0_.fraccionamiento_id=fraccionam1_.id where lote0_.id=?
Hibernate: select lote0_.id as id1_7_0_, lote0_.area_metros_cuadrados as area_met2_7_0_, lote0_.coordenadas_geo as coordena3_7_0_, lote0_.descripcion as descripc4_7_0_, lote0_.estatus as estatus5_7_0_, lote0_.fraccionamiento_id as fraccio12_7_0_, lote0_.imagen_url as imagen_u6_7_0_, lote0_.manzana as manzana7_7_0_, lote0_.notas as notas8_7_0_, lote0_.numero_lote as numero_l9_7_0_, lote0_.plano_coordinates as plano_c10_7_0_, lote0_.precio_total as precio_11_7_0_, fraccionam1_.id as id1_4_1_, fraccionam1_.coordenadas_geo as coordena2_4_1_, fraccionam1_.descripcion as descripc3_4_1_, fraccionam1_.logo_url as logo_url4_4_1_, fraccionam1_.nombre as nombre5_4_1_, fraccionam1_.poligono_delimitador as poligono6_4_1_, fraccionam1_.ubicacion as ubicacio7_4_1_ from lotes lote0_ left outer join fraccionamientos fraccionam1_ on lote0_.fraccionamiento_id=fraccionam1_.id where lote0_.id=?
2026-02-20 18:51:53.586 TRACE 8472 --- [io-8080-exec-10] o.h.type.descriptor.sql.BasicBinder      : binding parameter [1] as [BIGINT] - [1]
2026-02-20 18:51:53.604 DEBUG 8472 --- [io-8080-exec-10] org.hibernate.SQL                        : select user0_.id as id1_15_0_, user0_.created_at as created_2_15_0_, user0_.email as email3_15_0_, user0_.password as password4_15_0_, user0_.username as username5_15_0_, roles1_.user_id as user_id1_14_1_, role2_.id as role_id2_14_1_, role2_.id as id1_13_2_, role2_.name as name2_13_2_ from users user0_ left outer join user_roles roles1_ on user0_.id=roles1_.user_id left outer join roles role2_ on roles1_.role_id=role2_.id where user0_.id=?
Hibernate: select user0_.id as id1_15_0_, user0_.created_at as created_2_15_0_, user0_.email as email3_15_0_, user0_.password as password4_15_0_, user0_.username as username5_15_0_, roles1_.user_id as user_id1_14_1_, role2_.id as role_id2_14_1_, role2_.id as id1_13_2_, role2_.name as name2_13_2_ from users user0_ left outer join user_roles roles1_ on user0_.id=roles1_.user_id left outer join roles role2_ on roles1_.role_id=role2_.id where user0_.id=?
2026-02-20 18:51:53.607 TRACE 8472 --- [io-8080-exec-10] o.h.type.descriptor.sql.BasicBinder      : binding parameter [1] as [BIGINT] - [2]
2026-02-20 18:51:53.670 DEBUG 8472 --- [io-8080-exec-10] o.s.web.servlet.DispatcherServlet        : Failed to complete request: org.springframework.dao.InvalidDataAccessApiUsageException: No enum constant com.casavida.backend.entity.ERole.ROLE_VENDEDOR; nested exception is java.lang.IllegalArgumentException: No enum constant com.casavida.backend.entity.ERole.ROLE_VENDEDOR
2026-02-20 18:51:53.705 ERROR 8472 --- [io-8080-exec-10] o.a.c.c.C.[.[.[/].[dispatcherServlet]    : Servlet.service() for servlet [dispatcherServlet] in context with path [] threw exception [Request processing failed; nested exception is org.springframework.dao.InvalidDataAccessApiUsageException: No enum constant com.casavida.backend.entity.ERole.ROLE_VENDEDOR; nested exception is java.lang.IllegalArgumentException: No enum constant com.casavida.backend.entity.ERole.ROLE_VENDEDOR] with root cause

java.lang.IllegalArgumentException: No enum constant com.casavida.backend.entity.ERole.ROLE_VENDEDOR
	at java.base/java.lang.Enum.valueOf(Enum.java:240) ~[na:na]
	at org.hibernate.type.descriptor.java.EnumJavaTypeDescriptor.fromName(EnumJavaTypeDescriptor.java:84) ~[hibernate-core-5.6.15.Final.jar:5.6.15.Final]
	at org.hibernate.type.descriptor.java.EnumJavaTypeDescriptor.wrap(EnumJavaTypeDescriptor.java:54) ~[hibernate-core-5.6.15.Final.jar:5.6.15.Final]
	at org.hibernate.type.descriptor.java.EnumJavaTypeDescriptor.wrap(EnumJavaTypeDescriptor.java:16) ~[hibernate-core-5.6.15.Final.jar:5.6.15.Final]
	at org.hibernate.type.descriptor.sql.VarcharTypeDescriptor$2.doExtract(VarcharTypeDescriptor.java:62) ~[hibernate-core-5.6.15.Final.jar:5.6.15.Final]
	at org.hibernate.type.descriptor.sql.BasicExtractor.extract(BasicExtractor.java:47) ~[hibernate-core-5.6.15.Final.jar:5.6.15.Final]
	at org.hibernate.metamodel.model.convert.internal.NamedEnumValueConverter.readValue(NamedEnumValueConverter.java:68) ~[hibernate-core-5.6.15.Final.jar:5.6.15.Final]
	at org.hibernate.type.EnumType.nullSafeGet(EnumType.java:250) ~[hibernate-core-5.6.15.Final.jar:5.6.15.Final]
	at org.hibernate.type.CustomType.nullSafeGet(CustomType.java:119) ~[hibernate-core-5.6.15.Final.jar:5.6.15.Final]
	at org.hibernate.type.AbstractType.hydrate(AbstractType.java:91) ~[hibernate-core-5.6.15.Final.jar:5.6.15.Final]
	at org.hibernate.persister.entity.AbstractEntityPersister.hydrate(AbstractEntityPersister.java:3214) ~[hibernate-core-5.6.15.Final.jar:5.6.15.Final]
	at org.hibernate.persister.entity.Loadable.hydrate(Loadable.java:94) ~[hibernate-core-5.6.15.Final.jar:5.6.15.Final]
	at org.hibernate.loader.plan.exec.process.internal.EntityReferenceInitializerImpl.loadFromResultSet(EntityReferenceInitializerImpl.java:342) ~[hibernate-core-5.6.15.Final.jar:5.6.15.Final]
	at org.hibernate.loader.plan.exec.process.internal.EntityReferenceInitializerImpl.hydrateEntityState(EntityReferenceInitializerImpl.java:269) ~[hibernate-core-5.6.15.Final.jar:5.6.15.Final]
	at org.hibernate.loader.plan.exec.process.internal.AbstractRowReader.readRow(AbstractRowReader.java:80) ~[hibernate-core-5.6.15.Final.jar:5.6.15.Final]
	at org.hibernate.loader.plan.exec.internal.EntityLoadQueryDetails$EntityLoaderRowReader.readRow(EntityLoadQueryDetails.java:288) ~[hibernate-core-5.6.15.Final.jar:5.6.15.Final]
	at org.hibernate.loader.plan.exec.process.internal.ResultSetProcessorImpl.extractRows(ResultSetProcessorImpl.java:157) ~[hibernate-core-5.6.15.Final.jar:5.6.15.Final]
	at org.hibernate.loader.plan.exec.process.internal.ResultSetProcessorImpl.extractResults(ResultSetProcessorImpl.java:94) ~[hibernate-core-5.6.15.Final.jar:5.6.15.Final]
	at org.hibernate.loader.plan.exec.internal.AbstractLoadPlanBasedLoader.executeLoad(AbstractLoadPlanBasedLoader.java:105) ~[hibernate-core-5.6.15.Final.jar:5.6.15.Final]
	at org.hibernate.loader.entity.plan.AbstractLoadPlanBasedEntityLoader.load(AbstractLoadPlanBasedEntityLoader.java:285) ~[hibernate-core-5.6.15.Final.jar:5.6.15.Final]
	at org.hibernate.persister.entity.AbstractEntityPersister.doLoad(AbstractEntityPersister.java:4550) ~[hibernate-core-5.6.15.Final.jar:5.6.15.Final]
	at org.hibernate.persister.entity.AbstractEntityPersister.load(AbstractEntityPersister.java:4540) ~[hibernate-core-5.6.15.Final.jar:5.6.15.Final]
	at org.hibernate.event.internal.DefaultLoadEventListener.loadFromDatasource(DefaultLoadEventListener.java:571) ~[hibernate-core-5.6.15.Final.jar:5.6.15.Final]
	at org.hibernate.event.internal.DefaultLoadEventListener.doLoad(DefaultLoadEventListener.java:539) ~[hibernate-core-5.6.15.Final.jar:5.6.15.Final]
	at org.hibernate.event.internal.DefaultLoadEventListener.load(DefaultLoadEventListener.java:208) ~[hibernate-core-5.6.15.Final.jar:5.6.15.Final]
	at org.hibernate.event.internal.DefaultLoadEventListener.proxyOrLoad(DefaultLoadEventListener.java:327) ~[hibernate-core-5.6.15.Final.jar:5.6.15.Final]
	at org.hibernate.event.internal.DefaultLoadEventListener.doOnLoad(DefaultLoadEventListener.java:108) ~[hibernate-core-5.6.15.Final.jar:5.6.15.Final]
	at org.hibernate.event.internal.DefaultLoadEventListener.onLoad(DefaultLoadEventListener.java:74) ~[hibernate-core-5.6.15.Final.jar:5.6.15.Final]
	at org.hibernate.event.service.internal.EventListenerGroupImpl.fireEventOnEachListener(EventListenerGroupImpl.java:118) ~[hibernate-core-5.6.15.Final.jar:5.6.15.Final]
	at org.hibernate.internal.SessionImpl.fireLoadNoChecks(SessionImpl.java:1231) ~[hibernate-core-5.6.15.Final.jar:5.6.15.Final]
	at org.hibernate.internal.SessionImpl.internalLoad(SessionImpl.java:1096) ~[hibernate-core-5.6.15.Final.jar:5.6.15.Final]
	at org.hibernate.type.EntityType.resolveIdentifier(EntityType.java:706) ~[hibernate-core-5.6.15.Final.jar:5.6.15.Final]
	at org.hibernate.type.EntityType.resolve(EntityType.java:465) ~[hibernate-core-5.6.15.Final.jar:5.6.15.Final]
	at org.hibernate.type.ManyToOneType.resolve(ManyToOneType.java:265) ~[hibernate-core-5.6.15.Final.jar:5.6.15.Final]
	at org.hibernate.engine.internal.TwoPhaseLoad$EntityResolver.lambda$static$0(TwoPhaseLoad.java:576) ~[hibernate-core-5.6.15.Final.jar:5.6.15.Final]
	at org.hibernate.engine.internal.TwoPhaseLoad.initializeEntityEntryLoadedState(TwoPhaseLoad.java:221) ~[hibernate-core-5.6.15.Final.jar:5.6.15.Final]
	at org.hibernate.engine.internal.TwoPhaseLoad.initializeEntity(TwoPhaseLoad.java:155) ~[hibernate-core-5.6.15.Final.jar:5.6.15.Final]
	at org.hibernate.engine.internal.TwoPhaseLoad.initializeEntity(TwoPhaseLoad.java:126) ~[hibernate-core-5.6.15.Final.jar:5.6.15.Final]
	at org.hibernate.loader.Loader.initializeEntitiesAndCollections(Loader.java:1201) ~[hibernate-core-5.6.15.Final.jar:5.6.15.Final]
	at org.hibernate.loader.Loader.processResultSet(Loader.java:1009) ~[hibernate-core-5.6.15.Final.jar:5.6.15.Final]
	at org.hibernate.loader.Loader.doQuery(Loader.java:967) ~[hibernate-core-5.6.15.Final.jar:5.6.15.Final]
	at org.hibernate.loader.Loader.doQueryAndInitializeNonLazyCollections(Loader.java:357) ~[hibernate-core-5.6.15.Final.jar:5.6.15.Final]
	at org.hibernate.loader.Loader.doList(Loader.java:2868) ~[hibernate-core-5.6.15.Final.jar:5.6.15.Final]
	at org.hibernate.loader.Loader.doList(Loader.java:2850) ~[hibernate-core-5.6.15.Final.jar:5.6.15.Final]
	at org.hibernate.loader.Loader.listIgnoreQueryCache(Loader.java:2682) ~[hibernate-core-5.6.15.Final.jar:5.6.15.Final]
	at org.hibernate.loader.Loader.list(Loader.java:2677) ~[hibernate-core-5.6.15.Final.jar:5.6.15.Final]
	at org.hibernate.loader.hql.QueryLoader.list(QueryLoader.java:540) ~[hibernate-core-5.6.15.Final.jar:5.6.15.Final]
	at org.hibernate.hql.internal.ast.QueryTranslatorImpl.list(QueryTranslatorImpl.java:400) ~[hibernate-core-5.6.15.Final.jar:5.6.15.Final]
	at org.hibernate.engine.query.spi.HQLQueryPlan.performList(HQLQueryPlan.java:218) ~[hibernate-core-5.6.15.Final.jar:5.6.15.Final]
	at org.hibernate.internal.SessionImpl.list(SessionImpl.java:1459) ~[hibernate-core-5.6.15.Final.jar:5.6.15.Final]
	at org.hibernate.query.internal.AbstractProducedQuery.doList(AbstractProducedQuery.java:1649) ~[hibernate-core-5.6.15.Final.jar:5.6.15.Final]
	at org.hibernate.query.internal.AbstractProducedQuery.list(AbstractProducedQuery.java:1617) ~[hibernate-core-5.6.15.Final.jar:5.6.15.Final]
	at org.hibernate.query.Query.getResultList(Query.java:165) ~[hibernate-core-5.6.15.Final.jar:5.6.15.Final]
	at org.hibernate.query.criteria.internal.compile.CriteriaQueryTypeQueryAdapter.getResultList(CriteriaQueryTypeQueryAdapter.java:76) ~[hibernate-core-5.6.15.Final.jar:5.6.15.Final]
	at org.springframework.data.jpa.repository.support.SimpleJpaRepository.findAll(SimpleJpaRepository.java:427) ~[spring-data-jpa-2.7.18.jar:2.7.18]
	at org.springframework.data.jpa.repository.support.SimpleJpaRepository.findAll(SimpleJpaRepository.java:88) ~[spring-data-jpa-2.7.18.jar:2.7.18]
	at jdk.internal.reflect.GeneratedMethodAccessor152.invoke(Unknown Source) ~[na:na]
	at java.base/jdk.internal.reflect.DelegatingMethodAccessorImpl.invoke(DelegatingMethodAccessorImpl.java:43) ~[na:na]
	at java.base/java.lang.reflect.Method.invoke(Method.java:566) ~[na:na]
	at org.springframework.data.repository.core.support.RepositoryMethodInvoker$RepositoryFragmentMethodInvoker.lambda$new$0(RepositoryMethodInvoker.java:289) ~[spring-data-commons-2.7.18.jar:2.7.18]
	at org.springframework.data.repository.core.support.RepositoryMethodInvoker.doInvoke(RepositoryMethodInvoker.java:137) ~[spring-data-commons-2.7.18.jar:2.7.18]
	at org.springframework.data.repository.core.support.RepositoryMethodInvoker.invoke(RepositoryMethodInvoker.java:121) ~[spring-data-commons-2.7.18.jar:2.7.18]
	at org.springframework.data.repository.core.support.RepositoryComposition$RepositoryFragments.invoke(RepositoryComposition.java:530) ~[spring-data-commons-2.7.18.jar:2.7.18]
	at org.springframework.data.repository.core.support.RepositoryComposition.invoke(RepositoryComposition.java:286) ~[spring-data-commons-2.7.18.jar:2.7.18]
	at org.springframework.data.repository.core.support.RepositoryFactorySupport$ImplementationMethodExecutionInterceptor.invoke(RepositoryFactorySupport.java:640) ~[spring-data-commons-2.7.18.jar:2.7.18]
	at org.springframework.aop.framework.ReflectiveMethodInvocation.proceed(ReflectiveMethodInvocation.java:186) ~[spring-aop-5.3.31.jar:5.3.31]
	at org.springframework.data.repository.core.support.QueryExecutorMethodInterceptor.doInvoke(QueryExecutorMethodInterceptor.java:164) ~[spring-data-commons-2.7.18.jar:2.7.18]
	at org.springframework.data.repository.core.support.QueryExecutorMethodInterceptor.invoke(QueryExecutorMethodInterceptor.java:139) ~[spring-data-commons-2.7.18.jar:2.7.18]
	at org.springframework.aop.framework.ReflectiveMethodInvocation.proceed(ReflectiveMethodInvocation.java:186) ~[spring-aop-5.3.31.jar:5.3.31]
	at org.springframework.data.projection.DefaultMethodInvokingMethodInterceptor.invoke(DefaultMethodInvokingMethodInterceptor.java:76) ~[spring-data-commons-2.7.18.jar:2.7.18]
	at org.springframework.aop.framework.ReflectiveMethodInvocation.proceed(ReflectiveMethodInvocation.java:186) ~[spring-aop-5.3.31.jar:5.3.31]
	at org.springframework.transaction.interceptor.TransactionInterceptor$1.proceedWithInvocation(TransactionInterceptor.java:123) ~[spring-tx-5.3.31.jar:5.3.31]
	at org.springframework.transaction.interceptor.TransactionAspectSupport.invokeWithinTransaction(TransactionAspectSupport.java:388) ~[spring-tx-5.3.31.jar:5.3.31]
	at org.springframework.transaction.interceptor.TransactionInterceptor.invoke(TransactionInterceptor.java:119) ~[spring-tx-5.3.31.jar:5.3.31]
	at org.springframework.aop.framework.ReflectiveMethodInvocation.proceed(ReflectiveMethodInvocation.java:186) ~[spring-aop-5.3.31.jar:5.3.31]
	at org.springframework.dao.support.PersistenceExceptionTranslationInterceptor.invoke(PersistenceExceptionTranslationInterceptor.java:137) ~[spring-tx-5.3.31.jar:5.3.31]
	at org.springframework.aop.framework.ReflectiveMethodInvocation.proceed(ReflectiveMethodInvocation.java:186) ~[spring-aop-5.3.31.jar:5.3.31]
	at org.springframework.data.jpa.repository.support.CrudMethodMetadataPostProcessor$CrudMethodMetadataPopulatingMethodInterceptor.invoke(CrudMethodMetadataPostProcessor.java:174) ~[spring-data-jpa-2.7.18.jar:2.7.18]
	at org.springframework.aop.framework.ReflectiveMethodInvocation.proceed(ReflectiveMethodInvocation.java:186) ~[spring-aop-5.3.31.jar:5.3.31]
	at org.springframework.aop.interceptor.ExposeInvocationInterceptor.invoke(ExposeInvocationInterceptor.java:97) ~[spring-aop-5.3.31.jar:5.3.31]
	at org.springframework.aop.framework.ReflectiveMethodInvocation.proceed(ReflectiveMethodInvocation.java:186) ~[spring-aop-5.3.31.jar:5.3.31]
	at org.springframework.aop.framework.JdkDynamicAopProxy.invoke(JdkDynamicAopProxy.java:241) ~[spring-aop-5.3.31.jar:5.3.31]
	at com.sun.proxy.$Proxy137.findAll(Unknown Source) ~[na:na]
	at com.casavida.backend.controllers.VentaController.getAllContratos(VentaController.java:207) ~[classes/:na]
	at com.casavida.backend.controllers.VentaController$$FastClassBySpringCGLIB$$367f8f2.invoke(<generated>) ~[classes/:na]
	at org.springframework.cglib.proxy.MethodProxy.invoke(MethodProxy.java:218) ~[spring-core-5.3.31.jar:5.3.31]
	at org.springframework.aop.framework.CglibAopProxy$CglibMethodInvocation.invokeJoinpoint(CglibAopProxy.java:792) ~[spring-aop-5.3.31.jar:5.3.31]
	at org.springframework.aop.framework.ReflectiveMethodInvocation.proceed(ReflectiveMethodInvocation.java:163) ~[spring-aop-5.3.31.jar:5.3.31]
	at org.springframework.aop.framework.CglibAopProxy$CglibMethodInvocation.proceed(CglibAopProxy.java:762) ~[spring-aop-5.3.31.jar:5.3.31]
	at org.springframework.security.access.intercept.aopalliance.MethodSecurityInterceptor.invoke(MethodSecurityInterceptor.java:61) ~[spring-security-core-5.7.11.jar:5.7.11]
	at org.springframework.aop.framework.ReflectiveMethodInvocation.proceed(ReflectiveMethodInvocation.java:186) ~[spring-aop-5.3.31.jar:5.3.31]
	at org.springframework.aop.framework.CglibAopProxy$CglibMethodInvocation.proceed(CglibAopProxy.java:762) ~[spring-aop-5.3.31.jar:5.3.31]
	at org.springframework.aop.framework.CglibAopProxy$DynamicAdvisedInterceptor.intercept(CglibAopProxy.java:707) ~[spring-aop-5.3.31.jar:5.3.31]
	at com.casavida.backend.controllers.VentaController$$EnhancerBySpringCGLIB$$7c683f9d.getAllContratos(<generated>) ~[classes/:na]
	at java.base/jdk.internal.reflect.NativeMethodAccessorImpl.invoke0(Native Method) ~[na:na]
	at java.base/jdk.internal.reflect.NativeMethodAccessorImpl.invoke(NativeMethodAccessorImpl.java:62) ~[na:na]
	at java.base/jdk.internal.reflect.DelegatingMethodAccessorImpl.invoke(DelegatingMethodAccessorImpl.java:43) ~[na:na]
	at java.base/java.lang.reflect.Method.invoke(Method.java:566) ~[na:na]
	at org.springframework.web.method.support.InvocableHandlerMethod.doInvoke(InvocableHandlerMethod.java:205) ~[spring-web-5.3.31.jar:5.3.31]
	at org.springframework.web.method.support.InvocableHandlerMethod.invokeForRequest(InvocableHandlerMethod.java:150) ~[spring-web-5.3.31.jar:5.3.31]
	at org.springframework.web.servlet.mvc.method.annotation.ServletInvocableHandlerMethod.invokeAndHandle(ServletInvocableHandlerMethod.java:117) ~[spring-webmvc-5.3.31.jar:5.3.31]
	at org.springframework.web.servlet.mvc.method.annotation.RequestMappingHandlerAdapter.invokeHandlerMethod(RequestMappingHandlerAdapter.java:895) ~[spring-webmvc-5.3.31.jar:5.3.31]
	at org.springframework.web.servlet.mvc.method.annotation.RequestMappingHandlerAdapter.handleInternal(RequestMappingHandlerAdapter.java:808) ~[spring-webmvc-5.3.31.jar:5.3.31]
	at org.springframework.web.servlet.mvc.method.AbstractHandlerMethodAdapter.handle(AbstractHandlerMethodAdapter.java:87) ~[spring-webmvc-5.3.31.jar:5.3.31]
	at org.springframework.web.servlet.DispatcherServlet.doDispatch(DispatcherServlet.java:1072) ~[spring-webmvc-5.3.31.jar:5.3.31]
	at org.springframework.web.servlet.DispatcherServlet.doService(DispatcherServlet.java:965) ~[spring-webmvc-5.3.31.jar:5.3.31]
	at org.springframework.web.servlet.FrameworkServlet.processRequest(FrameworkServlet.java:1006) ~[spring-webmvc-5.3.31.jar:5.3.31]
	at org.springframework.web.servlet.FrameworkServlet.doGet(FrameworkServlet.java:898) ~[spring-webmvc-5.3.31.jar:5.3.31]
	at javax.servlet.http.HttpServlet.service(HttpServlet.java:529) ~[tomcat-embed-core-9.0.83.jar:4.0.FR]
	at org.springframework.web.servlet.FrameworkServlet.service(FrameworkServlet.java:883) ~[spring-webmvc-5.3.31.jar:5.3.31]
	at javax.servlet.http.HttpServlet.service(HttpServlet.java:623) ~[tomcat-embed-core-9.0.83.jar:4.0.FR]
	at org.apache.catalina.core.ApplicationFilterChain.internalDoFilter(ApplicationFilterChain.java:209) ~[tomcat-embed-core-9.0.83.jar:9.0.83]
	at org.apache.catalina.core.ApplicationFilterChain.doFilter(ApplicationFilterChain.java:153) ~[tomcat-embed-core-9.0.83.jar:9.0.83]
	at org.apache.tomcat.websocket.server.WsFilter.doFilter(WsFilter.java:51) ~[tomcat-embed-websocket-9.0.83.jar:9.0.83]
	at org.apache.catalina.core.ApplicationFilterChain.internalDoFilter(ApplicationFilterChain.java:178) ~[tomcat-embed-core-9.0.83.jar:9.0.83]
	at org.apache.catalina.core.ApplicationFilterChain.doFilter(ApplicationFilterChain.java:153) ~[tomcat-embed-core-9.0.83.jar:9.0.83]
	at org.springframework.web.filter.OncePerRequestFilter.doFilter(OncePerRequestFilter.java:111) ~[spring-web-5.3.31.jar:5.3.31]
	at org.apache.catalina.core.ApplicationFilterChain.internalDoFilter(ApplicationFilterChain.java:178) ~[tomcat-embed-core-9.0.83.jar:9.0.83]
	at org.apache.catalina.core.ApplicationFilterChain.doFilter(ApplicationFilterChain.java:153) ~[tomcat-embed-core-9.0.83.jar:9.0.83]
	at org.springframework.security.web.FilterChainProxy$VirtualFilterChain.doFilter(FilterChainProxy.java:337) ~[spring-security-web-5.7.11.jar:5.7.11]
	at org.springframework.security.web.access.intercept.FilterSecurityInterceptor.invoke(FilterSecurityInterceptor.java:115) ~[spring-security-web-5.7.11.jar:5.7.11]
	at org.springframework.security.web.access.intercept.FilterSecurityInterceptor.doFilter(FilterSecurityInterceptor.java:81) ~[spring-security-web-5.7.11.jar:5.7.11]
	at org.springframework.security.web.FilterChainProxy$VirtualFilterChain.doFilter(FilterChainProxy.java:346) ~[spring-security-web-5.7.11.jar:5.7.11]
	at org.springframework.security.web.access.ExceptionTranslationFilter.doFilter(ExceptionTranslationFilter.java:122) ~[spring-security-web-5.7.11.jar:5.7.11]
	at org.springframework.security.web.access.ExceptionTranslationFilter.doFilter(ExceptionTranslationFilter.java:116) ~[spring-security-web-5.7.11.jar:5.7.11]
	at org.springframework.security.web.FilterChainProxy$VirtualFilterChain.doFilter(FilterChainProxy.java:346) ~[spring-security-web-5.7.11.jar:5.7.11]
	at org.springframework.security.web.session.SessionManagementFilter.doFilter(SessionManagementFilter.java:126) ~[spring-security-web-5.7.11.jar:5.7.11]
	at org.springframework.security.web.session.SessionManagementFilter.doFilter(SessionManagementFilter.java:81) ~[spring-security-web-5.7.11.jar:5.7.11]
	at org.springframework.security.web.FilterChainProxy$VirtualFilterChain.doFilter(FilterChainProxy.java:346) ~[spring-security-web-5.7.11.jar:5.7.11]
	at org.springframework.security.web.authentication.AnonymousAuthenticationFilter.doFilter(AnonymousAuthenticationFilter.java:109) ~[spring-security-web-5.7.11.jar:5.7.11]
	at org.springframework.security.web.FilterChainProxy$VirtualFilterChain.doFilter(FilterChainProxy.java:346) ~[spring-security-web-5.7.11.jar:5.7.11]
	at org.springframework.security.web.servletapi.SecurityContextHolderAwareRequestFilter.doFilter(SecurityContextHolderAwareRequestFilter.java:149) ~[spring-security-web-5.7.11.jar:5.7.11]
	at org.springframework.security.web.FilterChainProxy$VirtualFilterChain.doFilter(FilterChainProxy.java:346) ~[spring-security-web-5.7.11.jar:5.7.11]
	at org.springframework.security.web.savedrequest.RequestCacheAwareFilter.doFilter(RequestCacheAwareFilter.java:63) ~[spring-security-web-5.7.11.jar:5.7.11]
	at org.springframework.security.web.FilterChainProxy$VirtualFilterChain.doFilter(FilterChainProxy.java:346) ~[spring-security-web-5.7.11.jar:5.7.11]
	at com.casavida.backend.security.jwt.AuthTokenFilter.doFilterInternal(AuthTokenFilter.java:50) ~[classes/:na]
	at org.springframework.web.filter.OncePerRequestFilter.doFilter(OncePerRequestFilter.java:117) ~[spring-web-5.3.31.jar:5.3.31]
	at org.springframework.security.web.FilterChainProxy$VirtualFilterChain.doFilter(FilterChainProxy.java:346) ~[spring-security-web-5.7.11.jar:5.7.11]
	at org.springframework.security.web.authentication.logout.LogoutFilter.doFilter(LogoutFilter.java:103) ~[spring-security-web-5.7.11.jar:5.7.11]
	at org.springframework.security.web.authentication.logout.LogoutFilter.doFilter(LogoutFilter.java:89) ~[spring-security-web-5.7.11.jar:5.7.11]
	at org.springframework.security.web.FilterChainProxy$VirtualFilterChain.doFilter(FilterChainProxy.java:346) ~[spring-security-web-5.7.11.jar:5.7.11]
	at org.springframework.web.filter.CorsFilter.doFilterInternal(CorsFilter.java:91) ~[spring-web-5.3.31.jar:5.3.31]
	at org.springframework.web.filter.OncePerRequestFilter.doFilter(OncePerRequestFilter.java:117) ~[spring-web-5.3.31.jar:5.3.31]
	at org.springframework.security.web.FilterChainProxy$VirtualFilterChain.doFilter(FilterChainProxy.java:346) ~[spring-security-web-5.7.11.jar:5.7.11]
	at org.springframework.security.web.header.HeaderWriterFilter.doHeadersAfter(HeaderWriterFilter.java:90) ~[spring-security-web-5.7.11.jar:5.7.11]
	at org.springframework.security.web.header.HeaderWriterFilter.doFilterInternal(HeaderWriterFilter.java:75) ~[spring-security-web-5.7.11.jar:5.7.11]
	at org.springframework.web.filter.OncePerRequestFilter.doFilter(OncePerRequestFilter.java:117) ~[spring-web-5.3.31.jar:5.3.31]
	at org.springframework.security.web.FilterChainProxy$VirtualFilterChain.doFilter(FilterChainProxy.java:346) ~[spring-security-web-5.7.11.jar:5.7.11]
	at org.springframework.security.web.context.SecurityContextPersistenceFilter.doFilter(SecurityContextPersistenceFilter.java:112) ~[spring-security-web-5.7.11.jar:5.7.11]
	at org.springframework.security.web.context.SecurityContextPersistenceFilter.doFilter(SecurityContextPersistenceFilter.java:82) ~[spring-security-web-5.7.11.jar:5.7.11]
	at org.springframework.security.web.FilterChainProxy$VirtualFilterChain.doFilter(FilterChainProxy.java:346) ~[spring-security-web-5.7.11.jar:5.7.11]
	at org.springframework.security.web.context.request.async.WebAsyncManagerIntegrationFilter.doFilterInternal(WebAsyncManagerIntegrationFilter.java:55) ~[spring-security-web-5.7.11.jar:5.7.11]
	at org.springframework.web.filter.OncePerRequestFilter.doFilter(OncePerRequestFilter.java:117) ~[spring-web-5.3.31.jar:5.3.31]
	at org.springframework.security.web.FilterChainProxy$VirtualFilterChain.doFilter(FilterChainProxy.java:346) ~[spring-security-web-5.7.11.jar:5.7.11]
	at org.springframework.security.web.session.DisableEncodeUrlFilter.doFilterInternal(DisableEncodeUrlFilter.java:42) ~[spring-security-web-5.7.11.jar:5.7.11]
	at org.springframework.web.filter.OncePerRequestFilter.doFilter(OncePerRequestFilter.java:117) ~[spring-web-5.3.31.jar:5.3.31]
	at org.springframework.security.web.FilterChainProxy$VirtualFilterChain.doFilter(FilterChainProxy.java:346) ~[spring-security-web-5.7.11.jar:5.7.11]
	at org.springframework.security.web.FilterChainProxy.doFilterInternal(FilterChainProxy.java:221) ~[spring-security-web-5.7.11.jar:5.7.11]
	at org.springframework.security.web.FilterChainProxy.doFilter(FilterChainProxy.java:186) ~[spring-security-web-5.7.11.jar:5.7.11]
	at org.springframework.web.filter.DelegatingFilterProxy.invokeDelegate(DelegatingFilterProxy.java:354) ~[spring-web-5.3.31.jar:5.3.31]
	at org.springframework.web.filter.DelegatingFilterProxy.doFilter(DelegatingFilterProxy.java:267) ~[spring-web-5.3.31.jar:5.3.31]
	at org.apache.catalina.core.ApplicationFilterChain.internalDoFilter(ApplicationFilterChain.java:178) ~[tomcat-embed-core-9.0.83.jar:9.0.83]
	at org.apache.catalina.core.ApplicationFilterChain.doFilter(ApplicationFilterChain.java:153) ~[tomcat-embed-core-9.0.83.jar:9.0.83]
	at org.springframework.web.filter.RequestContextFilter.doFilterInternal(RequestContextFilter.java:100) ~[spring-web-5.3.31.jar:5.3.31]
	at org.springframework.web.filter.OncePerRequestFilter.doFilter(OncePerRequestFilter.java:117) ~[spring-web-5.3.31.jar:5.3.31]
	at org.apache.catalina.core.ApplicationFilterChain.internalDoFilter(ApplicationFilterChain.java:178) ~[tomcat-embed-core-9.0.83.jar:9.0.83]
	at org.apache.catalina.core.ApplicationFilterChain.doFilter(ApplicationFilterChain.java:153) ~[tomcat-embed-core-9.0.83.jar:9.0.83]
	at org.springframework.web.filter.FormContentFilter.doFilterInternal(FormContentFilter.java:93) ~[spring-web-5.3.31.jar:5.3.31]
	at org.springframework.web.filter.OncePerRequestFilter.doFilter(OncePerRequestFilter.java:117) ~[spring-web-5.3.31.jar:5.3.31]
	at org.apache.catalina.core.ApplicationFilterChain.internalDoFilter(ApplicationFilterChain.java:178) ~[tomcat-embed-core-9.0.83.jar:9.0.83]
	at org.apache.catalina.core.ApplicationFilterChain.doFilter(ApplicationFilterChain.java:153) ~[tomcat-embed-core-9.0.83.jar:9.0.83]
	at org.springframework.web.filter.CharacterEncodingFilter.doFilterInternal(CharacterEncodingFilter.java:201) ~[spring-web-5.3.31.jar:5.3.31]
	at org.springframework.web.filter.OncePerRequestFilter.doFilter(OncePerRequestFilter.java:117) ~[spring-web-5.3.31.jar:5.3.31]
	at org.apache.catalina.core.ApplicationFilterChain.internalDoFilter(ApplicationFilterChain.java:178) ~[tomcat-embed-core-9.0.83.jar:9.0.83]
	at org.apache.catalina.core.ApplicationFilterChain.doFilter(ApplicationFilterChain.java:153) ~[tomcat-embed-core-9.0.83.jar:9.0.83]
	at org.springframework.web.filter.CorsFilter.doFilterInternal(CorsFilter.java:91) ~[spring-web-5.3.31.jar:5.3.31]
	at org.springframework.web.filter.OncePerRequestFilter.doFilter(OncePerRequestFilter.java:117) ~[spring-web-5.3.31.jar:5.3.31]
	at org.apache.catalina.core.ApplicationFilterChain.internalDoFilter(ApplicationFilterChain.java:178) ~[tomcat-embed-core-9.0.83.jar:9.0.83]
	at org.apache.catalina.core.ApplicationFilterChain.doFilter(ApplicationFilterChain.java:153) ~[tomcat-embed-core-9.0.83.jar:9.0.83]
	at org.apache.catalina.core.StandardWrapperValve.invoke(StandardWrapperValve.java:168) ~[tomcat-embed-core-9.0.83.jar:9.0.83]
	at org.apache.catalina.core.StandardContextValve.invoke(StandardContextValve.java:90) ~[tomcat-embed-core-9.0.83.jar:9.0.83]
	at org.apache.catalina.authenticator.AuthenticatorBase.invoke(AuthenticatorBase.java:481) ~[tomcat-embed-core-9.0.83.jar:9.0.83]
	at org.apache.catalina.core.StandardHostValve.invoke(StandardHostValve.java:130) ~[tomcat-embed-core-9.0.83.jar:9.0.83]
	at org.apache.catalina.valves.ErrorReportValve.invoke(ErrorReportValve.java:93) ~[tomcat-embed-core-9.0.83.jar:9.0.83]
	at org.apache.catalina.core.StandardEngineValve.invoke(StandardEngineValve.java:74) ~[tomcat-embed-core-9.0.83.jar:9.0.83]
	at org.apache.catalina.connector.CoyoteAdapter.service(CoyoteAdapter.java:342) ~[tomcat-embed-core-9.0.83.jar:9.0.83]
	at org.apache.coyote.http11.Http11Processor.service(Http11Processor.java:390) ~[tomcat-embed-core-9.0.83.jar:9.0.83]
	at org.apache.coyote.AbstractProcessorLight.process(AbstractProcessorLight.java:63) ~[tomcat-embed-core-9.0.83.jar:9.0.83]
	at org.apache.coyote.AbstractProtocol$ConnectionHandler.process(AbstractProtocol.java:928) ~[tomcat-embed-core-9.0.83.jar:9.0.83]
	at org.apache.tomcat.util.net.NioEndpoint$SocketProcessor.doRun(NioEndpoint.java:1794) ~[tomcat-embed-core-9.0.83.jar:9.0.83]
	at org.apache.tomcat.util.net.SocketProcessorBase.run(SocketProcessorBase.java:52) ~[tomcat-embed-core-9.0.83.jar:9.0.83]
	at org.apache.tomcat.util.threads.ThreadPoolExecutor.runWorker(ThreadPoolExecutor.java:1191) ~[tomcat-embed-core-9.0.83.jar:9.0.83]
	at org.apache.tomcat.util.threads.ThreadPoolExecutor$Worker.run(ThreadPoolExecutor.java:659) ~[tomcat-embed-core-9.0.83.jar:9.0.83]
	at org.apache.tomcat.util.threads.TaskThread$WrappingRunnable.run(TaskThread.java:61) ~[tomcat-embed-core-9.0.83.jar:9.0.83]
	at java.base/java.lang.Thread.run(Thread.java:834) ~[na:na]

2026-02-20 18:51:53.722 DEBUG 8472 --- [io-8080-exec-10] o.s.web.servlet.DispatcherServlet        : "ERROR" dispatch for GET "/error", parameters={}
2026-02-20 18:51:53.723 DEBUG 8472 --- [io-8080-exec-10] s.w.s.m.m.a.RequestMappingHandlerMapping : Mapped to org.springframework.boot.autoconfigure.web.servlet.error.BasicErrorController#error(HttpServletRequest)
2026-02-20 18:51:53.732 DEBUG 8472 --- [io-8080-exec-10] o.s.w.s.m.m.a.HttpEntityMethodProcessor  : Using 'application/json', given [application/json, text/plain, */*] and supported [application/json, application/*+json, application/json, application/*+json]
2026-02-20 18:51:53.733 DEBUG 8472 --- [nio-8080-exec-7] o.s.web.servlet.DispatcherServlet        : Failed to complete request: org.springframework.security.access.AccessDeniedException: Access is denied
2026-02-20 18:51:53.734 DEBUG 8472 --- [io-8080-exec-10] o.s.w.s.m.m.a.HttpEntityMethodProcessor  : Writing [{timestamp=Fri Feb 20 18:51:53 CST 2026, status=500, error=Internal Server Error, path=/api/ventas/c (truncated)...]
2026-02-20 18:51:53.739 DEBUG 8472 --- [io-8080-exec-10] o.s.web.servlet.DispatcherServlet        : Exiting from "ERROR" dispatch, status 500
2026-02-20 18:51:54.105 DEBUG 8472 --- [nio-8080-exec-3] s.w.s.m.m.a.RequestMappingHandlerMapping : Mapped to com.casavida.backend.controllers.FraccionamientoController#getAllFraccionamientos()
2026-02-20 18:51:54.133 DEBUG 8472 --- [nio-8080-exec-9] s.w.s.m.m.a.RequestMappingHandlerMapping : Mapped to com.casavida.backend.controllers.LoteController#getAvailableLotes(Long, String, String)
2026-02-20 18:51:54.192 DEBUG 8472 --- [nio-8080-exec-3] org.hibernate.SQL                        : select user0_.id as id1_15_, user0_.created_at as created_2_15_, user0_.email as email3_15_, user0_.password as password4_15_, user0_.username as username5_15_ from users user0_ where user0_.username=?
Hibernate: select user0_.id as id1_15_, user0_.created_at as created_2_15_, user0_.email as email3_15_, user0_.password as password4_15_, user0_.username as username5_15_ from users user0_ where user0_.username=?
2026-02-20 18:51:54.193 TRACE 8472 --- [nio-8080-exec-3] o.h.type.descriptor.sql.BasicBinder      : binding parameter [1] as [VARCHAR] - [admin]
2026-02-20 18:51:54.195 DEBUG 8472 --- [nio-8080-exec-3] org.hibernate.SQL                        : select roles0_.user_id as user_id1_14_0_, roles0_.role_id as role_id2_14_0_, role1_.id as id1_13_1_, role1_.name as name2_13_1_ from user_roles roles0_ inner join roles role1_ on roles0_.role_id=role1_.id where roles0_.user_id=?
Hibernate: select roles0_.user_id as user_id1_14_0_, roles0_.role_id as role_id2_14_0_, role1_.id as id1_13_1_, role1_.name as name2_13_1_ from user_roles roles0_ inner join roles role1_ on roles0_.role_id=role1_.id where roles0_.user_id=?
2026-02-20 18:51:54.195 TRACE 8472 --- [nio-8080-exec-3] o.h.type.descriptor.sql.BasicBinder      : binding parameter [1] as [BIGINT] - [1]
2026-02-20 18:51:54.196 DEBUG 8472 --- [nio-8080-exec-9] org.hibernate.SQL                        : select user0_.id as id1_15_, user0_.created_at as created_2_15_, user0_.email as email3_15_, user0_.password as password4_15_, user0_.username as username5_15_ from users user0_ where user0_.username=?
Hibernate: select user0_.id as id1_15_, user0_.created_at as created_2_15_, user0_.email as email3_15_, user0_.password as password4_15_, user0_.username as username5_15_ from users user0_ where user0_.username=?
2026-02-20 18:51:54.199 TRACE 8472 --- [nio-8080-exec-9] o.h.type.descriptor.sql.BasicBinder      : binding parameter [1] as [VARCHAR] - [admin]
2026-02-20 18:51:54.199 DEBUG 8472 --- [nio-8080-exec-3] o.s.web.servlet.DispatcherServlet        : GET "/api/fraccionamientos/public", parameters={}
2026-02-20 18:51:54.200 DEBUG 8472 --- [nio-8080-exec-3] s.w.s.m.m.a.RequestMappingHandlerMapping : Mapped to com.casavida.backend.controllers.FraccionamientoController#getAllFraccionamientos()
2026-02-20 18:51:54.200 DEBUG 8472 --- [nio-8080-exec-9] org.hibernate.SQL                        : select roles0_.user_id as user_id1_14_0_, roles0_.role_id as role_id2_14_0_, role1_.id as id1_13_1_, role1_.name as name2_13_1_ from user_roles roles0_ inner join roles role1_ on roles0_.role_id=role1_.id where roles0_.user_id=?
Hibernate: select roles0_.user_id as user_id1_14_0_, roles0_.role_id as role_id2_14_0_, role1_.id as id1_13_1_, role1_.name as name2_13_1_ from user_roles roles0_ inner join roles role1_ on roles0_.role_id=role1_.id where roles0_.user_id=?
2026-02-20 18:51:54.201 TRACE 8472 --- [nio-8080-exec-9] o.h.type.descriptor.sql.BasicBinder      : binding parameter [1] as [BIGINT] - [1]
2026-02-20 18:51:54.201 DEBUG 8472 --- [nio-8080-exec-3] org.hibernate.SQL                        : select fraccionam0_.id as id1_4_, fraccionam0_.coordenadas_geo as coordena2_4_, fraccionam0_.descripcion as descripc3_4_, fraccionam0_.logo_url as logo_url4_4_, fraccionam0_.nombre as nombre5_4_, fraccionam0_.poligono_delimitador as poligono6_4_, fraccionam0_.ubicacion as ubicacio7_4_ from fraccionamientos fraccionam0_
Hibernate: select fraccionam0_.id as id1_4_, fraccionam0_.coordenadas_geo as coordena2_4_, fraccionam0_.descripcion as descripc3_4_, fraccionam0_.logo_url as logo_url4_4_, fraccionam0_.nombre as nombre5_4_, fraccionam0_.poligono_delimitador as poligono6_4_, fraccionam0_.ubicacion as ubicacio7_4_ from fraccionamientos fraccionam0_
2026-02-20 18:51:54.202 DEBUG 8472 --- [nio-8080-exec-3] m.m.a.RequestResponseBodyMethodProcessor : Using 'application/json', given [application/json, text/plain, */*] and supported [application/json, application/*+json, application/json, application/*+json]
2026-02-20 18:51:54.203 DEBUG 8472 --- [nio-8080-exec-3] m.m.a.RequestResponseBodyMethodProcessor : Writing [[Fraccionamiento(id=1, nombre=Residencial Las Palmas, ubicacion=Cancún, Quintana Roo, descripcion=Ex (truncated)...]
2026-02-20 18:51:54.205 DEBUG 8472 --- [nio-8080-exec-9] o.s.web.servlet.DispatcherServlet        : GET "/api/lotes/public?sortDir=asc", parameters={masked}
2026-02-20 18:51:54.206 DEBUG 8472 --- [nio-8080-exec-3] o.s.web.servlet.DispatcherServlet        : Completed 200 OK
2026-02-20 18:51:54.206 DEBUG 8472 --- [nio-8080-exec-9] s.w.s.m.m.a.RequestMappingHandlerMapping : Mapped to com.casavida.backend.controllers.LoteController#getAvailableLotes(Long, String, String)
2026-02-20 18:51:54.212 DEBUG 8472 --- [nio-8080-exec-9] org.hibernate.SQL                        : select lote0_.id as id1_7_, lote0_.area_metros_cuadrados as area_met2_7_, lote0_.coordenadas_geo as coordena3_7_, lote0_.descripcion as descripc4_7_, lote0_.estatus as estatus5_7_, lote0_.fraccionamiento_id as fraccio12_7_, lote0_.imagen_url as imagen_u6_7_, lote0_.manzana as manzana7_7_, lote0_.notas as notas8_7_, lote0_.numero_lote as numero_l9_7_, lote0_.plano_coordinates as plano_c10_7_, lote0_.precio_total as precio_11_7_ from lotes lote0_ left outer join fraccionamientos fraccionam1_ on lote0_.fraccionamiento_id=fraccionam1_.id where lote0_.estatus=? and (? is null or (fraccionam1_.id is not null) and fraccionam1_.id=?) and (? is null or (fraccionam1_.id is not null) and (lower(fraccionam1_.ubicacion) like lower(('%'||?||'%')))) order by lote0_.precio_total asc
Hibernate: select lote0_.id as id1_7_, lote0_.area_metros_cuadrados as area_met2_7_, lote0_.coordenadas_geo as coordena3_7_, lote0_.descripcion as descripc4_7_, lote0_.estatus as estatus5_7_, lote0_.fraccionamiento_id as fraccio12_7_, lote0_.imagen_url as imagen_u6_7_, lote0_.manzana as manzana7_7_, lote0_.notas as notas8_7_, lote0_.numero_lote as numero_l9_7_, lote0_.plano_coordinates as plano_c10_7_, lote0_.precio_total as precio_11_7_ from lotes lote0_ left outer join fraccionamientos fraccionam1_ on lote0_.fraccionamiento_id=fraccionam1_.id where lote0_.estatus=? and (? is null or (fraccionam1_.id is not null) and fraccionam1_.id=?) and (? is null or (fraccionam1_.id is not null) and (lower(fraccionam1_.ubicacion) like lower(('%'||?||'%')))) order by lote0_.precio_total asc
2026-02-20 18:51:54.216 TRACE 8472 --- [nio-8080-exec-9] o.h.type.descriptor.sql.BasicBinder      : binding parameter [1] as [VARCHAR] - [DISPONIBLE]
2026-02-20 18:51:54.217 TRACE 8472 --- [nio-8080-exec-9] o.h.type.descriptor.sql.BasicBinder      : binding parameter [2] as [BIGINT] - [null]
2026-02-20 18:51:54.217 TRACE 8472 --- [nio-8080-exec-9] o.h.type.descriptor.sql.BasicBinder      : binding parameter [3] as [BIGINT] - [null]
2026-02-20 18:51:54.217 TRACE 8472 --- [nio-8080-exec-9] o.h.type.descriptor.sql.BasicBinder      : binding parameter [4] as [VARCHAR] - [null]
2026-02-20 18:51:54.217 TRACE 8472 --- [nio-8080-exec-9] o.h.type.descriptor.sql.BasicBinder      : binding parameter [5] as [VARCHAR] - [null]
2026-02-20 18:51:54.219 DEBUG 8472 --- [nio-8080-exec-9] m.m.a.RequestResponseBodyMethodProcessor : Using 'application/json', given [application/json, text/plain, */*] and supported [application/json, application/*+json, application/json, application/*+json]
2026-02-20 18:51:54.219 DEBUG 8472 --- [nio-8080-exec-9] m.m.a.RequestResponseBodyMethodProcessor : Writing [[]]
2026-02-20 18:51:54.220 DEBUG 8472 --- [nio-8080-exec-9] o.s.web.servlet.DispatcherServlet        : Completed 200 OK
2026-02-20 18:56:19.413 DEBUG 8472 --- [nio-8080-exec-7] s.w.s.m.m.a.RequestMappingHandlerMapping : Mapped to com.casavida.backend.controllers.FraccionamientoController#getAllFraccionamientos()
2026-02-20 18:56:19.413 DEBUG 8472 --- [nio-8080-exec-6] s.w.s.m.m.a.RequestMappingHandlerMapping : Mapped to com.casavida.backend.controllers.LoteController#getAvailableLotes(Long, String, String)
2026-02-20 18:56:19.479 DEBUG 8472 --- [nio-8080-exec-7] org.hibernate.SQL                        : select user0_.id as id1_15_, user0_.created_at as created_2_15_, user0_.email as email3_15_, user0_.password as password4_15_, user0_.username as username5_15_ from users user0_ where user0_.username=?
2026-02-20 18:56:19.479 DEBUG 8472 --- [nio-8080-exec-6] org.hibernate.SQL                        : select user0_.id as id1_15_, user0_.created_at as created_2_15_, user0_.email as email3_15_, user0_.password as password4_15_, user0_.username as username5_15_ from users user0_ where user0_.username=?
Hibernate: select user0_.id as id1_15_, user0_.created_at as created_2_15_, user0_.email as email3_15_, user0_.password as password4_15_, user0_.username as username5_15_ from users user0_ where user0_.username=?
Hibernate: select user0_.id as id1_15_, user0_.created_at as created_2_15_, user0_.email as email3_15_, user0_.password as password4_15_, user0_.username as username5_15_ from users user0_ where user0_.username=?
2026-02-20 18:56:19.484 TRACE 8472 --- [nio-8080-exec-7] o.h.type.descriptor.sql.BasicBinder      : binding parameter [1] as [VARCHAR] - [admin]
2026-02-20 18:56:19.484 TRACE 8472 --- [nio-8080-exec-6] o.h.type.descriptor.sql.BasicBinder      : binding parameter [1] as [VARCHAR] - [admin]
2026-02-20 18:56:19.497 DEBUG 8472 --- [nio-8080-exec-6] org.hibernate.SQL                        : select roles0_.user_id as user_id1_14_0_, roles0_.role_id as role_id2_14_0_, role1_.id as id1_13_1_, role1_.name as name2_13_1_ from user_roles roles0_ inner join roles role1_ on roles0_.role_id=role1_.id where roles0_.user_id=?
Hibernate: select roles0_.user_id as user_id1_14_0_, roles0_.role_id as role_id2_14_0_, role1_.id as id1_13_1_, role1_.name as name2_13_1_ from user_roles roles0_ inner join roles role1_ on roles0_.role_id=role1_.id where roles0_.user_id=?
2026-02-20 18:56:19.497 DEBUG 8472 --- [nio-8080-exec-7] org.hibernate.SQL                        : select roles0_.user_id as user_id1_14_0_, roles0_.role_id as role_id2_14_0_, role1_.id as id1_13_1_, role1_.name as name2_13_1_ from user_roles roles0_ inner join roles role1_ on roles0_.role_id=role1_.id where roles0_.user_id=?
Hibernate: select roles0_.user_id as user_id1_14_0_, roles0_.role_id as role_id2_14_0_, role1_.id as id1_13_1_, role1_.name as name2_13_1_ from user_roles roles0_ inner join roles role1_ on roles0_.role_id=role1_.id where roles0_.user_id=?
2026-02-20 18:56:19.497 TRACE 8472 --- [nio-8080-exec-6] o.h.type.descriptor.sql.BasicBinder      : binding parameter [1] as [BIGINT] - [1]
2026-02-20 18:56:19.497 TRACE 8472 --- [nio-8080-exec-7] o.h.type.descriptor.sql.BasicBinder      : binding parameter [1] as [BIGINT] - [1]
2026-02-20 18:56:19.513 DEBUG 8472 --- [nio-8080-exec-6] o.s.web.servlet.DispatcherServlet        : GET "/api/lotes/public?sortDir=asc", parameters={masked}
2026-02-20 18:56:19.513 DEBUG 8472 --- [nio-8080-exec-7] o.s.web.servlet.DispatcherServlet        : GET "/api/fraccionamientos/public", parameters={}
2026-02-20 18:56:19.514 DEBUG 8472 --- [nio-8080-exec-6] s.w.s.m.m.a.RequestMappingHandlerMapping : Mapped to com.casavida.backend.controllers.LoteController#getAvailableLotes(Long, String, String)
2026-02-20 18:56:19.514 DEBUG 8472 --- [nio-8080-exec-7] s.w.s.m.m.a.RequestMappingHandlerMapping : Mapped to com.casavida.backend.controllers.FraccionamientoController#getAllFraccionamientos()
2026-02-20 18:56:19.522 DEBUG 8472 --- [nio-8080-exec-7] org.hibernate.SQL                        : select fraccionam0_.id as id1_4_, fraccionam0_.coordenadas_geo as coordena2_4_, fraccionam0_.descripcion as descripc3_4_, fraccionam0_.logo_url as logo_url4_4_, fraccionam0_.nombre as nombre5_4_, fraccionam0_.poligono_delimitador as poligono6_4_, fraccionam0_.ubicacion as ubicacio7_4_ from fraccionamientos fraccionam0_
Hibernate: select fraccionam0_.id as id1_4_, fraccionam0_.coordenadas_geo as coordena2_4_, fraccionam0_.descripcion as descripc3_4_, fraccionam0_.logo_url as logo_url4_4_, fraccionam0_.nombre as nombre5_4_, fraccionam0_.poligono_delimitador as poligono6_4_, fraccionam0_.ubicacion as ubicacio7_4_ from fraccionamientos fraccionam0_
2026-02-20 18:56:19.523 DEBUG 8472 --- [nio-8080-exec-6] org.hibernate.SQL                        : select lote0_.id as id1_7_, lote0_.area_metros_cuadrados as area_met2_7_, lote0_.coordenadas_geo as coordena3_7_, lote0_.descripcion as descripc4_7_, lote0_.estatus as estatus5_7_, lote0_.fraccionamiento_id as fraccio12_7_, lote0_.imagen_url as imagen_u6_7_, lote0_.manzana as manzana7_7_, lote0_.notas as notas8_7_, lote0_.numero_lote as numero_l9_7_, lote0_.plano_coordinates as plano_c10_7_, lote0_.precio_total as precio_11_7_ from lotes lote0_ left outer join fraccionamientos fraccionam1_ on lote0_.fraccionamiento_id=fraccionam1_.id where lote0_.estatus=? and (? is null or (fraccionam1_.id is not null) and fraccionam1_.id=?) and (? is null or (fraccionam1_.id is not null) and (lower(fraccionam1_.ubicacion) like lower(('%'||?||'%')))) order by lote0_.precio_total asc
Hibernate: select lote0_.id as id1_7_, lote0_.area_metros_cuadrados as area_met2_7_, lote0_.coordenadas_geo as coordena3_7_, lote0_.descripcion as descripc4_7_, lote0_.estatus as estatus5_7_, lote0_.fraccionamiento_id as fraccio12_7_, lote0_.imagen_url as imagen_u6_7_, lote0_.manzana as manzana7_7_, lote0_.notas as notas8_7_, lote0_.numero_lote as numero_l9_7_, lote0_.plano_coordinates as plano_c10_7_, lote0_.precio_total as precio_11_7_ from lotes lote0_ left outer join fraccionamientos fraccionam1_ on lote0_.fraccionamiento_id=fraccionam1_.id where lote0_.estatus=? and (? is null or (fraccionam1_.id is not null) and fraccionam1_.id=?) and (? is null or (fraccionam1_.id is not null) and (lower(fraccionam1_.ubicacion) like lower(('%'||?||'%')))) order by lote0_.precio_total asc
2026-02-20 18:56:19.525 TRACE 8472 --- [nio-8080-exec-6] o.h.type.descriptor.sql.BasicBinder      : binding parameter [1] as [VARCHAR] - [DISPONIBLE]
2026-02-20 18:56:19.525 TRACE 8472 --- [nio-8080-exec-6] o.h.type.descriptor.sql.BasicBinder      : binding parameter [2] as [BIGINT] - [null]
2026-02-20 18:56:19.527 TRACE 8472 --- [nio-8080-exec-6] o.h.type.descriptor.sql.BasicBinder      : binding parameter [3] as [BIGINT] - [null]
2026-02-20 18:56:19.527 TRACE 8472 --- [nio-8080-exec-6] o.h.type.descriptor.sql.BasicBinder      : binding parameter [4] as [VARCHAR] - [null]
2026-02-20 18:56:19.527 TRACE 8472 --- [nio-8080-exec-6] o.h.type.descriptor.sql.BasicBinder      : binding parameter [5] as [VARCHAR] - [null]
2026-02-20 18:56:19.531 DEBUG 8472 --- [nio-8080-exec-7] m.m.a.RequestResponseBodyMethodProcessor : Using 'application/json', given [application/json, text/plain, */*] and supported [application/json, application/*+json, application/json, application/*+json]
2026-02-20 18:56:19.533 DEBUG 8472 --- [nio-8080-exec-6] m.m.a.RequestResponseBodyMethodProcessor : Using 'application/json', given [application/json, text/plain, */*] and supported [application/json, application/*+json, application/json, application/*+json]
2026-02-20 18:56:19.534 DEBUG 8472 --- [nio-8080-exec-7] m.m.a.RequestResponseBodyMethodProcessor : Writing [[Fraccionamiento(id=1, nombre=Residencial Las Palmas, ubicacion=Cancún, Quintana Roo, descripcion=Ex (truncated)...]
2026-02-20 18:56:19.534 DEBUG 8472 --- [nio-8080-exec-6] m.m.a.RequestResponseBodyMethodProcessor : Writing [[]]
2026-02-20 18:56:19.703 DEBUG 8472 --- [nio-8080-exec-6] o.s.web.servlet.DispatcherServlet        : Completed 200 OK
2026-02-20 18:56:19.719 DEBUG 8472 --- [nio-8080-exec-7] o.s.web.servlet.DispatcherServlet        : Completed 200 OK
2026-02-20 18:56:26.695 DEBUG 8472 --- [nio-8080-exec-9] s.w.s.m.m.a.RequestMappingHandlerMapping : Mapped to com.casavida.backend.controllers.LoteController#getAvailableLotes(Long, String, String)
2026-02-20 18:56:26.695 DEBUG 8472 --- [nio-8080-exec-3] s.w.s.m.m.a.RequestMappingHandlerMapping : Mapped to com.casavida.backend.controllers.FraccionamientoController#getAllFraccionamientos()
2026-02-20 18:56:26.699 DEBUG 8472 --- [nio-8080-exec-9] o.s.web.servlet.DispatcherServlet        : GET "/api/lotes/public?sortDir=asc", parameters={masked}
2026-02-20 18:56:26.699 DEBUG 8472 --- [nio-8080-exec-3] o.s.web.servlet.DispatcherServlet        : GET "/api/fraccionamientos/public", parameters={}
2026-02-20 18:56:26.701 DEBUG 8472 --- [nio-8080-exec-9] s.w.s.m.m.a.RequestMappingHandlerMapping : Mapped to com.casavida.backend.controllers.LoteController#getAvailableLotes(Long, String, String)
2026-02-20 18:56:26.701 DEBUG 8472 --- [nio-8080-exec-3] s.w.s.m.m.a.RequestMappingHandlerMapping : Mapped to com.casavida.backend.controllers.FraccionamientoController#getAllFraccionamientos()
2026-02-20 18:56:26.703 DEBUG 8472 --- [nio-8080-exec-3] org.hibernate.SQL                        : select fraccionam0_.id as id1_4_, fraccionam0_.coordenadas_geo as coordena2_4_, fraccionam0_.descripcion as descripc3_4_, fraccionam0_.logo_url as logo_url4_4_, fraccionam0_.nombre as nombre5_4_, fraccionam0_.poligono_delimitador as poligono6_4_, fraccionam0_.ubicacion as ubicacio7_4_ from fraccionamientos fraccionam0_
Hibernate: select fraccionam0_.id as id1_4_, fraccionam0_.coordenadas_geo as coordena2_4_, fraccionam0_.descripcion as descripc3_4_, fraccionam0_.logo_url as logo_url4_4_, fraccionam0_.nombre as nombre5_4_, fraccionam0_.poligono_delimitador as poligono6_4_, fraccionam0_.ubicacion as ubicacio7_4_ from fraccionamientos fraccionam0_
2026-02-20 18:56:26.705 DEBUG 8472 --- [nio-8080-exec-3] m.m.a.RequestResponseBodyMethodProcessor : Using 'application/json', given [application/json, text/plain, */*] and supported [application/json, application/*+json, application/json, application/*+json]
2026-02-20 18:56:26.705 DEBUG 8472 --- [nio-8080-exec-3] m.m.a.RequestResponseBodyMethodProcessor : Writing [[Fraccionamiento(id=1, nombre=Residencial Las Palmas, ubicacion=Cancún, Quintana Roo, descripcion=Ex (truncated)...]
2026-02-20 18:56:26.706 DEBUG 8472 --- [nio-8080-exec-3] o.s.web.servlet.DispatcherServlet        : Completed 200 OK
2026-02-20 18:56:26.708 DEBUG 8472 --- [nio-8080-exec-9] org.hibernate.SQL                        : select lote0_.id as id1_7_, lote0_.area_metros_cuadrados as area_met2_7_, lote0_.coordenadas_geo as coordena3_7_, lote0_.descripcion as descripc4_7_, lote0_.estatus as estatus5_7_, lote0_.fraccionamiento_id as fraccio12_7_, lote0_.imagen_url as imagen_u6_7_, lote0_.manzana as manzana7_7_, lote0_.notas as notas8_7_, lote0_.numero_lote as numero_l9_7_, lote0_.plano_coordinates as plano_c10_7_, lote0_.precio_total as precio_11_7_ from lotes lote0_ left outer join fraccionamientos fraccionam1_ on lote0_.fraccionamiento_id=fraccionam1_.id where lote0_.estatus=? and (? is null or (fraccionam1_.id is not null) and fraccionam1_.id=?) and (? is null or (fraccionam1_.id is not null) and (lower(fraccionam1_.ubicacion) like lower(('%'||?||'%')))) order by lote0_.precio_total asc
Hibernate: select lote0_.id as id1_7_, lote0_.area_metros_cuadrados as area_met2_7_, lote0_.coordenadas_geo as coordena3_7_, lote0_.descripcion as descripc4_7_, lote0_.estatus as estatus5_7_, lote0_.fraccionamiento_id as fraccio12_7_, lote0_.imagen_url as imagen_u6_7_, lote0_.manzana as manzana7_7_, lote0_.notas as notas8_7_, lote0_.numero_lote as numero_l9_7_, lote0_.plano_coordinates as plano_c10_7_, lote0_.precio_total as precio_11_7_ from lotes lote0_ left outer join fraccionamientos fraccionam1_ on lote0_.fraccionamiento_id=fraccionam1_.id where lote0_.estatus=? and (? is null or (fraccionam1_.id is not null) and fraccionam1_.id=?) and (? is null or (fraccionam1_.id is not null) and (lower(fraccionam1_.ubicacion) like lower(('%'||?||'%')))) order by lote0_.precio_total asc
2026-02-20 18:56:26.709 TRACE 8472 --- [nio-8080-exec-9] o.h.type.descriptor.sql.BasicBinder      : binding parameter [1] as [VARCHAR] - [DISPONIBLE]
2026-02-20 18:56:26.709 TRACE 8472 --- [nio-8080-exec-9] o.h.type.descriptor.sql.BasicBinder      : binding parameter [2] as [BIGINT] - [null]
2026-02-20 18:56:26.709 TRACE 8472 --- [nio-8080-exec-9] o.h.type.descriptor.sql.BasicBinder      : binding parameter [3] as [BIGINT] - [null]
2026-02-20 18:56:26.710 TRACE 8472 --- [nio-8080-exec-9] o.h.type.descriptor.sql.BasicBinder      : binding parameter [4] as [VARCHAR] - [null]
2026-02-20 18:56:26.710 TRACE 8472 --- [nio-8080-exec-9] o.h.type.descriptor.sql.BasicBinder      : binding parameter [5] as [VARCHAR] - [null]
2026-02-20 18:56:26.712 DEBUG 8472 --- [nio-8080-exec-9] m.m.a.RequestResponseBodyMethodProcessor : Using 'application/json', given [application/json, text/plain, */*] and supported [application/json, application/*+json, application/json, application/*+json]
2026-02-20 18:56:26.713 DEBUG 8472 --- [nio-8080-exec-9] m.m.a.RequestResponseBodyMethodProcessor : Writing [[]]
2026-02-20 18:56:26.714 DEBUG 8472 --- [nio-8080-exec-9] o.s.web.servlet.DispatcherServlet        : Completed 200 OK
2026-02-20 18:56:41.509 DEBUG 8472 --- [nio-8080-exec-2] s.w.s.m.m.a.RequestMappingHandlerMapping : Mapped to com.casavida.backend.controllers.FraccionamientoController#getAllFraccionamientos()
2026-02-20 18:56:41.509 DEBUG 8472 --- [nio-8080-exec-4] s.w.s.m.m.a.RequestMappingHandlerMapping : Mapped to com.casavida.backend.controllers.LoteController#getAvailableLotes(Long, String, String)
2026-02-20 18:56:41.520 DEBUG 8472 --- [nio-8080-exec-2] o.s.web.servlet.DispatcherServlet        : GET "/api/fraccionamientos/public", parameters={}
2026-02-20 18:56:41.520 DEBUG 8472 --- [nio-8080-exec-4] o.s.web.servlet.DispatcherServlet        : GET "/api/lotes/public?sortDir=asc", parameters={masked}
2026-02-20 18:56:41.521 DEBUG 8472 --- [nio-8080-exec-4] s.w.s.m.m.a.RequestMappingHandlerMapping : Mapped to com.casavida.backend.controllers.LoteController#getAvailableLotes(Long, String, String)
2026-02-20 18:56:41.521 DEBUG 8472 --- [nio-8080-exec-2] s.w.s.m.m.a.RequestMappingHandlerMapping : Mapped to com.casavida.backend.controllers.FraccionamientoController#getAllFraccionamientos()
2026-02-20 18:56:41.558 DEBUG 8472 --- [nio-8080-exec-2] org.hibernate.SQL                        : select fraccionam0_.id as id1_4_, fraccionam0_.coordenadas_geo as coordena2_4_, fraccionam0_.descripcion as descripc3_4_, fraccionam0_.logo_url as logo_url4_4_, fraccionam0_.nombre as nombre5_4_, fraccionam0_.poligono_delimitador as poligono6_4_, fraccionam0_.ubicacion as ubicacio7_4_ from fraccionamientos fraccionam0_
Hibernate: select fraccionam0_.id as id1_4_, fraccionam0_.coordenadas_geo as coordena2_4_, fraccionam0_.descripcion as descripc3_4_, fraccionam0_.logo_url as logo_url4_4_, fraccionam0_.nombre as nombre5_4_, fraccionam0_.poligono_delimitador as poligono6_4_, fraccionam0_.ubicacion as ubicacio7_4_ from fraccionamientos fraccionam0_
2026-02-20 18:56:41.572 DEBUG 8472 --- [nio-8080-exec-4] org.hibernate.SQL                        : select lote0_.id as id1_7_, lote0_.area_metros_cuadrados as area_met2_7_, lote0_.coordenadas_geo as coordena3_7_, lote0_.descripcion as descripc4_7_, lote0_.estatus as estatus5_7_, lote0_.fraccionamiento_id as fraccio12_7_, lote0_.imagen_url as imagen_u6_7_, lote0_.manzana as manzana7_7_, lote0_.notas as notas8_7_, lote0_.numero_lote as numero_l9_7_, lote0_.plano_coordinates as plano_c10_7_, lote0_.precio_total as precio_11_7_ from lotes lote0_ left outer join fraccionamientos fraccionam1_ on lote0_.fraccionamiento_id=fraccionam1_.id where lote0_.estatus=? and (? is null or (fraccionam1_.id is not null) and fraccionam1_.id=?) and (? is null or (fraccionam1_.id is not null) and (lower(fraccionam1_.ubicacion) like lower(('%'||?||'%')))) order by lote0_.precio_total asc
Hibernate: select lote0_.id as id1_7_, lote0_.area_metros_cuadrados as area_met2_7_, lote0_.coordenadas_geo as coordena3_7_, lote0_.descripcion as descripc4_7_, lote0_.estatus as estatus5_7_, lote0_.fraccionamiento_id as fraccio12_7_, lote0_.imagen_url as imagen_u6_7_, lote0_.manzana as manzana7_7_, lote0_.notas as notas8_7_, lote0_.numero_lote as numero_l9_7_, lote0_.plano_coordinates as plano_c10_7_, lote0_.precio_total as precio_11_7_ from lotes lote0_ left outer join fraccionamientos fraccionam1_ on lote0_.fraccionamiento_id=fraccionam1_.id where lote0_.estatus=? and (? is null or (fraccionam1_.id is not null) and fraccionam1_.id=?) and (? is null or (fraccionam1_.id is not null) and (lower(fraccionam1_.ubicacion) like lower(('%'||?||'%')))) order by lote0_.precio_total asc
2026-02-20 18:56:41.607 TRACE 8472 --- [nio-8080-exec-4] o.h.type.descriptor.sql.BasicBinder      : binding parameter [1] as [VARCHAR] - [DISPONIBLE]
2026-02-20 18:56:41.608 TRACE 8472 --- [nio-8080-exec-4] o.h.type.descriptor.sql.BasicBinder      : binding parameter [2] as [BIGINT] - [null]
2026-02-20 18:56:41.608 TRACE 8472 --- [nio-8080-exec-4] o.h.type.descriptor.sql.BasicBinder      : binding parameter [3] as [BIGINT] - [null]
2026-02-20 18:56:41.608 TRACE 8472 --- [nio-8080-exec-4] o.h.type.descriptor.sql.BasicBinder      : binding parameter [4] as [VARCHAR] - [null]
2026-02-20 18:56:41.608 TRACE 8472 --- [nio-8080-exec-4] o.h.type.descriptor.sql.BasicBinder      : binding parameter [5] as [VARCHAR] - [null]
2026-02-20 18:56:41.634 DEBUG 8472 --- [nio-8080-exec-4] m.m.a.RequestResponseBodyMethodProcessor : Using 'application/json', given [application/json, text/plain, */*] and supported [application/json, application/*+json, application/json, application/*+json]
2026-02-20 18:56:41.635 DEBUG 8472 --- [nio-8080-exec-2] m.m.a.RequestResponseBodyMethodProcessor : Using 'application/json', given [application/json, text/plain, */*] and supported [application/json, application/*+json, application/json, application/*+json]
2026-02-20 18:56:41.636 DEBUG 8472 --- [nio-8080-exec-4] m.m.a.RequestResponseBodyMethodProcessor : Writing [[]]
2026-02-20 18:56:41.637 DEBUG 8472 --- [nio-8080-exec-2] m.m.a.RequestResponseBodyMethodProcessor : Writing [[Fraccionamiento(id=1, nombre=Residencial Las Palmas, ubicacion=Cancún, Quintana Roo, descripcion=Ex (truncated)...]
2026-02-20 18:56:41.642 DEBUG 8472 --- [nio-8080-exec-2] o.s.web.servlet.DispatcherServlet        : Completed 200 OK
2026-02-20 18:56:41.648 DEBUG 8472 --- [nio-8080-exec-4] o.s.web.servlet.DispatcherServlet        : Completed 200 OK
2026-02-20 18:57:01.380 DEBUG 8472 --- [nio-8080-exec-8] s.w.s.m.m.a.RequestMappingHandlerMapping : Mapped to com.casavida.backend.controllers.FraccionamientoController#getAllFraccionamientos()
2026-02-20 18:57:01.387 DEBUG 8472 --- [nio-8080-exec-8] o.s.web.servlet.DispatcherServlet        : GET "/api/fraccionamientos/public", parameters={}
2026-02-20 18:57:01.391 DEBUG 8472 --- [nio-8080-exec-8] s.w.s.m.m.a.RequestMappingHandlerMapping : Mapped to com.casavida.backend.controllers.FraccionamientoController#getAllFraccionamientos()
2026-02-20 18:57:01.391 DEBUG 8472 --- [nio-8080-exec-1] s.w.s.m.m.a.RequestMappingHandlerMapping : Mapped to com.casavida.backend.controllers.LoteController#getAvailableLotes(Long, String, String)
2026-02-20 18:57:01.392 DEBUG 8472 --- [nio-8080-exec-1] o.s.web.servlet.DispatcherServlet        : GET "/api/lotes/public?sortDir=asc", parameters={masked}
2026-02-20 18:57:01.392 DEBUG 8472 --- [nio-8080-exec-1] s.w.s.m.m.a.RequestMappingHandlerMapping : Mapped to com.casavida.backend.controllers.LoteController#getAvailableLotes(Long, String, String)
2026-02-20 18:57:01.394 DEBUG 8472 --- [nio-8080-exec-8] org.hibernate.SQL                        : select fraccionam0_.id as id1_4_, fraccionam0_.coordenadas_geo as coordena2_4_, fraccionam0_.descripcion as descripc3_4_, fraccionam0_.logo_url as logo_url4_4_, fraccionam0_.nombre as nombre5_4_, fraccionam0_.poligono_delimitador as poligono6_4_, fraccionam0_.ubicacion as ubicacio7_4_ from fraccionamientos fraccionam0_
Hibernate: select fraccionam0_.id as id1_4_, fraccionam0_.coordenadas_geo as coordena2_4_, fraccionam0_.descripcion as descripc3_4_, fraccionam0_.logo_url as logo_url4_4_, fraccionam0_.nombre as nombre5_4_, fraccionam0_.poligono_delimitador as poligono6_4_, fraccionam0_.ubicacion as ubicacio7_4_ from fraccionamientos fraccionam0_
2026-02-20 18:57:01.397 DEBUG 8472 --- [nio-8080-exec-1] org.hibernate.SQL                        : select lote0_.id as id1_7_, lote0_.area_metros_cuadrados as area_met2_7_, lote0_.coordenadas_geo as coordena3_7_, lote0_.descripcion as descripc4_7_, lote0_.estatus as estatus5_7_, lote0_.fraccionamiento_id as fraccio12_7_, lote0_.imagen_url as imagen_u6_7_, lote0_.manzana as manzana7_7_, lote0_.notas as notas8_7_, lote0_.numero_lote as numero_l9_7_, lote0_.plano_coordinates as plano_c10_7_, lote0_.precio_total as precio_11_7_ from lotes lote0_ left outer join fraccionamientos fraccionam1_ on lote0_.fraccionamiento_id=fraccionam1_.id where lote0_.estatus=? and (? is null or (fraccionam1_.id is not null) and fraccionam1_.id=?) and (? is null or (fraccionam1_.id is not null) and (lower(fraccionam1_.ubicacion) like lower(('%'||?||'%')))) order by lote0_.precio_total asc
Hibernate: select lote0_.id as id1_7_, lote0_.area_metros_cuadrados as area_met2_7_, lote0_.coordenadas_geo as coordena3_7_, lote0_.descripcion as descripc4_7_, lote0_.estatus as estatus5_7_, lote0_.fraccionamiento_id as fraccio12_7_, lote0_.imagen_url as imagen_u6_7_, lote0_.manzana as manzana7_7_, lote0_.notas as notas8_7_, lote0_.numero_lote as numero_l9_7_, lote0_.plano_coordinates as plano_c10_7_, lote0_.precio_total as precio_11_7_ from lotes lote0_ left outer join fraccionamientos fraccionam1_ on lote0_.fraccionamiento_id=fraccionam1_.id where lote0_.estatus=? and (? is null or (fraccionam1_.id is not null) and fraccionam1_.id=?) and (? is null or (fraccionam1_.id is not null) and (lower(fraccionam1_.ubicacion) like lower(('%'||?||'%')))) order by lote0_.precio_total asc
2026-02-20 18:57:01.398 DEBUG 8472 --- [nio-8080-exec-8] m.m.a.RequestResponseBodyMethodProcessor : Using 'application/json', given [application/json, text/plain, */*] and supported [application/json, application/*+json, application/json, application/*+json]
2026-02-20 18:57:01.399 DEBUG 8472 --- [nio-8080-exec-8] m.m.a.RequestResponseBodyMethodProcessor : Writing [[Fraccionamiento(id=1, nombre=Residencial Las Palmas, ubicacion=Cancún, Quintana Roo, descripcion=Ex (truncated)...]
2026-02-20 18:57:01.403 DEBUG 8472 --- [nio-8080-exec-8] o.s.web.servlet.DispatcherServlet        : Completed 200 OK
2026-02-20 18:57:01.403 TRACE 8472 --- [nio-8080-exec-1] o.h.type.descriptor.sql.BasicBinder      : binding parameter [1] as [VARCHAR] - [DISPONIBLE]
2026-02-20 18:57:01.404 TRACE 8472 --- [nio-8080-exec-1] o.h.type.descriptor.sql.BasicBinder      : binding parameter [2] as [BIGINT] - [null]
2026-02-20 18:57:01.404 TRACE 8472 --- [nio-8080-exec-1] o.h.type.descriptor.sql.BasicBinder      : binding parameter [3] as [BIGINT] - [null]
2026-02-20 18:57:01.404 TRACE 8472 --- [nio-8080-exec-1] o.h.type.descriptor.sql.BasicBinder      : binding parameter [4] as [VARCHAR] - [null]
2026-02-20 18:57:01.404 TRACE 8472 --- [nio-8080-exec-1] o.h.type.descriptor.sql.BasicBinder      : binding parameter [5] as [VARCHAR] - [null]
2026-02-20 18:57:01.408 DEBUG 8472 --- [nio-8080-exec-1] m.m.a.RequestResponseBodyMethodProcessor : Using 'application/json', given [application/json, text/plain, */*] and supported [application/json, application/*+json, application/json, application/*+json]
2026-02-20 18:57:01.409 DEBUG 8472 --- [nio-8080-exec-1] m.m.a.RequestResponseBodyMethodProcessor : Writing [[]]
2026-02-20 18:57:01.411 DEBUG 8472 --- [nio-8080-exec-1] o.s.web.servlet.DispatcherServlet        : Completed 200 OK
2026-02-20 19:00:26.684 DEBUG 8472 --- [nio-8080-exec-7] s.w.s.m.m.a.RequestMappingHandlerMapping : Mapped to com.casavida.backend.controllers.LoteController#getAvailableLotes(Long, String, String)
2026-02-20 19:00:26.684 DEBUG 8472 --- [nio-8080-exec-6] s.w.s.m.m.a.RequestMappingHandlerMapping : Mapped to com.casavida.backend.controllers.FraccionamientoController#getAllFraccionamientos()
2026-02-20 19:00:26.730 DEBUG 8472 --- [nio-8080-exec-6] o.s.web.servlet.DispatcherServlet        : GET "/api/fraccionamientos/public", parameters={}
2026-02-20 19:00:26.732 DEBUG 8472 --- [nio-8080-exec-7] o.s.web.servlet.DispatcherServlet        : GET "/api/lotes/public?sortDir=asc", parameters={masked}
2026-02-20 19:00:26.735 DEBUG 8472 --- [nio-8080-exec-6] s.w.s.m.m.a.RequestMappingHandlerMapping : Mapped to com.casavida.backend.controllers.FraccionamientoController#getAllFraccionamientos()
2026-02-20 19:00:26.735 DEBUG 8472 --- [nio-8080-exec-7] s.w.s.m.m.a.RequestMappingHandlerMapping : Mapped to com.casavida.backend.controllers.LoteController#getAvailableLotes(Long, String, String)
2026-02-20 19:00:26.782 DEBUG 8472 --- [nio-8080-exec-6] org.hibernate.SQL                        : select fraccionam0_.id as id1_4_, fraccionam0_.coordenadas_geo as coordena2_4_, fraccionam0_.descripcion as descripc3_4_, fraccionam0_.logo_url as logo_url4_4_, fraccionam0_.nombre as nombre5_4_, fraccionam0_.poligono_delimitador as poligono6_4_, fraccionam0_.ubicacion as ubicacio7_4_ from fraccionamientos fraccionam0_
2026-02-20 19:00:26.782 DEBUG 8472 --- [nio-8080-exec-7] org.hibernate.SQL                        : select lote0_.id as id1_7_, lote0_.area_metros_cuadrados as area_met2_7_, lote0_.coordenadas_geo as coordena3_7_, lote0_.descripcion as descripc4_7_, lote0_.estatus as estatus5_7_, lote0_.fraccionamiento_id as fraccio12_7_, lote0_.imagen_url as imagen_u6_7_, lote0_.manzana as manzana7_7_, lote0_.notas as notas8_7_, lote0_.numero_lote as numero_l9_7_, lote0_.plano_coordinates as plano_c10_7_, lote0_.precio_total as precio_11_7_ from lotes lote0_ left outer join fraccionamientos fraccionam1_ on lote0_.fraccionamiento_id=fraccionam1_.id where lote0_.estatus=? and (? is null or (fraccionam1_.id is not null) and fraccionam1_.id=?) and (? is null or (fraccionam1_.id is not null) and (lower(fraccionam1_.ubicacion) like lower(('%'||?||'%')))) order by lote0_.precio_total asc
Hibernate: select lote0_.id as id1_7_, lote0_.area_metros_cuadrados as area_met2_7_, lote0_.coordenadas_geo as coordena3_7_, lote0_.descripcion as descripc4_7_, lote0_.estatus as estatus5_7_, lote0_.fraccionamiento_id as fraccio12_7_, lote0_.imagen_url as imagen_u6_7_, lote0_.manzana as manzana7_7_, lote0_.notas as notas8_7_, lote0_.numero_lote as numero_l9_7_, lote0_.plano_coordinates as plano_c10_7_, lote0_.precio_total as precio_11_7_ from lotes lote0_ left outer join fraccionamientos fraccionam1_ on lote0_.fraccionamiento_id=fraccionam1_.id where lote0_.estatus=? and (? is null or (fraccionam1_.id is not null) and fraccionam1_.id=?) and (? is null or (fraccionam1_.id is not null) and (lower(fraccionam1_.ubicacion) like lower(('%'||?||'%')))) order by lote0_.precio_total asc
Hibernate: select fraccionam0_.id as id1_4_, fraccionam0_.coordenadas_geo as coordena2_4_, fraccionam0_.descripcion as descripc3_4_, fraccionam0_.logo_url as logo_url4_4_, fraccionam0_.nombre as nombre5_4_, fraccionam0_.poligono_delimitador as poligono6_4_, fraccionam0_.ubicacion as ubicacio7_4_ from fraccionamientos fraccionam0_
2026-02-20 19:00:26.796 TRACE 8472 --- [nio-8080-exec-7] o.h.type.descriptor.sql.BasicBinder      : binding parameter [1] as [VARCHAR] - [DISPONIBLE]
2026-02-20 19:00:26.798 TRACE 8472 --- [nio-8080-exec-7] o.h.type.descriptor.sql.BasicBinder      : binding parameter [2] as [BIGINT] - [null]
2026-02-20 19:00:26.799 TRACE 8472 --- [nio-8080-exec-7] o.h.type.descriptor.sql.BasicBinder      : binding parameter [3] as [BIGINT] - [null]
2026-02-20 19:00:26.799 TRACE 8472 --- [nio-8080-exec-7] o.h.type.descriptor.sql.BasicBinder      : binding parameter [4] as [VARCHAR] - [null]
2026-02-20 19:00:26.799 TRACE 8472 --- [nio-8080-exec-7] o.h.type.descriptor.sql.BasicBinder      : binding parameter [5] as [VARCHAR] - [null]
2026-02-20 19:00:26.867 DEBUG 8472 --- [nio-8080-exec-6] m.m.a.RequestResponseBodyMethodProcessor : Using 'application/json', given [application/json, text/plain, */*] and supported [application/json, application/*+json, application/json, application/*+json]
2026-02-20 19:00:26.867 DEBUG 8472 --- [nio-8080-exec-7] m.m.a.RequestResponseBodyMethodProcessor : Using 'application/json', given [application/json, text/plain, */*] and supported [application/json, application/*+json, application/json, application/*+json]
2026-02-20 19:00:26.868 DEBUG 8472 --- [nio-8080-exec-7] m.m.a.RequestResponseBodyMethodProcessor : Writing [[]]
2026-02-20 19:00:26.868 DEBUG 8472 --- [nio-8080-exec-6] m.m.a.RequestResponseBodyMethodProcessor : Writing [[Fraccionamiento(id=1, nombre=Residencial Las Palmas, ubicacion=Cancún, Quintana Roo, descripcion=Ex (truncated)...]
2026-02-20 19:00:26.881 DEBUG 8472 --- [nio-8080-exec-7] o.s.web.servlet.DispatcherServlet        : Completed 200 OK
2026-02-20 19:00:26.881 DEBUG 8472 --- [nio-8080-exec-6] o.s.web.servlet.DispatcherServlet        : Completed 200 OK
2026-02-20 19:00:31.962 DEBUG 8472 --- [nio-8080-exec-3] s.w.s.m.m.a.RequestMappingHandlerMapping : Mapped to com.casavida.backend.controllers.AuthController#authenticateUser(LoginRequest)
2026-02-20 19:00:31.965 DEBUG 8472 --- [nio-8080-exec-3] o.s.web.servlet.DispatcherServlet        : POST "/api/auth/signin", parameters={}
2026-02-20 19:00:31.965 DEBUG 8472 --- [nio-8080-exec-3] s.w.s.m.m.a.RequestMappingHandlerMapping : Mapped to com.casavida.backend.controllers.AuthController#authenticateUser(LoginRequest)
2026-02-20 19:00:31.990 DEBUG 8472 --- [nio-8080-exec-3] m.m.a.RequestResponseBodyMethodProcessor : Read "application/json;charset=UTF-8" to [com.casavida.backend.payload.request.LoginRequest@75fa857a]
2026-02-20 19:00:32.010 DEBUG 8472 --- [nio-8080-exec-3] org.hibernate.SQL                        : select user0_.id as id1_15_, user0_.created_at as created_2_15_, user0_.email as email3_15_, user0_.password as password4_15_, user0_.username as username5_15_ from users user0_ where user0_.username=?
Hibernate: select user0_.id as id1_15_, user0_.created_at as created_2_15_, user0_.email as email3_15_, user0_.password as password4_15_, user0_.username as username5_15_ from users user0_ where user0_.username=?
2026-02-20 19:00:32.014 TRACE 8472 --- [nio-8080-exec-3] o.h.type.descriptor.sql.BasicBinder      : binding parameter [1] as [VARCHAR] - [admin]
2026-02-20 19:00:32.032 DEBUG 8472 --- [nio-8080-exec-3] org.hibernate.SQL                        : select roles0_.user_id as user_id1_14_0_, roles0_.role_id as role_id2_14_0_, role1_.id as id1_13_1_, role1_.name as name2_13_1_ from user_roles roles0_ inner join roles role1_ on roles0_.role_id=role1_.id where roles0_.user_id=?
Hibernate: select roles0_.user_id as user_id1_14_0_, roles0_.role_id as role_id2_14_0_, role1_.id as id1_13_1_, role1_.name as name2_13_1_ from user_roles roles0_ inner join roles role1_ on roles0_.role_id=role1_.id where roles0_.user_id=?
2026-02-20 19:00:32.032 TRACE 8472 --- [nio-8080-exec-3] o.h.type.descriptor.sql.BasicBinder      : binding parameter [1] as [BIGINT] - [1]
2026-02-20 19:00:32.238 DEBUG 8472 --- [nio-8080-exec-3] o.s.w.s.m.m.a.HttpEntityMethodProcessor  : Using 'application/json', given [application/json, text/plain, */*] and supported [application/json, application/*+json, application/json, application/*+json]
2026-02-20 19:00:32.240 DEBUG 8472 --- [nio-8080-exec-3] o.s.w.s.m.m.a.HttpEntityMethodProcessor  : Writing [com.casavida.backend.payload.response.JwtResponse@3e2e2b93]
2026-02-20 19:00:32.241 DEBUG 8472 --- [nio-8080-exec-3] o.s.web.servlet.DispatcherServlet        : Completed 200 OK
2026-02-20 19:00:32.788 DEBUG 8472 --- [nio-8080-exec-2] s.w.s.m.m.a.RequestMappingHandlerMapping : Mapped to com.casavida.backend.controllers.FraccionamientoController#getAllFraccionamientos()
2026-02-20 19:00:32.790 DEBUG 8472 --- [nio-8080-exec-4] s.w.s.m.m.a.RequestMappingHandlerMapping : Mapped to com.casavida.backend.controllers.LoteController#getAvailableLotes(Long, String, String)
2026-02-20 19:00:32.811 DEBUG 8472 --- [nio-8080-exec-2] org.hibernate.SQL                        : select user0_.id as id1_15_, user0_.created_at as created_2_15_, user0_.email as email3_15_, user0_.password as password4_15_, user0_.username as username5_15_ from users user0_ where user0_.username=?
Hibernate: select user0_.id as id1_15_, user0_.created_at as created_2_15_, user0_.email as email3_15_, user0_.password as password4_15_, user0_.username as username5_15_ from users user0_ where user0_.username=?
2026-02-20 19:00:32.812 DEBUG 8472 --- [nio-8080-exec-4] org.hibernate.SQL                        : select user0_.id as id1_15_, user0_.created_at as created_2_15_, user0_.email as email3_15_, user0_.password as password4_15_, user0_.username as username5_15_ from users user0_ where user0_.username=?
2026-02-20 19:00:32.812 TRACE 8472 --- [nio-8080-exec-2] o.h.type.descriptor.sql.BasicBinder      : binding parameter [1] as [VARCHAR] - [admin]
Hibernate: select user0_.id as id1_15_, user0_.created_at as created_2_15_, user0_.email as email3_15_, user0_.password as password4_15_, user0_.username as username5_15_ from users user0_ where user0_.username=?
2026-02-20 19:00:32.812 TRACE 8472 --- [nio-8080-exec-4] o.h.type.descriptor.sql.BasicBinder      : binding parameter [1] as [VARCHAR] - [admin]
2026-02-20 19:00:32.813 DEBUG 8472 --- [nio-8080-exec-2] org.hibernate.SQL                        : select roles0_.user_id as user_id1_14_0_, roles0_.role_id as role_id2_14_0_, role1_.id as id1_13_1_, role1_.name as name2_13_1_ from user_roles roles0_ inner join roles role1_ on roles0_.role_id=role1_.id where roles0_.user_id=?
2026-02-20 19:00:32.813 DEBUG 8472 --- [nio-8080-exec-4] org.hibernate.SQL                        : select roles0_.user_id as user_id1_14_0_, roles0_.role_id as role_id2_14_0_, role1_.id as id1_13_1_, role1_.name as name2_13_1_ from user_roles roles0_ inner join roles role1_ on roles0_.role_id=role1_.id where roles0_.user_id=?
Hibernate: select roles0_.user_id as user_id1_14_0_, roles0_.role_id as role_id2_14_0_, role1_.id as id1_13_1_, role1_.name as name2_13_1_ from user_roles roles0_ inner join roles role1_ on roles0_.role_id=role1_.id where roles0_.user_id=?
Hibernate: select roles0_.user_id as user_id1_14_0_, roles0_.role_id as role_id2_14_0_, role1_.id as id1_13_1_, role1_.name as name2_13_1_ from user_roles roles0_ inner join roles role1_ on roles0_.role_id=role1_.id where roles0_.user_id=?
2026-02-20 19:00:32.813 TRACE 8472 --- [nio-8080-exec-4] o.h.type.descriptor.sql.BasicBinder      : binding parameter [1] as [BIGINT] - [1]
2026-02-20 19:00:32.813 TRACE 8472 --- [nio-8080-exec-2] o.h.type.descriptor.sql.BasicBinder      : binding parameter [1] as [BIGINT] - [1]
2026-02-20 19:00:32.815 DEBUG 8472 --- [nio-8080-exec-2] o.s.web.servlet.DispatcherServlet        : GET "/api/fraccionamientos/public", parameters={}
2026-02-20 19:00:32.816 DEBUG 8472 --- [nio-8080-exec-2] s.w.s.m.m.a.RequestMappingHandlerMapping : Mapped to com.casavida.backend.controllers.FraccionamientoController#getAllFraccionamientos()
2026-02-20 19:00:32.816 DEBUG 8472 --- [nio-8080-exec-4] o.s.web.servlet.DispatcherServlet        : GET "/api/lotes/public?sortDir=asc", parameters={masked}
2026-02-20 19:00:32.816 DEBUG 8472 --- [nio-8080-exec-4] s.w.s.m.m.a.RequestMappingHandlerMapping : Mapped to com.casavida.backend.controllers.LoteController#getAvailableLotes(Long, String, String)
2026-02-20 19:00:32.817 DEBUG 8472 --- [nio-8080-exec-2] org.hibernate.SQL                        : select fraccionam0_.id as id1_4_, fraccionam0_.coordenadas_geo as coordena2_4_, fraccionam0_.descripcion as descripc3_4_, fraccionam0_.logo_url as logo_url4_4_, fraccionam0_.nombre as nombre5_4_, fraccionam0_.poligono_delimitador as poligono6_4_, fraccionam0_.ubicacion as ubicacio7_4_ from fraccionamientos fraccionam0_
Hibernate: select fraccionam0_.id as id1_4_, fraccionam0_.coordenadas_geo as coordena2_4_, fraccionam0_.descripcion as descripc3_4_, fraccionam0_.logo_url as logo_url4_4_, fraccionam0_.nombre as nombre5_4_, fraccionam0_.poligono_delimitador as poligono6_4_, fraccionam0_.ubicacion as ubicacio7_4_ from fraccionamientos fraccionam0_
2026-02-20 19:00:32.819 DEBUG 8472 --- [nio-8080-exec-4] org.hibernate.SQL                        : select lote0_.id as id1_7_, lote0_.area_metros_cuadrados as area_met2_7_, lote0_.coordenadas_geo as coordena3_7_, lote0_.descripcion as descripc4_7_, lote0_.estatus as estatus5_7_, lote0_.fraccionamiento_id as fraccio12_7_, lote0_.imagen_url as imagen_u6_7_, lote0_.manzana as manzana7_7_, lote0_.notas as notas8_7_, lote0_.numero_lote as numero_l9_7_, lote0_.plano_coordinates as plano_c10_7_, lote0_.precio_total as precio_11_7_ from lotes lote0_ left outer join fraccionamientos fraccionam1_ on lote0_.fraccionamiento_id=fraccionam1_.id where lote0_.estatus=? and (? is null or (fraccionam1_.id is not null) and fraccionam1_.id=?) and (? is null or (fraccionam1_.id is not null) and (lower(fraccionam1_.ubicacion) like lower(('%'||?||'%')))) order by lote0_.precio_total asc
Hibernate: select lote0_.id as id1_7_, lote0_.area_metros_cuadrados as area_met2_7_, lote0_.coordenadas_geo as coordena3_7_, lote0_.descripcion as descripc4_7_, lote0_.estatus as estatus5_7_, lote0_.fraccionamiento_id as fraccio12_7_, lote0_.imagen_url as imagen_u6_7_, lote0_.manzana as manzana7_7_, lote0_.notas as notas8_7_, lote0_.numero_lote as numero_l9_7_, lote0_.plano_coordinates as plano_c10_7_, lote0_.precio_total as precio_11_7_ from lotes lote0_ left outer join fraccionamientos fraccionam1_ on lote0_.fraccionamiento_id=fraccionam1_.id where lote0_.estatus=? and (? is null or (fraccionam1_.id is not null) and fraccionam1_.id=?) and (? is null or (fraccionam1_.id is not null) and (lower(fraccionam1_.ubicacion) like lower(('%'||?||'%')))) order by lote0_.precio_total asc
2026-02-20 19:00:32.819 TRACE 8472 --- [nio-8080-exec-4] o.h.type.descriptor.sql.BasicBinder      : binding parameter [1] as [VARCHAR] - [DISPONIBLE]
2026-02-20 19:00:32.819 TRACE 8472 --- [nio-8080-exec-4] o.h.type.descriptor.sql.BasicBinder      : binding parameter [2] as [BIGINT] - [null]
2026-02-20 19:00:32.819 TRACE 8472 --- [nio-8080-exec-4] o.h.type.descriptor.sql.BasicBinder      : binding parameter [3] as [BIGINT] - [null]
2026-02-20 19:00:32.819 TRACE 8472 --- [nio-8080-exec-4] o.h.type.descriptor.sql.BasicBinder      : binding parameter [4] as [VARCHAR] - [null]
2026-02-20 19:00:32.819 TRACE 8472 --- [nio-8080-exec-4] o.h.type.descriptor.sql.BasicBinder      : binding parameter [5] as [VARCHAR] - [null]
2026-02-20 19:00:32.820 DEBUG 8472 --- [nio-8080-exec-2] m.m.a.RequestResponseBodyMethodProcessor : Using 'application/json', given [application/json, text/plain, */*] and supported [application/json, application/*+json, application/json, application/*+json]
2026-02-20 19:00:32.821 DEBUG 8472 --- [nio-8080-exec-2] m.m.a.RequestResponseBodyMethodProcessor : Writing [[Fraccionamiento(id=1, nombre=Residencial Las Palmas, ubicacion=Cancún, Quintana Roo, descripcion=Ex (truncated)...]
2026-02-20 19:00:32.823 DEBUG 8472 --- [nio-8080-exec-2] o.s.web.servlet.DispatcherServlet        : Completed 200 OK
2026-02-20 19:00:32.827 DEBUG 8472 --- [nio-8080-exec-4] m.m.a.RequestResponseBodyMethodProcessor : Using 'application/json', given [application/json, text/plain, */*] and supported [application/json, application/*+json, application/json, application/*+json]
2026-02-20 19:00:32.828 DEBUG 8472 --- [nio-8080-exec-4] m.m.a.RequestResponseBodyMethodProcessor : Writing [[]]
2026-02-20 19:00:32.831 DEBUG 8472 --- [nio-8080-exec-4] o.s.web.servlet.DispatcherServlet        : Completed 200 OK
2026-02-20 19:00:32.868 DEBUG 8472 --- [nio-8080-exec-9] o.s.w.s.handler.SimpleUrlHandlerMapping  : Mapped to ResourceHttpRequestHandler [classpath [META-INF/resources/], classpath [resources/], classpath [static/], classpath [public/], ServletContext [/]]
2026-02-20 19:00:32.901 DEBUG 8472 --- [nio-8080-exec-9] org.hibernate.SQL                        : select user0_.id as id1_15_, user0_.created_at as created_2_15_, user0_.email as email3_15_, user0_.password as password4_15_, user0_.username as username5_15_ from users user0_ where user0_.username=?
Hibernate: select user0_.id as id1_15_, user0_.created_at as created_2_15_, user0_.email as email3_15_, user0_.password as password4_15_, user0_.username as username5_15_ from users user0_ where user0_.username=?
2026-02-20 19:00:32.901 TRACE 8472 --- [nio-8080-exec-9] o.h.type.descriptor.sql.BasicBinder      : binding parameter [1] as [VARCHAR] - [admin]
2026-02-20 19:00:32.902 DEBUG 8472 --- [nio-8080-exec-9] org.hibernate.SQL                        : select roles0_.user_id as user_id1_14_0_, roles0_.role_id as role_id2_14_0_, role1_.id as id1_13_1_, role1_.name as name2_13_1_ from user_roles roles0_ inner join roles role1_ on roles0_.role_id=role1_.id where roles0_.user_id=?
Hibernate: select roles0_.user_id as user_id1_14_0_, roles0_.role_id as role_id2_14_0_, role1_.id as id1_13_1_, role1_.name as name2_13_1_ from user_roles roles0_ inner join roles role1_ on roles0_.role_id=role1_.id where roles0_.user_id=?
2026-02-20 19:00:32.902 TRACE 8472 --- [nio-8080-exec-9] o.h.type.descriptor.sql.BasicBinder      : binding parameter [1] as [BIGINT] - [1]
2026-02-20 19:00:32.908 DEBUG 8472 --- [nio-8080-exec-9] o.s.web.servlet.DispatcherServlet        : GET "/api/mensajes/unread-count", parameters={}
2026-02-20 19:00:32.909 DEBUG 8472 --- [nio-8080-exec-9] o.s.w.s.handler.SimpleUrlHandlerMapping  : Mapped to ResourceHttpRequestHandler [classpath [META-INF/resources/], classpath [resources/], classpath [static/], classpath [public/], ServletContext [/]]
2026-02-20 19:00:33.249 DEBUG 8472 --- [nio-8080-exec-9] o.s.w.s.r.ResourceHttpRequestHandler     : Resource not found
2026-02-20 19:00:33.250 DEBUG 8472 --- [nio-8080-exec-9] o.s.web.servlet.DispatcherServlet        : Completed 404 NOT_FOUND
2026-02-20 19:00:33.256 DEBUG 8472 --- [nio-8080-exec-9] o.s.web.servlet.DispatcherServlet        : "ERROR" dispatch for GET "/error", parameters={}
2026-02-20 19:00:33.258 DEBUG 8472 --- [nio-8080-exec-9] s.w.s.m.m.a.RequestMappingHandlerMapping : Mapped to org.springframework.boot.autoconfigure.web.servlet.error.BasicErrorController#error(HttpServletRequest)
2026-02-20 19:00:33.259 DEBUG 8472 --- [nio-8080-exec-9] o.s.w.s.m.m.a.HttpEntityMethodProcessor  : Using 'application/json', given [application/json, text/plain, */*] and supported [application/json, application/*+json, application/json, application/*+json]
2026-02-20 19:00:33.260 DEBUG 8472 --- [nio-8080-exec-9] o.s.w.s.m.m.a.HttpEntityMethodProcessor  : Writing [{timestamp=Fri Feb 20 19:00:33 CST 2026, status=404, error=Not Found, path=/api/mensajes/unread-coun (truncated)...]
2026-02-20 19:00:33.315 DEBUG 8472 --- [nio-8080-exec-9] o.s.web.servlet.DispatcherServlet        : Exiting from "ERROR" dispatch, status 404
[INFO] ------------------------------------------------------------------------
[INFO] BUILD FAILURE
[INFO] ------------------------------------------------------------------------
[INFO] Total time:  01:24 h
[INFO] Finished at: 2026-02-20T19:00:51-06:00
[INFO] ------------------------------------------------------------------------
[ERROR] Failed to execute goal org.springframework.boot:spring-boot-maven-plugin:2.7.18:run (default-cli) on project backend: Application finished with exit code: 137 -> [Help 1]
[ERROR] 
[ERROR] To see the full stack trace of the errors, re-run Maven with the -e switch.
[ERROR] Re-run Maven using the -X switch to enable full debug logging.
[ERROR] 
[ERROR] For more information about the errors and possible solutions, please read the following articles:
[ERROR] [Help 1] http://cwiki.apache.org/confluence/display/MAVEN/MojoExecutionException
